video_name,label,success,absdiff_std,bvp_std,d3_temporal_score,highfreq_score,patch_corr_mean,patch_signal_std_mean,pseudo_snr_db
id0_id16_0001.mp4,fake,True,0.02398794278481937,0.0978175624509178,1.9676530361175537,0.0074073816649615765,0.2730728335093118,0.18255158109548125,-4.453906026846156
id0_id16_0002.mp4,fake,True,0.02060137386901252,0.08098671018999792,1.8648399114608765,0.014920912683010101,0.1673757660502589,0.20526236546831125,-4.420906395349335
id0_id16_0003.mp4,fake,True,0.020386648219214806,0.07246735636306158,3.469291925430298,0.01133209839463234,0.11802914381930445,0.21151702300869962,-4.9668660328169985
id0_id16_0004.mp4,fake,True,0.03451975889082608,0.10714169472037889,3.10998797416687,0.014706372283399105,0.17417255707885704,0.24733388140803614,-7.455022644343416
id0_id16_0005.mp4,fake,True,0.02728863004532615,0.09407745928704772,2.5517828464508057,0.01573934033513069,0.22382132612336836,0.24450590918230633,-2.720173161067339
id0_id16_0006.mp4,fake,True,0.02343684571016896,0.08206474950250614,2.485873222351074,0.009315738454461098,0.22837631056412946,0.16152728877829686,-5.349701046251278
id0_id16_0007.mp4,fake,True,0.026527388852721514,0.1087455483833461,3.3977243900299072,0.013518265448510647,0.20012981587169631,0.2548571589488379,-7.377401746634455
id0_id16_0008.mp4,fake,True,0.02716512697849152,0.12919247983216411,3.009185791015625,0.026490498334169388,0.1942680892029207,0.31923219729048286,-3.86297317170927
id0_id16_0009.mp4,fake,True,0.03190346908180029,0.1152656839443493,3.2080960273742676,0.01020183227956295,0.21718473347906356,0.24760704986011794,-6.4550958866724955
id0_id17_0000.mp4,fake,True,0.03717953554207437,0.13928798670294928,2.7425193786621094,0.012929408811032772,0.17125932688939824,0.3266239779750402,-4.340905922851367
id0_id17_0001.mp4,fake,True,0.03151624162481545,0.1234198321163149,2.384859561920166,0.007502891588956118,0.28093931110182657,0.22154566978042126,-6.31352693791324
id0_id17_0002.mp4,fake,True,0.024727725739331786,0.09146409391247315,1.5245296955108643,0.014956903643906116,0.18123445771886226,0.23776373922312777,-2.671590632106859
id0_id17_0003.mp4,fake,True,0.02725359789672849,0.10637509363357742,3.2373878955841064,0.011516750790178776,0.15022356831651465,0.24992425278006006,-7.94802642723519
id0_id17_0005.mp4,fake,True,0.0638059563437474,0.19961246727886067,2.7275023460388184,0.015886982902884483,0.26297784745641306,0.33890991990475294,-7.093989009814191
id0_id17_0006.mp4,fake,True,0.02438614816915552,0.07702103463372595,1.9691625833511353,0.00929279625415802,0.1953059519241598,0.17075837536049776,-4.976735929637977
id0_id17_0007.mp4,fake,True,0.031022347004291684,0.11668199614400701,3.3197293281555176,0.013500260189175606,0.12348782571640882,0.36293833905067935,-4.584695787225333
id0_id17_0009.mp4,fake,True,0.03131732853203042,0.12897723291311394,3.821147918701172,0.010292545892298222,0.23003927074382605,0.24201877040502515,-6.528789543678505
id0_id1_0000.mp4,fake,True,0.0479643941749879,0.18430233540379848,2.0926668643951416,0.012841248884797096,0.23692366964489037,0.3066137513843434,-4.546527466383541
id0_id1_0001.mp4,fake,True,0.026731904242109725,0.10029610412633537,2.3394525051116943,0.007423138711601496,0.21282953635587354,0.23331472075901089,-5.22217570501684
id0_id1_0002.mp4,fake,True,0.020694962009424372,0.08664973474693095,1.4176157712936401,0.01488059014081955,0.19940803124525494,0.21318403982157624,0.26633731130853994
id0_id1_0003.mp4,fake,True,0.03473291058868661,0.12369676588745121,3.163702964782715,0.011115025728940964,0.1448036474098884,0.3863124086895895,-6.306233732752913
id0_id1_0005.mp4,fake,True,0.03788292952697951,0.12561507093098,2.329572916030884,0.015744134783744812,0.20097987782340748,0.29660239378138814,-7.560859327846594
id0_id1_0007.mp4,fake,True,0.039916382880654584,0.142972422418455,2.9497504234313965,0.01349570881575346,0.1807918436133461,0.34195231295601136,-4.40096013672137
id0_id1_0009.mp4,fake,True,0.031600809364519866,0.11860148692823495,3.8887250423431396,0.010145609267055988,0.19684071531902064,0.2509861975164068,-7.435837178532756
id0_id20_0000.mp4,fake,True,0.028496931296048827,0.10139627520254707,3.0239713191986084,0.01245184801518917,0.1502947812821115,0.2341837494311928,-7.784544346477944
id0_id20_0001.mp4,fake,True,0.0231014160662001,0.07565591115290142,2.6565096378326416,0.007234560791403055,0.21962467749015085,0.16527301566411734,-4.344810242096376
id0_id20_0002.mp4,fake,True,0.016947245412136065,0.0572383284051083,1.9819098711013794,0.013944225385785103,0.10690740030192536,0.1916263512436744,-5.45711621516072
id0_id20_0003.mp4,fake,True,0.022520194838245477,0.08092178350820178,4.102996826171875,0.01122693158686161,0.10975262504068824,0.25773873088968074,-3.8453808208429296
id0_id20_0004.mp4,fake,True,0.022532494592931482,0.06701605504649186,2.9151132106781006,0.013679365627467632,0.09426879118110475,0.3140235973326732,-6.1708363145007175
id0_id20_0005.mp4,fake,True,0.022581768767739478,0.09392193843514228,2.5027616024017334,0.015351902693510056,0.11886917738393622,0.3032595992296545,-6.657397972816406
id0_id20_0006.mp4,fake,True,0.018162603513828163,0.0698594370229736,2.464398145675659,0.009048627689480782,0.20234209917944074,0.15504157760912243,-3.8391714193940825
id0_id20_0007.mp4,fake,True,0.02023642829319512,0.08543114384552654,3.255133867263794,0.013152888976037502,0.1619945140704917,0.22741362780274468,-1.1983221993520323
id0_id20_0009.mp4,fake,True,0.027869039188549903,0.10155391625557275,2.940687417984009,0.00976171251386404,0.22538664213897944,0.2010726417165419,-5.097975272481598
id0_id21_0000.mp4,fake,True,0.0288241534289116,0.10502999099392454,3.3298206329345703,0.012471914291381836,0.1867859589829098,0.2332413912001645,-5.401596277449562
id0_id21_0001.mp4,fake,True,0.022618242099654424,0.08145433826122637,2.23734188079834,0.007226298563182354,0.16665928774843725,0.19705421102602574,-3.8868312308274016
id0_id21_0002.mp4,fake,True,0.018310665298345394,0.06853367361997456,1.5898473262786865,0.013959710486233234,0.11557008958587722,0.22205604765956638,-2.713126158722539
id0_id21_0003.mp4,fake,True,0.0254829354920818,0.08746553191695003,3.4214205741882324,0.011459492146968842,0.09923519385227772,0.3151316622087113,-6.65304410105863
id0_id21_0004.mp4,fake,True,0.0342536871517358,0.1138101032361227,3.4192028045654297,0.013874740339815617,0.10307926646870288,0.4218260577372601,-7.241169644224852
id0_id21_0005.mp4,fake,True,0.03322564005670664,0.10379870644978324,2.193437337875366,0.01538943313062191,0.11237178163546895,0.3183309669130268,-7.473498501108171
id0_id21_0006.mp4,fake,True,0.016809659693555894,0.06323300328100982,2.695812940597534,0.008634435944259167,0.19357166020530908,0.14443927540461668,-5.430398215731689
id0_id21_0007.mp4,fake,True,0.020283726026576965,0.08596562781861614,2.8475351333618164,0.013035165145993233,0.14002236753391004,0.23784148764242155,-2.0503359998754442
id0_id21_0009.mp4,fake,True,0.027220268343185725,0.10108262905889145,3.7133944034576416,0.00970209389925003,0.1691202120958472,0.27204049673548397,-5.608793238441823
id0_id23_0000.mp4,fake,True,0.033883377727878666,0.1244946812675287,2.458561897277832,0.012263290584087372,0.12515675806870444,0.31221218630019976,-4.439152014705728
id0_id23_0001.mp4,fake,True,0.02220605830223028,0.08086617123600097,2.4691779613494873,0.007174805272370577,0.20800712671637894,0.1797915777360888,-6.469622734890896
id0_id23_0002.mp4,fake,True,0.0156703171584334,0.060871551756167576,1.520438313484192,0.013622792437672615,0.12984616899966359,0.17880055573678033,-2.7783821847726613
id0_id23_0004.mp4,fake,True,0.024514972771741254,0.0791354789891431,3.2762670516967773,0.013562059961259365,0.11937095326605125,0.259455417046042,-7.283749102354069
id0_id23_0005.mp4,fake,True,0.023319792202824065,0.07499761090038656,2.3529489040374756,0.01499395351856947,0.11061367002317173,0.270047049983879,-5.524168114425314
id0_id23_0007.mp4,fake,True,0.021295479470688054,0.08847999034169776,2.7851476669311523,0.012847012840211391,0.17422276658348776,0.2198292711652606,-6.519733215615266
id0_id23_0009.mp4,fake,True,0.02772305289684445,0.11610481727640347,4.122766494750977,0.00950033962726593,0.244580472389554,0.20890408281830813,-2.145514647756485
id0_id26_0000.mp4,fake,True,0.03233560439067678,0.11757099158312573,2.938631296157837,0.012327415868639946,0.13036095474801473,0.2963174483369098,-3.8655202198207506
id0_id26_0001.mp4,fake,True,0.024651683243959607,0.08487185263985426,2.667527914047241,0.007083151955157518,0.21423243975812134,0.17468550374477837,-5.003963921978219
id0_id26_0002.mp4,fake,True,0.014267369024952629,0.054750584333732664,1.9298840761184692,0.01380798127502203,0.1135257087084852,0.17721987148249663,-4.50969055888112
id0_id26_0003.mp4,fake,True,0.021574598269523824,0.08073850898549152,3.5335805416107178,0.010957860387861729,0.14517417808240704,0.20375863779958855,-5.385156104342569
id0_id26_0004.mp4,fake,True,0.022590687824165564,0.067236293954424,3.4771499633789062,0.013298435136675835,0.09226947754591673,0.2781454127520477,-7.64932140409201
id0_id26_0005.mp4,fake,True,0.03568088523202019,0.11354113599000636,2.6186256408691406,0.014970269985496998,0.1703158121194853,0.25875981594643954,-6.206413190998089
id0_id26_0006.mp4,fake,True,0.019203265468960635,0.06974769091102084,2.3100359439849854,0.009007424116134644,0.1955924281260405,0.15746069194481344,-6.634142761817511
id0_id26_0007.mp4,fake,True,0.023495361490948,0.09798693493551269,3.256861448287964,0.012741784565150738,0.14924718543625373,0.2588945792205312,0.21383061341018614
id0_id26_0008.mp4,fake,True,0.02252385802724755,0.09338635465736894,3.634059190750122,0.02464989945292473,0.15237055078853473,0.27945503002207916,-8.024563900260405
id0_id26_0009.mp4,fake,True,0.025496332433493075,0.08880976169901642,2.356919527053833,0.00924365222454071,0.22945115220509166,0.1800432586106148,-8.621629901476568
id0_id28_0000.mp4,fake,True,0.033600252008459355,0.12041567384209975,2.968285083770752,0.012424277141690254,0.11126208958606638,0.3062781466170001,-5.305211348522838
id0_id28_0001.mp4,fake,True,0.02182908747714082,0.07329809074666818,2.285641670227051,0.007233580574393272,0.17810996207659618,0.18006758568356981,-5.554641165670291
id0_id2_0000.mp4,fake,True,0.040268783833054045,0.1560216637044993,2.573976755142212,0.012890222482383251,0.18380228195180418,0.3111171195494258,-5.664750461066285
id0_id2_0001.mp4,fake,True,0.024546866738093642,0.09978288783750694,2.4969449043273926,0.0076191783882677555,0.24761875090317295,0.1970124863806604,-4.689961293466977
id0_id2_0002.mp4,fake,True,0.021452604523140507,0.08400424006743255,1.6635711193084717,0.015356401912868023,0.17696081769783006,0.22132413218438557,-2.746112926851163
id0_id2_0003.mp4,fake,True,0.023850909980347446,0.09010306661708252,3.2849791049957275,0.011972938664257526,0.13557900406797718,0.23513427004436924,-8.63149866384381
id0_id2_0004.mp4,fake,True,0.025601809406414985,0.0859974431309787,3.6575520038604736,0.015186472795903683,0.16642881200457976,0.25250706317746147,-3.9708638682507176
id0_id2_0005.mp4,fake,True,0.03079687326818524,0.11074098758936185,2.450222969055176,0.01606757938861847,0.21218195572155604,0.2757352760166634,-5.103091805390248
id0_id2_0006.mp4,fake,True,0.02132862500980635,0.08378104919276272,2.9141223430633545,0.008978204801678658,0.2275400363409109,0.17061739532365355,-7.621308971060799
id0_id2_0007.mp4,fake,True,0.024133013497955418,0.09347077578208973,2.832801342010498,0.013743702322244644,0.1441849330087305,0.2636878090392401,-4.480117245721419
id0_id2_0008.mp4,fake,True,0.023685179702178878,0.09659707766907277,2.9905166625976562,0.026870187371969223,0.1360435535852566,0.324806753018579,-7.815712564371136
id0_id2_0009.mp4,fake,True,0.028513859270548864,0.107227567681635,3.566589117050171,0.010402699932456017,0.19426682712927618,0.24211036930790578,-7.03774291357801
id0_id3_0000.mp4,fake,True,0.03333836529282523,0.11712504462456604,3.3207414150238037,0.012916097417473793,0.16782766193783819,0.2617245674965707,-3.4020030988077394
id0_id3_0001.mp4,fake,True,0.02152997542817475,0.08939639627254085,2.2835655212402344,0.007442525587975979,0.21660029704279765,0.18857791838596527,-3.3567142470640343
id0_id3_0002.mp4,fake,True,0.019502796206209577,0.07906657589952996,1.9330804347991943,0.015084628947079182,0.16865306286286774,0.2223627643878439,-2.566549700843146
id0_id3_0003.mp4,fake,True,0.021793184889826907,0.08357318965870696,3.5923550128936768,0.011760655790567398,0.17031305956261514,0.19692804772042538,-5.511451420389775
id0_id3_0004.mp4,fake,True,0.03292918604773461,0.10723695795406012,3.4796664714813232,0.014814022928476334,0.1621528469926631,0.2751602275360411,-3.902871267452273
id0_id3_0005.mp4,fake,True,0.03158759007528989,0.10319038516954555,2.913550853729248,0.015907246619462967,0.18468800376891614,0.27979170098199396,-7.310023485648385
id0_id3_0006.mp4,fake,True,0.02400812476851136,0.08026532152360921,2.4398016929626465,0.009223243221640587,0.26086075534588327,0.1524849978563074,-3.239155482165814
id0_id3_0007.mp4,fake,True,0.03163870270821846,0.11998199874967752,3.049147367477417,0.013675441965460777,0.1670514727698277,0.2745472217072494,-4.039953864944054
id0_id3_0008.mp4,fake,True,0.031988224680668156,0.14487078598653827,2.7748734951019287,0.026270169764757156,0.19940797171156,0.3135621051601197,-6.101085553845383
id0_id3_0009.mp4,fake,True,0.03392468639610587,0.12449177753804665,3.65849232673645,0.010342690162360668,0.21187971086353516,0.25607472193968667,-6.96519769789147
id0_id4_0000.mp4,fake,True,0.03551904656152938,0.13501367646806883,3.0451724529266357,0.013002810068428516,0.2099642501322909,0.27272763849676646,-4.355973021419915
id0_id4_0001.mp4,fake,True,0.024417955258043324,0.09960370656463217,2.038924217224121,0.007308900356292725,0.26628507665723616,0.19303396615935053,-3.2450260158900406
id0_id4_0002.mp4,fake,True,0.022577993131291753,0.08682828466864984,1.861803650856018,0.01485754270106554,0.19903254565145367,0.20911353134959382,-3.4340567975777687
id0_id4_0003.mp4,fake,True,0.023040603970348857,0.08919766660518648,3.100241184234619,0.011469030752778053,0.15943808131131923,0.21344022705886706,-6.536566775319893
id0_id4_0004.mp4,fake,True,0.02241471516532762,0.0706265325270463,3.121913433074951,0.01448766514658928,0.13378248677919388,0.2286688302836132,-5.196156184564162
id0_id4_0005.mp4,fake,True,0.0250195968454538,0.09299327458885734,2.2526063919067383,0.015701066702604294,0.18681980398438142,0.25778724793595204,-4.168363820591477
id0_id4_0006.mp4,fake,True,0.025755411290522404,0.09255280064380808,2.821709632873535,0.009004749357700348,0.2901923386140569,0.16045436246891268,-4.665343608267161
id0_id4_0009.mp4,fake,True,0.03289982269313947,0.1311909396814031,3.7867202758789062,0.010237976908683777,0.24322382757596636,0.24328434468604035,-3.558492560451818
id0_id6_0000.mp4,fake,True,0.0350718635796614,0.14020787264344317,2.3598694801330566,0.012819943018257618,0.1663561347264311,0.2973089158103329,-4.59798452827887
id0_id6_0001.mp4,fake,True,0.02562275897784974,0.09697005750929441,2.2445759773254395,0.007385124918073416,0.22749779419337376,0.2098546643120372,-7.348926999583858
id0_id6_0002.mp4,fake,True,0.021802562673711348,0.08375351308988215,1.890337347984314,0.014555360190570354,0.17501010160117852,0.20784754055793636,-3.0615873114162784
id0_id6_0006.mp4,fake,True,0.021605420923027016,0.08323885025229438,2.4861202239990234,0.008461947552859783,0.26662464471279584,0.15360895211217537,-4.7795975682218
id0_id6_0007.mp4,fake,True,0.025829907954933777,0.10308216892919439,3.1390419006347656,0.013431407511234283,0.1424128926600944,0.28068312188670147,-5.1772093944514905
id0_id6_0009.mp4,fake,True,0.02886889387998398,0.11087733965631821,3.219224691390991,0.01030363142490387,0.22327217042093403,0.2233472246777892,-3.803196261444963
id0_id9_0000.mp4,fake,True,0.04177751752944487,0.15057132763319928,2.7973861694335938,0.013074218295514584,0.206422026929551,0.27134888473945035,-2.2069513646272605
id0_id9_0001.mp4,fake,True,0.025122628413483946,0.0972488828107081,2.347644329071045,0.007683370262384415,0.2663363664832487,0.19259388563557173,-3.6493508631431664
id0_id9_0002.mp4,fake,True,0.018985390793889126,0.07325003944648886,1.4361692667007446,0.015493635088205338,0.13503216331055545,0.2133962641185963,-2.6812811174748337
id0_id9_0003.mp4,fake,True,0.021710257980343876,0.08270576748560325,2.9937570095062256,0.01224606018513441,0.12422042791807006,0.2134635975648591,-4.673311129315137
id0_id9_0005.mp4,fake,True,0.030792638988874514,0.10643130690702286,3.0259106159210205,0.016263259574770927,0.2084511252545566,0.28473594533047963,-2.7045273094760947
id0_id9_0006.mp4,fake,True,0.022579164627842124,0.08717069672183164,2.160613775253296,0.00901506096124649,0.30241983455367705,0.14667579656590665,-6.254795480971454
id0_id9_0007.mp4,fake,True,0.029883414944853977,0.10755622577361336,3.145594596862793,0.013661547563970089,0.1090902227469903,0.36418877032052555,-2.3013530008508325
id0_id9_0008.mp4,fake,True,0.026574198754207308,0.10660359917567572,3.0772976875305176,0.026302816346287727,0.12578058709802575,0.31149230588048277,0.1910245703989977
id0_id9_0009.mp4,fake,True,0.030334416829606196,0.11739778430364974,2.904142379760742,0.010524889454245567,0.22281727548285907,0.24017698584310623,-5.33699611578525
id16_0000.mp4,real,True,0.02671875174635966,0.10060989514017461,3.0151870250701904,0.012661624699831009,0.13279457969997754,0.2806802605268724,-1.9883553399708598
id16_0001.mp4,real,True,0.028514834890864902,0.09763304593994801,2.1935160160064697,0.008245455101132393,0.14025852609833858,0.2708531466504031,-7.05533890617367
id16_0002.mp4,real,True,0.03433106633300994,0.11086385512910447,3.4834320545196533,0.007799286395311356,0.13368050430825712,0.31003882434645025,-7.144122193362294
id16_0003.mp4,real,True,0.02927897177982997,0.10505017166931638,2.811673402786255,0.012910299003124237,0.11272564876826902,0.35867395332297913,-6.141049923559465
id16_0004.mp4,real,True,0.02304294116345485,0.08882185111464123,3.2100770473480225,0.009185499511659145,0.15694871636760133,0.2650875472169689,-6.157349766084824
id16_0005.mp4,real,True,0.018958911204659167,0.06378695322364111,1.7255250215530396,0.013768821023404598,0.07653292393959185,0.3048185605861661,-1.638689583450236
id16_0006.mp4,real,True,0.018713513568968155,0.06387223750660616,2.439915657043457,0.007081801071763039,0.12251275393076122,0.21140559166549,-6.44062049259851
id16_0007.mp4,real,True,0.027237651208080037,0.09459926065554518,1.513763666152954,0.013306599110364914,0.12862762416254053,0.3078849287589529,-8.07614582591134
id16_0008.mp4,real,True,0.020946721816405136,0.0655486475916147,1.7512905597686768,0.006212281994521618,0.11982725595147542,0.2106153071077288,-4.580919132277222
id16_0009.mp4,real,True,0.02162205409306544,0.07528850817383081,1.5976976156234741,0.012732593342661858,0.174980975601836,0.24583077365626324,-7.513017044254148
id16_0010.mp4,real,True,0.03200063496780863,0.12850856847082234,1.988426685333252,0.006615607533603907,0.1953376630216379,0.34279599306017466,-5.7597324040676465
id16_0011.mp4,real,True,0.026778611259327217,0.10464145905840241,1.8997470140457153,0.003846233943477273,0.16793586588583817,0.24937705487804598,-7.13183619750064
id16_0012.mp4,real,True,0.02515179906313852,0.08432421189067003,1.3062405586242676,0.012627439573407173,0.17280073354261966,0.3019212865835648,-3.8633657238667745
id16_0013.mp4,real,True,0.01968474250330327,0.07407154064576894,1.6545846462249756,0.008701518177986145,0.1406108448831771,0.23705729322099436,-4.067866045658192
id17_0000.mp4,real,True,0.019492213209816818,0.07921354076377018,1.639470100402832,0.011114983819425106,0.20390770092253738,0.1803287778101361,-1.837955075543136
id17_0001.mp4,real,True,0.019209040049601712,0.06741326406463112,2.1885781288146973,0.009208344854414463,0.21466623381453026,0.14783084240871552,-6.181692050763358
id17_0002.mp4,real,True,0.02602896470103934,0.10160747035130323,1.596693992614746,0.0074446541257202625,0.18255677954424815,0.2388341218861192,-3.222484639054761
id17_0003.mp4,real,True,0.025327257219725896,0.0851215046772851,1.7692124843597412,0.018247177824378014,0.2223753500666594,0.1939140442273359,-8.170510523066184
id17_0004.mp4,real,True,0.03316834358490018,0.11982651535412926,2.334167718887329,0.007305423263460398,0.22665286362754172,0.2704922452499359,-6.29014059466887
id17_0005.mp4,real,True,0.020263389188634535,0.07888949837035565,2.714979410171509,0.007147045806050301,0.12448682961693586,0.2565375675748311,-3.7263576120161535
id17_0006.mp4,real,True,0.02712022796354069,0.10878553576408011,2.2331197261810303,0.011621035635471344,0.13723120059450386,0.32431068935984303,-6.630791913553953
id17_0007.mp4,real,True,0.032749730856235164,0.1424781489114935,2.9077274799346924,0.012975560501217842,0.262706025988654,0.254738031421383,-7.971092986626685
id17_0008.mp4,real,True,0.039087200283271055,0.1509408843157868,3.4405710697174072,0.008824385702610016,0.2187500456186402,0.3543327326979295,-5.725250639949763
id17_0009.mp4,real,True,0.027442888561315392,0.11313279594419086,1.595847487449646,0.006864737719297409,0.15972842598975134,0.28882103495129546,-6.419908224911223
id19_0000.mp4,real,True,0.03392723493785384,0.1295751710216042,2.3136379718780518,0.014305360615253448,0.23805126068225163,0.27099056430708757,-5.06758899181804
id19_0001.mp4,real,True,0.025690614130718704,0.09649572489457924,1.2786208391189575,0.0063706026412546635,0.20835429165360925,0.20449736656345527,-4.733249072993981
id19_0002.mp4,real,True,0.03560324122844109,0.13612555052599998,4.464754104614258,0.005694671534001827,0.2697197963754371,0.25803550241583373,-3.065706662809359
id19_0003.mp4,real,True,0.03407138660017179,0.13980947503003605,3.4564948081970215,0.014999969862401485,0.3480209090069932,0.18277667893724042,-4.631944382096245
id19_0004.mp4,real,True,0.023663961971770307,0.10642548311753336,1.4948508739471436,0.014643574133515358,0.2638899940198631,0.21210365404244666,-0.4386647474283731
id19_0005.mp4,real,True,0.023370856529223123,0.09116832607258431,0.5979209542274475,0.01499817706644535,0.1399700091090333,0.25352262357709304,-8.571493087063523
id19_0006.mp4,real,True,0.016622298303840134,0.07116380324764614,1.8056384325027466,0.005792669486254454,0.15132582330044184,0.16506902670819207,-2.6927976967299183
id19_0007.mp4,real,True,0.03147166120858732,0.13073754316757344,2.0421059131622314,0.013923754915595055,0.31700361971657776,0.2394896733346912,-6.540910203543043
id19_0008.mp4,real,True,0.022380646006269007,0.08650793633453539,3.3203330039978027,0.00846607144922018,0.28408302566303206,0.15760609809695492,-3.2529650655155393
id19_0009.mp4,real,True,0.026433983820917904,0.11191351954856157,1.474726676940918,0.014021974056959152,0.33935205949357433,0.1969071612764857,-4.643293156128064
id20_0000.mp4,real,True,0.027857846354209962,0.11824098994254478,2.8134195804595947,0.00808222871273756,0.19679383736352296,0.2780316229428994,-2.9233718304334824
id20_0001.mp4,real,True,0.02717131461883062,0.0904265895299531,1.642880916595459,0.00592703465372324,0.18257144402189787,0.20204824818623485,-7.07934105094993
id20_0002.mp4,real,True,0.026099217124992604,0.09891562792003693,1.630123257637024,0.0073246280662715435,0.3198317315256685,0.17341819601002081,-7.094311654942459
id20_0003.mp4,real,True,0.0283756233697151,0.10545373484457574,1.8450183868408203,0.010547737590968609,0.17384503066476417,0.4346147235980643,-4.661273385161161
id20_0004.mp4,real,True,0.04869350279750787,0.18327076192412908,1.979276418685913,0.012313305400311947,0.2809813059885066,0.3202121609425403,-4.79880941652695
id20_0005.mp4,real,True,0.02700614732482777,0.10475405117568175,1.6155235767364502,0.014247091487050056,0.1588844565270252,0.2966806903669426,-4.988797781900015
id20_0006.mp4,real,True,0.03620766236016319,0.14016910347381215,1.4828147888183594,0.011063141748309135,0.33896599082711626,0.22810793319361103,-4.468480818129289
id20_0007.mp4,real,True,0.018053793121470665,0.06828991137628335,3.193146228790283,0.016068391501903534,0.14493468432799295,0.21645287441846922,-4.418829982758807
id20_0008.mp4,real,True,0.016453845750485856,0.07177706997208413,1.103293776512146,0.010958678089082241,0.1918652796303564,0.18060723048396732,-0.1935524863525135
id20_0009.mp4,real,True,0.0273574521507457,0.11944760425702752,2.6313352584838867,0.020037280395627022,0.1692995289344625,0.2851597745374086,-0.6117559414575692
id21_0000.mp4,real,True,0.018761124261111654,0.07360965067337898,1.9989782571792603,0.01109358947724104,0.151781160693727,0.23766154073097384,-8.709878243793895
id21_0001.mp4,real,True,0.025750435092110294,0.09218054202760768,2.4009811878204346,0.011179789900779724,0.19452428879593756,0.23902676598138412,-6.931346427517892
id21_0002.mp4,real,True,0.02673813130782296,0.09650704323974794,2.7908003330230713,0.006199836265295744,0.18781887409712772,0.22404722476036087,-5.113047517874691
id21_0003.mp4,real,True,0.12888637146906373,0.4683393289539619,3.3169033527374268,0.006774711422622204,0.10919300462274151,1.10270399353205,-5.4595970704116485
id21_0004.mp4,real,True,0.026396044595749988,0.10316074302386509,2.517606019973755,0.010525211691856384,0.23722489057001994,0.2107265801690725,-5.813125504490228
id21_0005.mp4,real,True,0.04289855354451317,0.1292054609449649,1.4603530168533325,0.012512031011283398,0.209928814111376,0.2696111065036342,-5.443875778502245
id21_0006.mp4,real,True,0.03151023316153612,0.1235234513071983,3.1791858673095703,0.009749042801558971,0.12311976322703194,0.3601036098168796,-3.825463060867787
id21_0007.mp4,real,True,0.021582053794024048,0.08396497334123283,2.328836679458618,0.009687254205346107,0.19865676875595653,0.20779190444668577,-9.357647771173971
id21_0008.mp4,real,True,0.030472162601994975,0.1251207612385325,1.4439696073532104,0.00814206711947918,0.2856012406006975,0.24191549649136496,-6.203413071028594
id21_0009.mp4,real,True,0.023476440641829723,0.10270750454708386,2.45697283744812,0.006437031552195549,0.21027469903889162,0.2573014385684117,-6.322683824473887
id22_0000.mp4,real,True,nan,nan,3.1043877601623535,0.006626148708164692,nan,nan,nan
id22_0001.mp4,real,True,0.030701726095923837,0.08637357722143064,4.798120021820068,0.005744717549532652,0.18490936507047312,0.1883818002022664,-5.6419412336565
id22_0002.mp4,real,True,0.03643026186007614,0.14544195637970606,3.1568994522094727,0.010754224844276905,0.21980625801243245,0.2884746887912841,-4.807217779076146
id22_0003.mp4,real,True,0.022847208955151674,0.08006023813270434,1.6516302824020386,0.006458208430558443,0.15970957716090153,0.2772448368742075,-8.404440712121964
id22_0004.mp4,real,True,0.01694066125509233,0.07029932230276008,2.120474100112915,0.009125848300755024,0.15350792161284554,0.1932720176247365,0.19344556160383428
id22_0005.mp4,real,True,0.031483024111333434,0.11222934160732566,2.038668155670166,0.017038295045495033,0.3066475730522347,0.1942792312306214,-8.10539652598515
id22_0006.mp4,real,True,0.020063836683736562,0.089988467427023,1.42454993724823,0.0035129678435623646,0.30916574433248384,0.1511499006961105,-2.4399357343885146
id22_0007.mp4,real,True,0.03668482365512329,0.1319888037060745,1.967507243156433,0.006269174162298441,0.1560937822541284,0.42417904680159424,-0.3854366986236153
id22_0008.mp4,real,True,0.019711572992768097,0.06451427641525115,1.7164549827575684,0.006213733926415443,0.11459107550684569,0.20163278882117086,-6.215155385997015
id22_0009.mp4,real,True,0.020512237451321965,0.07597779668587387,2.2844367027282715,0.00713703827932477,0.15483240214765798,0.20638205946667945,-5.735904671809944
id23_0000.mp4,real,True,0.02564382136326738,0.10336190920489474,2.012117624282837,0.009527821093797684,0.2920442107573507,0.18576414504438513,-5.519092060418798
id23_0001.mp4,real,True,0.027168823283067387,0.10690108718880037,2.4818315505981445,0.011055954732000828,0.24840285620069863,0.2243927335787137,-7.061799181597996
id23_0002.mp4,real,True,0.02937924044806157,0.11587102098040743,2.5159530639648438,0.011524940840899944,0.16367284637400376,0.3475349335329518,-6.293164561685494
id23_0003.mp4,real,True,0.024803791404668304,0.09541369589003108,2.2985150814056396,0.008231529034674168,0.21492695701046585,0.23479061611676966,-6.528235396851811
id23_0004.mp4,real,True,0.03133911731330725,0.10918047770009406,1.864264726638794,0.02166428044438362,0.08525744052521549,0.41744721086326597,-5.890715400013004
id23_0005.mp4,real,True,0.02866269736394646,0.1091323947358697,1.5033432245254517,0.010800906457006931,0.26218361768197396,0.268964039339964,-2.767945853459604
id23_0006.mp4,real,True,0.03108011655142552,0.10828485262305569,1.2133533954620361,0.006344982422888279,0.12795915446240705,0.366668063818013,-6.023787064709208
id23_0007.mp4,real,True,0.030512705644962265,0.1097767170507617,2.363081216812134,0.009042765945196152,0.2253711889160014,0.25476228859799094,-8.064255243379442
id23_0008.mp4,real,True,0.017969296452048842,0.07452454331831834,1.7909741401672363,0.010139950551092625,0.17392651143071244,0.19088056192762734,-0.860356243611951
id23_0009.mp4,real,True,0.02369301265371223,0.09087364012303546,1.7302523851394653,0.005838725250214338,0.16347657904638946,0.2313862770896135,-4.153572539983708
id24_0000.mp4,real,True,0.036188929093730074,0.14224367502535468,1.7492985725402832,0.007722956128418446,0.3174663283897115,0.35194241273184884,-7.987918674890687
id24_0001.mp4,real,True,0.025796517001304115,0.09770093046520219,2.026944398880005,0.006415895652025938,0.24337389925232333,0.19432975690385357,-8.276628350382238
id24_0002.mp4,real,True,0.03801087753002111,0.16130809928517076,3.2002854347229004,0.009260251186788082,0.2436377979159755,0.4993480509550038,1.7391509992133944
id24_0003.mp4,real,True,0.04839627032425025,0.17050698901625513,1.985896348953247,0.006085088010877371,0.2205160338964369,0.4412660799689108,-6.8906447546072735
id24_0004.mp4,real,True,0.0331409437398756,0.11886121050163445,1.7000960111618042,0.012818033806979656,0.2734873534757302,0.2066820394957018,-6.487442570690164
id24_0005.mp4,real,True,0.030720008673203663,0.11913426153456687,1.845900535583496,0.010354903526604176,0.2469786016248532,0.24442095448178922,-5.5198121198858265
id24_0006.mp4,real,True,0.02793291528077168,0.10144868981110289,1.9702837467193604,0.009924626909196377,0.2535023213236524,0.2379456918731288,-1.1196123766888788
id24_0007.mp4,real,True,0.02685682582791861,0.10865452761960323,1.8840665817260742,0.011409416794776917,0.25297462140531257,0.1995891521173936,-5.167186178457622
id24_0008.mp4,real,True,0.025673111829334336,0.08891164969130388,1.871998906135559,0.008137447759509087,0.20666399758116413,0.19594969666856984,-8.699971933028843
id24_0009.mp4,real,True,0.03575944994379197,0.13482378368937017,1.626280426979065,0.011967671103775501,0.29628782113692514,0.25429693206994536,-6.247534757798928
id25_0000.mp4,real,True,0.01893680833189946,0.07785741068409764,5.605465412139893,0.018728919327259064,0.1225961710279605,0.31883321761518596,-7.190729208588112
id25_0001.mp4,real,True,0.03270899610665709,0.10749072018909195,2.1191225051879883,0.007864833809435368,0.27723836111228567,0.22681594423850138,-5.31393355620403
id25_0002.mp4,real,True,0.022775506595013154,0.09522486413838331,2.9091928005218506,0.0062572224996984005,0.236912195859001,0.22000682094580093,-2.972118102753515
id25_0003.mp4,real,True,0.02552490571245001,0.08372478995502469,2.117098808288574,0.009778156876564026,0.15207975156667947,0.26958566268018425,-6.647906165875282
id25_0004.mp4,real,True,0.026536919366374548,0.08976130010176316,3.1317837238311768,0.007071520667523146,0.18427899852005306,0.2538124805542284,-7.2391650063425335
id25_0005.mp4,real,True,0.03532041548222395,0.12839618182629223,2.8083956241607666,0.012278277426958084,0.2040161372518793,0.3456155074384843,-8.321873486074866
id25_0006.mp4,real,True,0.014559301151977507,0.055748156993164016,1.3150014877319336,0.02004813216626644,0.282147068440257,0.10648310019480862,-6.811921767431893
id25_0007.mp4,real,True,0.03642725253406089,0.1292476710907872,3.9646801948547363,0.01578555628657341,0.15315686949336385,0.3797614285468331,-7.939769698350982
id25_0008.mp4,real,True,0.04262566080953297,0.1576565509486489,2.861177921295166,0.009840987622737885,0.211713921789757,0.3750075121342721,-5.1624184725336
id25_0009.mp4,real,True,0.02842219649469836,0.12007182525770974,1.7454007863998413,0.00865971390157938,0.2555261912887578,0.2596687826212161,-3.7368056316434983
id25_0010.mp4,real,True,0.023905207254967642,0.09165143098251959,2.565955400466919,0.007108982652425766,0.18024108413926213,0.22810950277111347,-5.04406451760215
id26_0000.mp4,real,True,0.01621345347898874,0.05894678857133649,1.7172491550445557,0.01201121136546135,0.11660219542071856,0.18346592316194435,-8.344378800336905
id26_0001.mp4,real,True,0.03258604737065234,0.12684644233723866,2.0178606510162354,0.011370530351996422,0.22350754285952487,0.28550432241168516,-7.827393532364971
id26_0002.mp4,real,True,0.02814002596710681,0.13420065133646478,2.6036345958709717,0.014716438949108124,0.28677202154292875,0.24974495329329954,-4.454364026516392
id26_0003.mp4,real,True,0.018043540926169714,0.07128961396103982,2.3234965801239014,0.019043313339352608,0.27528201353863513,0.13912112402938306,-5.561014693745824
id26_0004.mp4,real,True,0.021401890727445312,0.08566084580550466,3.2719438076019287,0.007390269078314304,0.2437047121515527,0.1888766783382082,-5.609218413076475
id26_0005.mp4,real,True,0.013644824730665257,0.05484951119178442,1.8076945543289185,0.007453244179487228,0.22910729578952724,0.11102691280415622,-5.615055037472928
id26_0006.mp4,real,True,0.01661445473062294,0.06014388426378383,1.769995927810669,0.011003926396369934,0.15384703008154102,0.19725524048042914,-4.176672597503528
id26_0007.mp4,real,True,0.042104444647892716,0.1470220162190981,1.767946481704712,0.006579122506082058,0.14062057388127264,0.4374982420494359,-2.5924794051723996
id26_0008.mp4,real,True,0.018218153307308953,0.07131114168050363,1.7271124124526978,0.00960554275661707,0.20795325290284322,0.142971648204993,-4.988190112580184
00000.mp4,,True,0.022604234361912424,0.07974685574057166,2.114863157272339,0.01245188806205988,0.14425041579800557,0.207378000869735,-4.645876075915766
00001.mp4,,True,0.03907102214956323,0.1596823298032311,2.31907057762146,0.010909242555499077,0.17417701124929233,0.39643276031610897,-2.331897675344374
00002.mp4,,True,0.02812575585382888,0.08745658415253747,1.9825245141983032,0.010359428822994232,0.06554255187071249,0.4238554945321241,-7.094418485506418
00003.mp4,,True,0.06488216339823903,0.16160190326599966,2.868352174758911,0.009376891888678074,0.055057230461648614,11.564016148432225,-8.357860198168966
00004.mp4,,True,0.03536858607666875,0.128536060914263,1.0946214199066162,0.012141299434006214,0.1116938732332714,0.4374153373726475,-6.475723966339447
00005.mp4,,True,0.018609254099938955,0.06557863021945749,1.607612133026123,0.014467279426753521,0.08115928584845881,0.30451670336716713,-6.331943786208928
00006.mp4,,True,0.013572771594965342,0.05185040630378139,1.6932913064956665,0.014213327318429947,0.06466372495025617,0.2241246261227746,-5.030024586029244
00007.mp4,,True,0.03264431952780387,0.12106646471569656,2.878526210784912,0.01018956396728754,0.12461145883409255,0.390988973355379,-6.269926508595272
00008.mp4,,True,0.02669805166379773,0.09340500350823588,4.3280439376831055,0.008546285331249237,0.13615033538055646,0.22951447730850028,-7.187552819014788
00009.mp4,,True,0.034230275363180324,0.1380734046474316,1.4367611408233643,0.009193292818963528,0.21992977159316143,0.3056473619824478,-4.774246343568846
00010.mp4,,True,0.028914993529501568,0.11713737238308516,4.973573207855225,0.011537318117916584,0.2368418045130264,0.23627115728376646,-1.9261085445520223
00011.mp4,,True,0.04003183232796894,0.1552075117978666,1.0988520383834839,0.013970519416034222,0.21501099820066938,0.348346712198522,-3.4204147165448138
00012.mp4,,True,0.03747576886558778,0.14792459294146693,2.23725962638855,0.016000213101506233,0.06343331713333132,1.8609676331280067,-3.2961613212179346
00013.mp4,,True,0.018197170983023352,0.07922809240776359,1.7319457530975342,0.004869230091571808,0.14195935256518463,0.24506261652782654,-2.993640115526042
00014.mp4,,True,0.061567398077344626,0.25687614792853614,3.165879964828491,0.016513878479599953,0.23733677032738734,0.5809338236608702,-1.3059773463836277
00015.mp4,,True,0.03525340297578033,0.1367815617336504,3.2582273483276367,0.011592193506658077,0.11752100921487285,0.46468525967850566,-2.379151035070259
00016.mp4,,True,0.03377149068411098,0.10984757915349048,4.549951076507568,0.009214706718921661,0.14280306012487776,0.40465330937723104,-7.77395919566853
00017.mp4,,True,0.02644237273240077,0.09513325955667097,2.3711724281311035,0.009840056300163269,0.12250882306812629,0.28805956932979787,-5.993966575005446
00018.mp4,,True,0.025214054119375297,0.08745286781053935,2.6858861446380615,0.012802130542695522,0.16465280454077214,0.2590824803996767,-5.237001486287336
00019.mp4,,True,0.015739653286729622,0.058996124270550204,2.514442205429077,0.010483399964869022,0.0953704246015291,0.22453435506266028,-7.867585714450805
00020.mp4,,True,0.017187989651997183,0.06273849726073769,2.0962822437286377,0.009935555048286915,0.1531984913992799,0.20455331882415614,-4.857908862708677
00021.mp4,,True,0.03525442274384545,0.13424351264164555,3.7128214836120605,0.00837467610836029,0.11567882803450057,0.41322229020236684,-4.509717919597758
00022.mp4,,True,0.010443452369116748,0.040403406774386155,2.134059190750122,0.012350467033684254,0.06044604614238099,0.19610493099416695,-4.35593793655976
00023.mp4,,True,0.019867348458784247,0.07173703366654284,3.196598529815674,0.022751428186893463,0.11360501919645233,0.22784992384071903,-5.5141036199095605
00024.mp4,,True,0.023457214131711153,0.08848950602168754,1.7764983177185059,0.011143991723656654,0.14257219266503268,0.26645260232980167,-2.670799089095212
00025.mp4,,True,0.02560721566939721,0.09690580841236592,1.83148193359375,0.00825081393122673,0.26589518612485913,0.1911110317270536,-5.290005901541476
00026.mp4,,True,0.13165270073153898,0.5247492713900118,2.3048980236053467,0.02093871496617794,0.04295812625713916,5.08468960114884,-4.550498236728868
00027.mp4,,True,0.01787632164532449,0.06764965499681665,2.4898366928100586,0.012604812160134315,0.09556151532703665,0.294252663266682,-4.4183835799951625
00028.mp4,,True,nan,nan,5.588092803955078,0.01422737818211317,nan,nan,nan
00029.mp4,,True,0.02922111036044026,0.1029262590517186,3.724759101867676,0.01328897476196289,0.14641629407290782,0.29549073617407945,-7.115672163536075
00030.mp4,,True,0.01697889067864547,0.05617965769171617,1.3030940294265747,0.012563096359372139,0.2214091462722654,0.11587352230888244,-8.450277444195759
00031.mp4,,True,0.018856432559256467,0.07037170277484026,1.8420823812484741,0.00946179497987032,0.07201699509201853,0.33219674716874764,-2.885393510141978
00032.mp4,,True,0.02070253022484212,0.09119324110438683,1.6435153484344482,0.00791497714817524,0.13295374394380152,0.30283555599387185,-1.2553805434466394
00033.mp4,,True,nan,nan,1.6319128274917603,0.005501252133399248,nan,nan,nan
00034.mp4,,True,0.02957412098518824,0.11576970268186416,1.9960037469863892,0.010805205442011356,0.09246079040799023,0.43133111687614856,-7.331962138477335
00035.mp4,,True,0.015458664001861555,0.05687163113306004,1.5670216083526611,0.012605620548129082,0.03687299934502692,0.327615444382201,-5.073870231624432
00036.mp4,,True,0.02388517607883029,0.09485150105334329,2.4503893852233887,0.012139316648244858,0.10543319271224315,0.402235429948373,-4.884938695271856
00037.mp4,,True,0.02372058975432468,0.08938141227556758,2.9178781509399414,0.01619846560060978,0.11145387221496941,0.3301570876639664,-3.61076487357928
00038.mp4,,True,0.02569930101542298,0.11096045820341019,2.526902675628662,0.00838334672152996,0.125375618361664,0.348956618213963,-2.3984010937939417
00039.mp4,,True,0.024863194167507062,0.0923638837934045,2.5410945415496826,0.008640747517347336,0.11864438751828794,0.2914137255357659,-3.027411576694697
00040.mp4,,True,0.018977495269975362,0.06999171655707018,1.587267518043518,0.003324791556224227,0.14849940381042664,0.1839183633344369,-2.3793711032021014
00041.mp4,,True,0.03264067573087058,0.13734386011420724,2.113339424133301,0.010848985984921455,0.16424937390855107,0.6618634110536454,-5.349404370499011
00042.mp4,,True,0.018935908270875,0.06973253260859968,2.5238938331604004,0.011177385225892067,0.11172255477442886,0.22490274524661646,-2.972260909504436
00043.mp4,,True,0.019663777848437206,0.07271548609414182,2.2015435695648193,0.010982759296894073,0.13058917848625978,0.1899470992043264,-7.690652885001161
00044.mp4,,True,0.018076007433786397,0.06618290825012482,1.6327155828475952,0.009279129095375538,0.1467801652110575,0.19557117353245893,-9.065022499265872
00045.mp4,,True,0.03225691515450931,0.10742240186390485,2.526373863220215,0.013920998200774193,0.18355786189279527,0.24009125155898445,-3.0043908337763874
00046.mp4,,True,0.0638055121085973,0.3111108336073498,2.595557928085327,0.010273095220327377,0.2981999057734651,1.019308133149704,-5.4403374380792435
00047.mp4,,True,0.014694722939852302,0.04945972198340062,3.1305630207061768,0.01033515390008688,0.08975533035487787,0.18336215434586295,-5.965511995869461
00048.mp4,,True,0.01968235394062575,0.06321614049096154,1.4559273719787598,0.006145232357084751,0.07446274769932631,0.27930911340653564,-7.864598803589024
00049.mp4,,True,0.028034317873327812,0.09453956577987528,3.1845502853393555,0.00851855892688036,0.11284997762290622,0.4884023593873392,-5.621753422468654
00050.mp4,,True,0.031498103196058766,0.1502266593509116,1.6639280319213867,0.004847750999033451,0.21439932795857558,0.28420153486397326,-3.8743963630832923
00051.mp4,,True,0.03414468679654879,0.13272478880309552,1.504410982131958,0.014334730803966522,0.15062291399565256,0.48056256617297677,-4.244139688083615
00052.mp4,,True,0.025994800249999835,0.09532029177723214,3.266345262527466,0.011535441502928734,0.07829736264649162,0.35642365856468605,-3.397340972540875
00053.mp4,,True,0.03248791153982866,0.11798688897488559,2.235872745513916,0.011304314248263836,0.09450368375186712,0.44644999209820635,-3.590068709458412
00054.mp4,,True,0.025534082827195204,0.09967241056849477,2.3421053886413574,0.0077223461121320724,0.16836377771911343,0.25530854324331387,-2.2660248077254765
00055.mp4,,True,0.017555003933252884,0.07200928300199548,2.467811346054077,0.010891974903643131,0.07903635513440906,0.27638691663174675,-5.356210788025169
00056.mp4,,True,0.021905735502370596,0.10963790616557756,1.2706605195999146,0.009982763789594173,0.19197490184272742,0.28774300430549565,2.8777435717559587
00057.mp4,,True,0.05232598812447699,0.17938502492579692,1.2394943237304688,0.018003355711698532,0.12410843003678498,0.42125574952019257,-5.171847585291417
00058.mp4,,True,0.030513249427761485,0.11340844041587717,2.290214776992798,0.005617785267531872,0.11026220360157812,0.3570064908225495,-6.4976257534090465
00059.mp4,,True,0.01851758861994609,0.08059046815689587,1.38808274269104,0.006347544491291046,0.10700159822112591,0.27814613324684695,-6.837185837135749
00060.mp4,,True,0.015897731591598716,0.06299169676121837,3.9882752895355225,0.00996188074350357,0.15925950403432712,0.20763369399042977,-5.238889156482442
00061.mp4,,True,0.036841304174208334,0.1477614337314123,2.0447230339050293,0.014673938974738121,0.2473672554490402,0.29922431380977726,-1.4455493536440753
00062.mp4,,True,0.02295431281324991,0.08543586169210303,2.619468927383423,0.014263835735619068,0.08397595564057257,0.32156713613640536,-4.936556534975102
00063.mp4,,True,0.02850770163757505,0.09919014177674722,1.3597242832183838,0.005498385988175869,0.2869332585675131,0.19641048599347033,-1.4543406496419087
00064.mp4,,True,0.009506683198196707,0.04394989501533246,1.5405890941619873,0.016325216740369797,0.0901678883488148,0.1705623642569858,-6.555828910925253
00065.mp4,,True,0.014753206855615247,0.06007268855159531,1.7056349515914917,0.014423159882426262,0.08005165422130836,0.24328710404440573,-5.421944977603444
00066.mp4,,True,0.016905580137720227,0.06305096938492355,1.730454921722412,0.010001459158957005,0.11989814445906537,0.16830159200430525,-1.2232809918472287
00067.mp4,,True,0.028765350343678588,0.10269420764911533,2.2032647132873535,0.004905355628579855,0.13760165154192164,0.2695836869172348,-6.472243658286319
00068.mp4,,True,0.019210939689846714,0.07761856543385585,1.322620153427124,0.010794702917337418,0.08760417271144726,0.3055817456166416,-4.306583804867325
00069.mp4,,True,0.047544732986242275,0.17057987627352364,2.238832950592041,0.0064001078717410564,0.13304117974738813,0.5390653257398009,-2.946826006420245
00070.mp4,,True,0.020546930380330168,0.09038349113502804,1.5102230310440063,0.012165538035333157,0.19745828971877175,0.23476478487697916,-0.6777867778488335
00071.mp4,,True,0.035500743189481154,0.1423268700751395,4.049530982971191,0.009160170331597328,0.1349105901903804,0.38403760597317577,-5.515315773021445
00072.mp4,,True,0.023708176439697814,0.10485628785430415,2.567858934402466,0.008394738659262657,0.17152744871290534,0.2680920484331507,-6.4838471975887
00073.mp4,,True,0.027406638858375715,0.09477637248240607,1.470324158668518,0.013648966327309608,0.17854606523194178,0.23516833661752293,-5.289948986510787
00074.mp4,,True,0.06427335978561974,0.24451210109965144,1.6348154544830322,0.008453167974948883,0.30982497716961466,0.44146267618302715,-7.962201330965404
00075.mp4,,True,0.013668815447463022,0.049308489363822275,1.4293197393417358,0.013697687536478043,0.14416332519625602,0.14978028263864626,-4.059938196843821
00076.mp4,,True,0.015602160565837069,0.06266784708848207,2.7837769985198975,0.009674141183495522,0.16130419842023128,0.16979217330007793,-3.765480647379578
00077.mp4,,True,0.03785294859444423,0.14633689573803083,2.504970073699951,0.012850776314735413,0.08527723907034232,0.5173931136240101,-4.2051754764651985
00078.mp4,,True,0.021713618631986866,0.06626875260694784,2.417171001434326,0.008372827433049679,0.12612796046369937,0.20523908642923236,-7.093999758456828
00079.mp4,,True,0.035297139270138826,0.14140631995855246,2.376798152923584,0.012592921033501625,0.16097688030866328,0.2892501341640019,-2.64405440861555
00080.mp4,,True,0.025195518742657658,0.10436690068860716,1.5748378038406372,0.007302538957446814,0.20727089489143555,0.2839688121864496,-3.98839993348599
00081.mp4,,True,0.02484020462981049,0.08636990415109183,2.5855019092559814,0.016018599271774292,0.09363210709119604,0.2776792787605381,-5.748306056266443
00082.mp4,,True,0.015593083960766474,0.054929484665653526,1.4618964195251465,0.009978440590202808,0.10411015142167257,0.18169162817946374,-5.916182444284034
00083.mp4,,True,0.030011979724911687,0.11868093191196422,2.580859661102295,0.011351033113896847,0.09550509447201722,0.4396172032486,-3.550451054495651
00084.mp4,,True,0.018914977895325785,0.07013161085682128,1.1104941368103027,0.007677723653614521,0.2232372537905662,0.14077961435763733,-0.8040226220345246
00085.mp4,,True,0.03738553179816478,0.1432958537882606,2.330003499984741,0.010722525417804718,0.16828881715009691,0.35474065393723253,-6.328697057218713
00086.mp4,,True,0.016807594750704032,0.06918534369054317,3.1719233989715576,0.01700507290661335,0.09991285322408572,0.26677988146885295,-5.033729602354221
00087.mp4,,True,0.026176970740459823,0.102606690494272,1.9186266660690308,0.007101330440491438,0.17401028930026008,0.25445656915090914,-2.4196221846960033
00088.mp4,,True,0.02950548326059802,0.13234185325742326,1.749660611152649,0.005290059372782707,0.21634448404755205,0.345052470669336,-5.387145335956013
00089.mp4,,True,0.019167183920795815,0.070012950564444,2.44734525680542,0.010083243250846863,0.10563287163296825,0.56787199792473,-3.267883815657304
00090.mp4,,True,0.026257248186625205,0.09601304732456693,2.7007131576538086,0.007520015817135572,0.09562921143740953,0.3283700211832873,-3.515408026211281
00091.mp4,,True,0.01815832992198121,0.0756047681402655,1.4886038303375244,0.01463033352047205,0.21804027344483293,0.1457728106433004,-3.3265973211009587
00092.mp4,,True,0.03472932358856441,0.13292022668337883,3.5760531425476074,0.006842895410954952,0.1760251575369161,0.4359326133071591,-7.058427473831836
00093.mp4,,True,0.02307743705052102,0.0964350770995818,2.4938130378723145,0.01834101229906082,0.17541854950829952,0.22843213881609958,-1.045544372185625
00094.mp4,,True,0.025888328702829807,0.09735897279303489,0.9692856073379517,0.01724056527018547,0.13801684044658172,0.278517934289562,-6.4251841605679125
00095.mp4,,True,0.04140646938714894,0.1727053553998125,1.3222272396087646,0.008401596918702126,0.1865959096056327,0.4964671999077174,0.34245756064060595
00096.mp4,,True,0.015448777408924204,0.054021523755991695,1.7478253841400146,0.013125717639923096,0.12409113592450091,0.19942499652824278,-8.48187352687985
00097.mp4,,True,0.013928078290000014,0.052973224142768664,0.7152538895606995,0.024022048339247704,0.07899271793884792,0.26931380759156914,-5.478818767680704
00098.mp4,,True,0.02270949329377226,0.07818811267499456,1.8321572542190552,0.013630920089781284,0.10121327245124184,0.3681014948526892,-5.239348284360509
00099.mp4,,True,0.0110501629471784,0.0420155969267937,2.3338279724121094,0.011182594113051891,0.08696311106989063,0.18053460087256318,-5.411918828916168
00100.mp4,,True,0.01982229603961075,0.08514170223217012,1.6123042106628418,0.009266164153814316,0.18433083141152834,0.27406339646977396,-3.520600513984267
00101.mp4,,True,0.0168102006858569,0.06513215235131166,1.8611235618591309,0.008145040832459927,0.14180876821179605,0.20054709423293113,-3.5216910265412675
02_09__walk_down_hall_angry__6KUOFMZW.mp4,fake,True,nan,nan,3.0106542110443115,0.007880104705691338,nan,nan,nan
02_09__walking_down_street_outside_angry__6KUOFMZW.mp4,fake,True,0.011836677689128425,0.03374386638894886,2.2811362743377686,0.010692835785448551,0.1350397117860318,0.09058265503527088,-5.438705195805218
02_11__meeting_serious__NZJ1YEWE.mp4,fake,True,nan,nan,2.657418727874756,0.008701019920408726,nan,nan,nan
02_12__podium_speech_happy__9D2ZHEKW.mp4,fake,True,0.01274438388858291,0.042215898258098294,2.178907632827759,0.009340062737464905,0.18125754464115,0.10225404822163245,-6.037188531597395
02_12__walking_and_outside_surprised__9D2ZHEKW.mp4,fake,True,0.017830089348658543,0.0490443624414822,5.058448314666748,0.01613679900765419,0.09335668244069394,0.18469441838846568,-7.013203990390524
02_13__exit_phone_room__CP5HFV3K.mp4,fake,True,nan,nan,1.9921176433563232,0.012177523225545883,nan,nan,nan
02_13__hugging_happy__PLNVLO74.mp4,fake,True,0.02979160802958845,0.07401556352647665,4.147395133972168,0.010701516643166542,0.10353707285660191,0.3651978683558422,-5.415736592518456
02_13__kitchen_pan__2YSYT2N3.mp4,fake,True,0.013623649909671479,0.04149785165218762,4.6531476974487305,0.011780587956309319,0.10258112250475765,0.13707197664021048,-4.883992576189668
02_13__meeting_serious__CP5HFV3K.mp4,fake,True,nan,nan,7.0795817375183105,0.008785000070929527,nan,nan,nan
02_13__outside_talking_pan_laughing__2YSYT2N3.mp4,fake,True,0.014513384659076398,0.04636409118501181,3.1293911933898926,0.01141348760575056,0.16840435067620427,0.16459576818370406,-7.4785166779378764
02_13__outside_talking_still_laughing__CP5HFV3K.mp4,fake,True,0.016418466428093876,0.05526443022062706,1.9355913400650024,0.012515432201325893,0.18899957253443878,0.16618331759165486,-5.688872342436896
02_13__podium_speech_happy__2YSYT2N3.mp4,fake,True,0.01205504826747825,0.04061892321137019,2.6962523460388184,0.009355160407721996,0.15820019446182684,0.11323132520753704,-5.848068481271883
02_13__secret_conversation__CP5HFV3K.mp4,fake,True,nan,nan,3.9001712799072266,0.010854359716176987,nan,nan,nan
02_13__secret_conversation__PLNVLO74.mp4,fake,True,0.03125215735021986,0.07929701480877166,2.4857077598571777,0.011517337523400784,0.10158198885423625,0.32910607200681397,-5.554821006670327
02_13__walking_and_outside_surprised__CP5HFV3K.mp4,fake,True,0.026771871082442816,0.06853042450174529,4.926581382751465,0.013722953386604786,0.1313729914804435,0.1871045733188533,-4.81876636814775
02_14__outside_talking_pan_laughing__3IUBEKCT.mp4,fake,True,0.012586152359919597,0.04053983588416773,1.995149850845337,0.011045923456549644,0.14239464538892413,0.1571550773015879,-7.005865745724739
02_15__exit_phone_room__I8G2LWD1.mp4,fake,True,nan,nan,1.7372995615005493,0.012435619719326496,nan,nan,nan
02_15__exit_phone_room__MZWH8ATN.mp4,fake,True,nan,nan,2.0627102851867676,0.011602390557527542,nan,nan,nan
02_15__hugging_happy__MZWH8ATN.mp4,fake,True,0.02713176050001317,0.07197711568375288,4.1548027992248535,0.009144624695181847,0.11902853043820748,0.21976537033095564,-5.811247486802502
02_15__hugging_happy__XNJIS4S3.mp4,fake,True,0.01931595698079642,0.05057101704145224,3.8044562339782715,0.009915251284837723,0.12793221715882885,0.24059147179458018,-4.4539762346692795
02_15__kitchen_still__XNJIS4S3.mp4,fake,True,0.010616483368014901,0.03068867426514404,3.1065006256103516,0.014158807694911957,0.07769616202309938,0.11884935504141761,-5.746090157936395
02_15__meeting_serious__MZWH8ATN.mp4,fake,True,nan,nan,7.2287373542785645,0.008704420179128647,nan,nan,nan
02_15__outside_talking_pan_laughing__I8G2LWD1.mp4,fake,True,0.013462481734443952,0.03887134333906602,4.009992599487305,0.010723426938056946,0.1521669826208839,0.15040137873021578,-4.498679624086371
02_15__outside_talking_pan_laughing__SB6PMCO0.mp4,fake,True,0.013757683199710826,0.040132420301641956,2.0866587162017822,0.012101360596716404,0.1546531070754996,0.14626199072779233,-7.180314494043615
02_15__podium_speech_happy__MZWH8ATN.mp4,fake,True,0.011108341068015913,0.03463383913778815,2.4783575534820557,0.009002462029457092,0.14493880868750833,0.10067378226849266,-5.115598208679667
02_15__secret_conversation__MZWH8ATN.mp4,fake,True,nan,nan,3.8683922290802,0.010646688751876354,nan,nan,nan
02_15__talking_against_wall__HTG660F8.mp4,fake,True,0.0067033264117410665,0.01845431137820666,1.0956048965454102,0.010077075101435184,0.038333035346510703,0.10178920403026703,-6.504362267203804
02_15__talking_angry_couch__HTG660F8.mp4,fake,True,0.014776201943259319,0.0434843936088945,2.07425594329834,0.01357947662472725,0.12749201578138328,0.14409861100800594,-7.296792981178653
02_15__talking_angry_couch__I8G2LWD1.mp4,fake,True,0.013862812324533607,0.0407193427722886,2.515564441680908,0.013108666986227036,0.14535320178726394,0.12781912627326203,-7.695525651174778
02_15__walk_down_hall_angry__TN2CWM3K.mp4,fake,True,nan,nan,2.48494553565979,0.007950481958687305,nan,nan,nan
02_15__walking_and_outside_surprised__HTG660F8.mp4,fake,True,0.019961147146904494,0.050130707670423026,5.210229396820068,0.01625462807714939,0.10448288003160215,0.1843867859114478,-8.745861311663031
02_15__walking_and_outside_surprised__I8G2LWD1.mp4,fake,True,0.02032236727270872,0.05301558487998495,5.552934169769287,0.016637908294796944,0.10249623551817631,0.1833537203362092,-7.191555754287054
02_15__walking_and_outside_surprised__MZWH8ATN.mp4,fake,True,0.01953426332256469,0.05422700891805046,5.225735187530518,0.016055632382631302,0.10621479861345834,0.1849287173278543,-5.1558672962756935
02_15__walking_outside_cafe_disgusted__MZWH8ATN.mp4,fake,True,nan,nan,1.3833796977996826,0.009892527014017105,nan,nan,nan
02_18__exit_phone_room__OXMEEFUQ.mp4,fake,True,nan,nan,2.116468667984009,0.011615006253123283,nan,nan,nan
02_18__outside_talking_pan_laughing__OXMEEFUQ.mp4,fake,True,0.013633565464226418,0.0437951434406058,3.219771385192871,0.010638060979545116,0.1470314459168907,0.15598885217111724,-4.970867512074938
02_18__secret_conversation__B95S4G6F.mp4,fake,True,0.01934009845566884,0.056791643782662306,3.669926166534424,0.009955782443284988,0.15287635040015846,0.17326152849144755,-6.274325020599462
02_18__walk_down_hall_angry__B95S4G6F.mp4,fake,True,nan,nan,2.63734769821167,0.008926905691623688,nan,nan,nan
02_18__walking_down_street_outside_angry__21JTDDEL.mp4,fake,True,0.009801343485274602,0.03134018441785828,1.8583062887191772,0.01073518954217434,0.1700317397325061,0.07322759176409842,-5.751238828282417
02_21__kitchen_pan__Z0XHPQAR.mp4,fake,True,0.011660996238783201,0.03720116410981782,4.991172790527344,0.011891599744558334,0.10931388212282378,0.12681026172232598,-5.033290713910835
02_21__talking_angry_couch__Z0XHPQAR.mp4,fake,True,0.016060564428723542,0.04540143248823919,2.956759214401245,0.012960268184542656,0.13673179541117123,0.13598427739892374,-7.3945653240163765
02_25__talking_against_wall__Z7FQ69VP.mp4,fake,True,0.007769401260581084,0.02277062768040817,1.1435261964797974,0.010450621135532856,0.06897430959950394,0.09594132490677106,-5.033107636133495
02_27__hugging_happy__GVFLSZD5.mp4,fake,True,0.019205331816194996,0.04886547141716061,4.10942268371582,0.010219493880867958,0.09935122315661352,0.238143648671654,-4.752557586529418
02_27__walk_down_hall_angry__78M8S6M6.mp4,fake,True,nan,nan,3.0959720611572266,0.007869239896535873,nan,nan,nan
02_27__walking_down_indoor_hall_disgust__YQX5Z8GN.mp4,fake,True,0.017745411882458626,0.05217295695037607,3.1313316822052,0.011762452311813831,0.10167341985389426,0.20463928728651914,-6.893923900804303
02_27__walking_down_street_outside_angry__3L1MLH3D.mp4,fake,True,0.010374066276878776,0.03222894911761074,2.1623809337615967,0.010383893735706806,0.1759968191369011,0.07254912660184479,-8.092614123657672
03_01__meeting_serious__JZUXXFRB.mp4,fake,True,nan,nan,2.5240392684936523,0.009585961699485779,nan,nan,nan
03_01__outside_talking_still_laughing__JZUXXFRB.mp4,fake,True,0.014831602170439571,0.043520756060688705,2.594794511795044,0.011204511858522892,0.14551952612017965,0.12581655307927897,-6.3438438911523125
03_01__podium_speech_happy__JZUXXFRB.mp4,fake,True,0.01260351965016219,0.03941968347998416,1.624375343322754,0.01271296851336956,0.12551534378267334,0.14588523091412417,-5.92337999920667
03_01__walking_and_outside_surprised__JZUXXFRB.mp4,fake,True,0.014315283027287998,0.04255996261343286,3.6798837184906006,0.012042297050356865,0.0884572280597684,0.17317910717277035,-8.03643721643205
03_04__outside_talking_pan_laughing__T04P6ELC.mp4,fake,True,0.015961350548984697,0.040234783121775454,2.035562753677368,0.014477782882750034,0.13975565319434968,0.10382285057949021,-3.655002442822981
03_04__talking_angry_couch__T04P6ELC.mp4,fake,True,0.01897201434831621,0.06605126892752224,2.969914674758911,0.016523223370313644,0.2294736711492476,0.15246462968198485,-4.515140435125526
03_06__exit_phone_room__1IXGY2FK.mp4,fake,True,0.03021298396708025,0.08329163175791042,3.9285085201263428,0.012650719843804836,0.1766608410918543,0.20296253177655893,-6.728685516342359
03_06__hugging_happy__2XWC5JED.mp4,fake,True,0.016562134208468932,0.04591523887598355,2.227801561355591,0.009824940003454685,0.11566137536840959,0.22844035410866242,-6.99022225149478
03_06__meeting_serious__83ABVHC3.mp4,fake,True,nan,nan,4.121606349945068,0.008401419967412949,nan,nan,nan
03_06__podium_speech_happy__83ABVHC3.mp4,fake,True,0.013765441903740667,0.04212334910600977,1.1784061193466187,0.011422947980463505,0.13241424725633755,0.1432260083257101,-8.64600936165049
03_07__exit_phone_room__6PHZRQ4H.mp4,fake,True,0.0227095496186739,0.07527124230714825,3.7098588943481445,0.01298971101641655,0.1554018214300845,0.15379144038001324,-6.083700276299676
03_07__hugging_happy__BKLOCI1M.mp4,fake,True,0.025358228707094158,0.06842659440442345,2.2950077056884766,0.010230244137346745,0.14690901692830924,0.2541853266687406,-4.978203812500706
03_07__kitchen_pan__WPT3Z2KN.mp4,fake,True,0.03896479673125142,0.08035216226385852,1.6794464588165283,0.01297371182590723,0.09310227168883381,0.3506124463246141,-2.864605296927876
03_07__talking_against_wall__PWXXULHR.mp4,fake,True,0.01112509259894648,0.03358565753781185,1.5286155939102173,0.011677472852170467,0.07414752867858637,0.14469738167071378,-4.727130274517318
03_07__walk_down_hall_angry__6PHZRQ4H.mp4,fake,True,nan,nan,3.39607572555542,0.010238117538392544,nan,nan,nan
03_07__walk_down_hall_angry__IFSURI9X.mp4,fake,True,nan,nan,4.019024848937988,0.010206116363406181,nan,nan,nan
03_07__walking_down_indoor_hall_disgust__PWXXULHR.mp4,fake,True,0.027373063128046944,0.06858089366620292,3.820289134979248,0.009594677947461605,0.11460272461925287,0.22790035678438703,-7.908655699704927
03_07__walking_outside_cafe_disgusted__CDSNLDQ8.mp4,fake,True,0.01658224581416622,0.07199281158943355,2.031054735183716,0.013447005301713943,0.26240970430899935,0.13056547613228256,-3.194592259313631
03_07__walking_outside_cafe_disgusted__IFSURI9X.mp4,fake,True,0.010719150807917998,0.04549997429304765,1.712256669998169,0.014087737537920475,0.2093067767897172,0.10347843969132663,-4.87998053002165
03_07__walking_outside_cafe_disgusted__PWXXULHR.mp4,fake,True,0.015857918019059822,0.06288482028404559,2.120433807373047,0.012805952690541744,0.24720377273032512,0.11639131312882361,-3.4700706497409115
03_09__kitchen_pan__8DTEGQ54.mp4,fake,True,0.03092623080748262,0.07486394818618691,1.0375196933746338,0.012865698896348476,0.07418677332888537,0.2585672091950259,-3.318623871660431
03_09__outside_talking_still_laughing__RCETIXYL.mp4,fake,True,0.01253904356031772,0.03622065111742434,2.287907838821411,0.010390635579824448,0.1147112598799532,0.11645727402266384,-5.462085020466652
03_09__secret_conversation__RCETIXYL.mp4,fake,True,0.03248163568638868,0.07956694388730054,3.6341915130615234,0.014982713386416435,0.07650382233714648,0.327795670193125,-4.135073868338667
03_11__exit_phone_room__P08VGHTA.mp4,fake,True,0.02058774581873346,0.05590019645759255,3.707568407058716,0.012572347186505795,0.13567603101732514,0.155234327667867,-5.642614665640078
03_11__talking_against_wall__P08VGHTA.mp4,fake,True,0.011571143443881443,0.03742980744750626,1.6304312944412231,0.011706705205142498,0.08830861499649623,0.14461105797303045,-6.652612323078925
03_11__walk_down_hall_angry__P08VGHTA.mp4,fake,True,nan,nan,4.654844760894775,0.010306432843208313,nan,nan,nan
03_13__exit_phone_room__GBYWJW06.mp4,fake,True,0.03584949765980588,0.11163202801931468,3.9462602138519287,0.012562386691570282,0.17485046114902866,0.2037367317467843,-4.301120642454891
03_13__kitchen_pan__GBYWJW06.mp4,fake,True,0.04486525593490916,0.09625436509203113,1.1849839687347412,0.012144525535404682,0.08875590939980765,0.2806161393366482,-6.758059514976679
03_13__meeting_serious__GBYWJW06.mp4,fake,True,nan,nan,2.5043752193450928,0.008816593326628208,nan,nan,nan
03_13__meeting_serious__T3MZOI8X.mp4,fake,True,nan,nan,1.875270128250122,0.00899340771138668,nan,nan,nan
03_13__outside_talking_still_laughing__GBYWJW06.mp4,fake,True,0.01619159237413143,0.051558672379381006,2.500213623046875,0.01073644869029522,0.148404454802694,0.15048979717433197,-8.745280857155453
03_13__talking_against_wall__GBYWJW06.mp4,fake,True,0.016254850616415777,0.04566740181428883,1.206862449645996,0.01159689761698246,0.07912562545538752,0.18852423648050992,-6.90308821707836
03_14__exit_phone_room__H0VQHGS3.mp4,fake,True,0.03341304761929996,0.09211676967471123,3.8684256076812744,0.012347746640443802,0.2006183340888812,0.18225044703834942,-6.394654108907812
03_14__meeting_serious__KJ221YN0.mp4,fake,True,nan,nan,3.8070907592773438,0.008563721552491188,nan,nan,nan
03_14__meeting_serious__PLCQJM81.mp4,fake,True,nan,nan,3.1889970302581787,0.008334845304489136,nan,nan,nan
03_14__podium_speech_happy__Q9NSXM88.mp4,fake,True,0.015071153554677965,0.0465807464303623,1.293929100036621,0.011682027019560337,0.13704624276001307,0.13837229189525782,-7.725187651150666
03_14__talking_against_wall__ZC2KYASW.mp4,fake,True,0.012240458257723389,0.038335323000798956,1.1770788431167603,0.011679789051413536,0.0869306881917125,0.14974424757499402,-5.229275078080993
03_14__walk_down_hall_angry__P1L5PF4I.mp4,fake,True,nan,nan,4.494287490844727,0.010259909555315971,nan,nan,nan
03_14__walking_down_indoor_hall_disgust__KJ221YN0.mp4,fake,True,0.02400661999841802,0.06909016179488406,3.8377256393432617,0.009278123266994953,0.13094339151726667,0.2177963149369196,-4.368148631965585
03_14__walking_down_street_outside_angry__H0VQHGS3.mp4,fake,True,nan,nan,2.6701736450195312,0.011770247481763363,nan,nan,nan
03_15__kitchen_pan__AIOM1U5V.mp4,fake,True,0.028301166925557543,0.06996452387466397,1.5107251405715942,0.012561200186610222,0.08807781099175878,0.25344047827458654,-4.7536879565852646
03_15__kitchen_pan__DNUJD8M2.mp4,fake,True,0.03355039261475723,0.07137487077472697,1.1666775941848755,0.012559155002236366,0.08020757804398639,0.21751948891327086,-6.959507166571502
03_15__meeting_serious__DNUJD8M2.mp4,fake,True,nan,nan,2.8578474521636963,0.00863641407340765,nan,nan,nan
03_15__meeting_serious__OY4I7ZU8.mp4,fake,True,nan,nan,3.212127447128296,0.009180886670947075,nan,nan,nan
03_15__outside_talking_pan_laughing__Y11NT1YX.mp4,fake,True,0.01356415230472441,0.038879260835842984,1.3484364748001099,0.011377300135791302,0.11910481281050123,0.11064636901816725,-6.176873369044124
03_15__outside_talking_still_laughing__DNUJD8M2.mp4,fake,True,0.01311789859810647,0.039507590840296,1.9281636476516724,0.01161930151283741,0.13171225974441542,0.12258564494270131,-5.297034012800859
03_15__podium_speech_happy__DG8ITQO3.mp4,fake,True,0.012213756067193302,0.037371630101186146,1.7936915159225464,0.012437145225703716,0.12967111136027856,0.12198841487397731,-7.5614678969363
03_18__kitchen_pan__22UBC0BS.mp4,fake,True,0.024593605873180473,0.0636810918847664,1.726194143295288,0.011876261793076992,0.07873257714651133,0.23317804347104476,-7.282004461265731
03_18__walking_and_outside_surprised__8HNSXOBW.mp4,fake,True,0.026156476024062212,0.059917363952391785,4.156813144683838,0.01209859736263752,0.10946489876174284,0.17848680219441107,-7.416854154227076
920.mp4,real,True,0.008059417071637525,0.02503726381747844,1.6193060874938965,0.01503304298967123,0.04775050405363495,0.1361967422201587,-5.672148048099086
921.mp4,real,True,0.03161916629380692,0.12083327632123625,2.3153762817382812,0.01579802855849266,0.07916520645641671,0.5828139180469775,-2.4974650549959305
922.mp4,real,True,0.012842745414294891,0.044648250191716796,3.0417580604553223,0.0033833361230790615,0.2610020914563795,0.0925189366380265,-6.097938494965417
923.mp4,real,True,0.009761749255153685,0.03574107242450848,1.9568769931793213,0.009640839882194996,0.1837002403483638,0.08059226254022149,-5.3273423380755025
924.mp4,real,True,0.011555406886689663,0.039681008578055385,1.9233372211456299,0.01145175751298666,0.13209810314042358,0.11933242815436185,-7.411032371217546
925.mp4,real,True,0.01408302328805773,0.04818737451640969,1.8712717294692993,0.022221120074391365,0.08044306827128443,0.3189186111309289,-5.000577519698696
926.mp4,real,True,0.008318920760840868,0.03164472920734808,2.370417356491089,0.015520735643804073,0.14248089785628837,0.0969093692517223,-8.357033938244378
927.mp4,real,True,0.01260994570604778,0.03882857567323001,0.8408178687095642,0.010675518773496151,0.14056330852300608,0.11324512515513492,-5.408139618836043
928.mp4,real,True,0.014912889515709557,0.05156524192520847,2.1578032970428467,0.03101266920566559,0.03803589207963449,0.257764610976385,-5.1385787874433495
929.mp4,real,True,0.012606947937137099,0.050406017462800906,1.4937164783477783,0.013163408264517784,0.20115268370875147,0.1456074278126693,-2.630681777804049
930.mp4,real,True,0.014778700514436178,0.05875801566146151,3.7273507118225098,0.016650479286909103,0.18536562192633763,0.15889226670227272,-4.577189087594601
931.mp4,real,True,0.014185802649377023,0.042798772999043375,1.685533881187439,0.006739781703799963,0.2753882012596862,0.08255027864616843,-2.4382708225613934
932.mp4,real,True,0.009850491970256439,0.030096250158661842,1.7491099834442139,0.08136261254549026,0.04827939864533547,0.20875319825195343,-5.573316265477443
933.mp4,real,True,0.007675113397235543,0.027479114332715993,1.7526167631149292,0.03018944337964058,0.06192523636415842,0.12067451361826197,-5.364135862860464
934.mp4,real,True,0.007738439115285655,0.02460815672724252,1.5849474668502808,0.015236875042319298,0.07748346385791455,0.12095395251780544,-7.625193473835454
935.mp4,real,True,0.011846912271897613,0.03274422818743039,2.2925033569335938,0.011180360801517963,0.04828894036554415,0.17459104594023994,-4.251655948049279
936.mp4,real,True,0.008553686950462807,0.03282358540974813,1.6445871591567993,0.005871640983968973,0.13353390424611053,0.09904382787248332,-1.802640561858257
937.mp4,real,True,0.019535006556920052,0.056960408934951634,1.8312796354293823,0.017082562670111656,0.11496652904836,0.19800917640481197,-9.183831449846384
938.mp4,real,True,0.011464467547354605,0.03392725068550895,0.8916390538215637,0.011250960640609264,0.10434090896652068,0.13305577561118107,-4.678011898797488
939.mp4,real,True,0.00849731670010821,0.03387913737801377,1.5104118585586548,0.015089474618434906,0.12833713475915387,0.10798694518814024,-5.459400596309928
940.mp4,real,True,0.013906210731291094,0.04716463465233494,1.6762845516204834,0.009496761485934258,0.2597075219643538,0.11761012866603249,-4.780795945176422
941.mp4,real,True,0.015091119900114868,0.04182488829674654,1.4027764797210693,0.007896536029875278,0.2091774164827701,0.10760269174289455,-7.341877311425246
942.mp4,real,True,0.006803077574579586,0.023139140882554907,1.5452611446380615,0.015300611034035683,0.08762496927531477,0.09458910504252481,-6.233970201350351
943.mp4,real,True,0.010305798721552498,0.03330420699254594,3.5237977504730225,0.014955654740333557,0.09708301930738014,0.13004355638355117,-2.3823679139522365
944.mp4,real,True,0.019265285920160302,0.07416495468201266,2.453216314315796,0.012202069163322449,0.11516498775209186,0.2511199034246542,-2.8650085468791553
945.mp4,real,True,0.015255214537346922,0.07287045194360126,2.48998761177063,0.015864050015807152,0.12156808076998397,0.30468141019047557,0.25128378284395814
946.mp4,real,True,0.01759278386476717,0.0826498393939953,3.199441909790039,0.013539046980440617,0.17974342632771792,0.23438344376909936,-1.149764809118967
947.mp4,real,True,0.012829970700568117,0.05573612597029194,1.415673017501831,0.013940303586423397,0.10438798315298572,0.22398032610452637,-5.6281642999933466
948.mp4,real,True,0.040689499441718256,0.16102156154919378,1.9139608144760132,0.024534747004508972,0.09457949626779016,0.28508575841319445,-4.44207745054088
949.mp4,real,True,0.016594060270531872,0.06742967566615916,1.665704607963562,0.008020401000976562,0.1607929458889838,0.20316591770002626,-6.550412614098846
950.mp4,real,True,0.0073052507465021605,0.02573264112571346,1.809993028640747,0.0076489802449941635,0.0474996032623338,0.15101077303329435,-6.055044606227532
951.mp4,real,True,0.014032138605629105,0.04994038569688426,1.6770191192626953,0.012201417237520218,0.14637531629358494,0.1547044778781538,-6.413389287023633
952.mp4,real,True,0.00645828883160493,0.025016280906791723,1.9386935234069824,0.011783923022449017,0.073809864976021,0.11124933640740889,-5.03288355270628
953.mp4,real,True,0.01114073950875895,0.03411955620766863,1.8458389043807983,0.008055365644395351,0.07876494464794184,0.1295002598832407,-5.45695810724835
954.mp4,real,True,0.01628644564798168,0.05012036494675059,1.52784264087677,0.008035976439714432,0.20035540503211513,0.12022523440488325,-8.514469496684832
955.mp4,real,True,0.010739664151537981,0.03272948187064449,1.6301709413528442,0.01955745555460453,0.09498889289720938,0.13696436567363518,-7.204136354447441
956.mp4,real,True,0.015118584354947928,0.050761410474953014,2.5995402336120605,0.011662541888654232,0.20860769095183246,0.1248593900764959,-3.7729792953527106
957.mp4,real,True,0.010310932098215687,0.04005607569240012,2.514230966567993,0.01768256537616253,0.055874911219324266,0.2871227042414935,-5.629097715432096
958.mp4,real,True,0.017067966600139962,0.05569075522461577,1.5611412525177002,0.007052377797663212,0.21276112311013565,0.12465147253364894,-6.888537044882312
959.mp4,real,True,0.009107726559057136,0.030546454380797342,1.2642017602920532,0.018937919288873672,0.10875068568137232,0.13767821429333937,-4.508056055059408
960.mp4,real,True,0.014834225367409611,0.05500104898876036,4.015106678009033,0.007600387092679739,0.0819291523232767,0.33458428459931155,-3.4880528169061877
961.mp4,real,True,0.008323021784394476,0.028545836708037543,1.5077879428863525,0.01348855160176754,0.07207853865024154,0.18493601639447216,-0.499424397141483
962.mp4,real,True,0.013411998054243191,0.05357279074350624,1.3194490671157837,0.026624424383044243,0.16984118441236692,0.15970682258992447,-3.7600201399446465
963.mp4,real,True,0.011276973934848387,0.040205634125090504,1.530429720878601,0.017830999568104744,0.1410022213345042,0.13127116427964738,-4.047150185887967
964.mp4,real,True,0.009460631005292118,0.0363258644379707,1.3177891969680786,0.01429508626461029,0.21728705122363234,0.08176496804752102,-3.792815853926185
965.mp4,real,True,0.00742703221050703,0.02354288458588007,4.188171863555908,0.01884634792804718,0.0373563037550526,0.1519231137133111,-3.294427686185402
966.mp4,real,True,0.020540215770306704,0.06432761986090156,1.5789382457733154,0.014913046732544899,0.21374358877891433,0.15418005001098617,-5.42112061333225
967.mp4,real,True,0.008269252498252378,0.023798189758747278,1.7460287809371948,0.011595095507800579,0.06202882162934356,0.11747348046319209,-6.987733090433887
968.mp4,real,True,0.012050872506101611,0.03451244475669441,1.7199138402938843,0.01648566499352455,0.13916433664554265,0.10033076368568218,-0.7899096341932781
969.mp4,real,True,0.013807745601926007,0.04930205592189049,1.7576783895492554,0.012095418758690357,0.25083445914267194,0.09901085325790229,-3.0860001926879788
970.mp4,real,True,0.011953693665563772,0.041297636185329,2.6538031101226807,0.009694959037005901,0.19110327420623205,0.1170565935596788,-2.5875584673894148
971.mp4,real,True,0.01780098139588707,0.05967966543492003,2.7492809295654297,0.011798152700066566,0.09357097308312076,0.25145041714232175,-2.4679127981714304
972.mp4,real,True,0.007442975275563311,0.023708824017649257,1.5760338306427002,0.013547563925385475,0.05082034122391533,0.13101007938647707,0.6409381728556353
973.mp4,real,True,0.01282616896248856,0.04541118354577912,2.526298999786377,0.008582031354308128,0.17016671144218537,0.11798241191433162,-8.243310213646218
974.mp4,real,True,0.019713812454728478,0.05508674080209459,1.977118968963623,0.010949719697237015,0.11707673136301743,0.15751076351811694,-5.805341041436275
975.mp4,real,True,0.009636119361690045,0.03295426401772728,1.9327508211135864,0.010989531874656677,0.07120118182605678,0.12923997478079605,-6.3663248618189066
976.mp4,real,True,0.011912451988790264,0.040979254456733664,1.4821828603744507,0.004896698519587517,0.21145135710272836,0.09672875496972047,-3.7329551161934402
977.mp4,real,True,0.01660396948439115,0.06448005699469293,0.8685347437858582,0.010630592703819275,0.07116544117276659,0.2828016309496952,-5.369563505427092
978.mp4,real,True,0.00847812142144665,0.03443416943291053,1.726489543914795,0.011124429292976856,0.07935743733505729,0.15867417535211337,-6.85165067011283
979.mp4,real,True,0.012969640837950573,0.05322672300392427,2.1449379920959473,0.01904120296239853,0.08183137567778052,0.206516399002807,-3.1398194919630713
980.mp4,real,True,0.013523158102532873,0.05316230723977774,1.9133691787719727,0.009465723298490047,0.23969157962589605,0.1084318360455583,-1.5015834162689674
981.mp4,real,True,0.017940386022152307,0.058401540137041026,3.2042605876922607,0.009843133389949799,0.32387872417453045,0.10039498325239146,-3.959663101155482
982.mp4,real,True,0.01136660473258049,0.03530352315128414,1.5897070169448853,0.007844706997275352,0.08098777439561186,0.14544847194106014,-7.901630168164946
983.mp4,real,True,0.011835884495694797,0.037620785944704256,1.173034429550171,0.0037480874452739954,0.14432310133557436,0.1275100853551717,-6.57427087128872
984.mp4,real,True,0.009639253086415233,0.028854548020379844,1.3619697093963623,0.012348329648375511,0.080367909016584,0.11822389170590672,-8.986727383749379
985.mp4,real,True,0.01847585324720721,0.051414876407378296,2.92781400680542,0.007566027343273163,0.1270479360156421,0.16075965125579375,-7.326192170696894
986.mp4,real,True,0.010424519814365842,0.035080390775892006,2.3882105350494385,0.007629736792296171,0.12193921556984451,0.11261380039000009,-4.031985197108797
987.mp4,real,True,0.01397690003244074,0.03789938844800558,1.8705830574035645,0.015118492767214775,0.19157618390556905,0.0865146748493172,-6.083715466896842
988.mp4,real,True,0.008739392425762231,0.027370344741148873,1.2576818466186523,0.010342994704842567,0.1510447592161563,0.07568690515403831,-4.527976895000425
989.mp4,real,True,0.019785528443005376,0.06283079507010676,2.673412322998047,0.013009408488869667,0.24521111376854868,0.13823151192205296,-5.573441802763773
990.mp4,real,True,0.015016366655948429,0.04553625652668987,1.8534865379333496,0.008004053495824337,0.21311937188053243,0.10737637958500083,-7.152977887599683
991.mp4,real,True,0.014517469212297487,0.045403618002658415,1.8253728151321411,0.014352086000144482,0.1928641207340406,0.11529643754011482,-7.273077064719392
992.mp4,real,True,0.015361897678966683,0.052324085913223024,1.6389516592025757,0.010231327265501022,0.2999634277091675,0.1057258297161829,-7.539762816417539
993.mp4,real,True,0.018296964188913332,0.05591737496505211,1.2325894832611084,0.009981651790440083,0.2357494188442837,0.10320439702033986,-6.729532583178815
994.mp4,real,True,0.015975625593966935,0.05074752873648702,1.1315641403198242,0.009080780670046806,0.13263453149034962,0.15531061539763524,-6.187796121713615
995.mp4,real,True,0.014831489413150706,0.05338427035206244,4.14956521987915,0.019306348636746407,0.17316405217851677,0.1504530733055979,-5.085295459933429
996.mp4,real,True,0.014556466852974572,0.050071389073817044,2.6283676624298096,0.012991703115403652,0.09025661096679478,0.18632414265754024,-6.9060063373169935
997.mp4,real,True,0.01892168662452255,0.05885498564337664,1.7825171947479248,0.012484931387007236,0.18013156225228835,0.16713116863371788,-5.778072313046438
998.mp4,real,True,0.011990971812942038,0.05524685659447144,1.56034255027771,0.009575859643518925,0.12291255328340481,0.16745625763631714,-1.5346570690310182
999.mp4,real,True,0.018184718246572727,0.07528935244813414,1.4385850429534912,0.0055916812270879745,0.14467055836337123,0.2612286755018379,-1.5962994150306489
Grok_0001.mp4,fake,True,0.01400017245124522,0.04245175493487285,1.8725414276123047,0.01062854379415512,0.09008638411008008,0.15939912098238337,-8.501084324399447
Grok_0002.mp4,fake,True,0.008616940142400586,0.027741852572110072,1.9327654838562012,0.004835822619497776,0.0969734350763327,0.1112124914484467,-6.055934469428027
Grok_0003.mp4,fake,True,0.015483495243150246,0.04564064605418089,2.135737419128418,0.010677444748580456,0.06134142502525383,0.2100067124218933,-6.842554853990403
Grok_0004.mp4,fake,True,0.011171870526502358,0.02868563280426348,2.7432162761688232,0.007605111692100763,0.17530100214062044,0.08387506695269441,-3.8755401470841506
Grok_0005.mp4,fake,True,0.00911675330918051,0.029775332019681303,1.8858798742294312,0.016282223165035248,0.1148718752357114,0.11538460745953516,-2.5902393431328874
Grok_0006.mp4,fake,True,0.02501539639004529,0.0846396662200036,1.4758409261703491,0.010779817588627338,0.16319281370679328,0.2819995752220304,0.9035043269265768
Grok_0007.mp4,fake,True,0.016072265601796473,0.05299395036401825,1.9192935228347778,0.0075412956066429615,0.13002968295744052,0.2080071293804966,-3.187368523917702
Grok_0008.mp4,fake,True,0.015247431443035604,0.042726934479180995,1.8789421319961548,0.010309169068932533,0.10485028493283494,0.20860112436929662,-6.323445251720104
Grok_0009.mp4,fake,True,0.007759723191997526,0.023543058587479574,2.010878801345825,0.0071833571419119835,0.08354378798053981,0.09962062728780997,-5.138446041852949
Grok_0010.mp4,fake,True,0.011356392419467187,0.0329205048021849,1.9738733768463135,0.005283730570226908,0.1691011819463619,0.10118205486994751,-1.8023525319796485
Grok_0011.mp4,fake,True,0.009919283129207814,0.03749276050833174,1.2934306859970093,0.014833550900220871,0.12541906381864953,0.18635086984189925,0.8257480806534236
Grok_0012.mp4,fake,True,0.00795811571395353,0.024207460654737566,1.0046534538269043,0.02431308664381504,0.12559719187965673,0.08645515732090207,-5.748200784590979
Grok_0013.mp4,fake,True,0.01471884258013604,0.04161102429689796,1.5969270467758179,0.017769448459148407,0.11432528403320939,0.13582937510230292,-1.7092046383743178
Grok_0014.mp4,fake,True,0.011580872654321147,0.03475585314349312,1.2337168455123901,0.014049513265490532,0.11646900849941984,0.12635392170254645,-2.8986527834701175
Grok_0015.mp4,fake,True,0.014402212412497008,0.04292273916463235,1.3119808435440063,0.014789260923862457,0.1442165200517564,0.1585189957448289,-5.162514842189596
kling_0001.mp4,fake,True,nan,nan,4.096828460693359,0.012735431082546711,nan,nan,nan
kling_0002.mp4,fake,True,nan,nan,2.1951892375946045,0.02101406268775463,nan,nan,nan
kling_0003.mp4,fake,True,0.008233968952888871,0.031147533474912805,1.0962074995040894,0.029537640511989594,0.13919566240080858,0.14302720517343845,-2.417282878098427
kling_0004.mp4,fake,True,0.009918553967040248,0.025225403117669878,1.658170461654663,0.02714761346578598,0.15793098709156234,0.07762854802011444,-6.003922198339701
kling_0005.mp4,fake,True,nan,nan,1.5602613687515259,0.021666981279850006,nan,nan,nan
kling_0006.mp4,fake,True,0.017462563397651547,0.06140946735641453,1.623059630393982,0.0211788322776556,0.07284531974038956,0.3285371213935131,-4.156623503445465
kling_0007.mp4,fake,True,0.012889752649438696,0.038407104034043044,2.7130966186523438,0.010549573227763176,0.07095780837331217,0.31152743997096977,-7.562237253653912
kling_0008.mp4,fake,True,0.006317475009746151,0.018189534582976723,2.2345871925354004,0.01659751869738102,0.05097856282961722,0.09178635955186021,-5.438666436133699
kling_0009.mp4,fake,True,0.015811923064811072,0.06511434818195506,2.706714391708374,0.02120012417435646,0.2283350754995814,0.16502777059268506,-2.7011757243344485
kling_0010.mp4,fake,True,0.020442249737275663,0.04675564889403521,3.097796678543091,0.02643098123371601,0.12072071221167613,0.17449033414361081,-8.141388454852645
kling_0011.mp4,fake,True,0.020286891320305752,0.06551210325467584,2.750678062438965,0.019164759665727615,0.3320529296703277,0.12377569833662627,-4.294642836293866
kling_0012.mp4,fake,True,0.012473686282239532,0.035569889059272886,1.0486935377120972,0.009373195469379425,0.13976218273066493,0.11880669572965172,-4.745211481595003
kling_0013.mp4,fake,True,0.011532078319833949,0.03904351466349992,1.076233148574829,0.01518282014876604,0.1339284686450523,0.11115878142316207,1.8264177367884775
kling_0014.mp4,fake,True,0.008482952517051003,0.025646161393084604,1.705154299736023,0.01708127371966839,0.08199280962802087,0.09548284200934243,-3.9332667620516846
kling_0015.mp4,fake,True,0.010642775046418126,0.04219976962278926,2.0769202709198,0.018238840624690056,0.20075247802741084,0.09117826194963853,-2.119106393774834
kling_0016.mp4,fake,True,0.009333242857257404,0.03355081802171796,1.1165143251419067,0.011042047291994095,0.09606189472785703,0.1461993368636848,-0.9788215396621504
kling_0017.mp4,fake,True,0.007758844588698217,0.024037146891343165,2.3270132541656494,0.011914013884961605,0.05453103948975192,0.1272233127409094,-1.185071834716672
kling_0018.mp4,fake,True,0.008575711124515202,0.032196336620049906,1.4450576305389404,0.013513033278286457,0.19295771436682263,0.07769617986607143,-2.73932983250417
kling_0019.mp4,fake,True,0.03570417926809749,0.08799247541085307,5.11562967300415,0.016220442950725555,0.11639370269327592,0.19109855804047304,-7.795366845146653
kling_0020.mp4,fake,True,0.013709361111659843,0.04341178237146553,1.722217082977295,0.008358262479305267,0.1917590473126233,0.10519001140087678,-4.369239703919501
kling_0022.mp4,fake,True,0.011498286130278623,0.039940953584624746,1.0130438804626465,0.019651275128126144,0.11023581376475391,0.17649061428557003,-1.5732142120007218
kling_0023.mp4,fake,True,0.008964797841644837,0.023933610951977817,1.5259805917739868,0.019115179777145386,0.0862726440396069,0.11905649938468563,-6.142021599588886
kling_0024.mp4,fake,True,0.017378345403343185,0.05612700656331292,1.6428744792938232,0.013731074519455433,0.2125696276395337,0.14514365490307998,-5.879706610261711
kling_0025.mp4,fake,True,0.011675940411896886,0.03641307943879267,1.5142093896865845,0.01666729338467121,0.20275903884100516,0.09113827053824892,-4.916183512781896
kling_0026.mp4,fake,True,0.007217697904663935,0.022632685381123757,2.3916258811950684,0.020974230021238327,0.1216355071882818,0.07182473148753353,-4.73498781092796
kling_0027.mp4,fake,True,0.05236814014320634,0.1343257546324255,2.7585833072662354,0.03232347592711449,0.1389107266794987,0.4571779334567009,-5.67646863766713
kling_0028.mp4,fake,True,0.025258891855132023,0.0697393700494422,5.159400463104248,0.01296719815582037,0.18424661830751174,0.2182040885228307,-7.376879258689536
kling_0029.mp4,fake,True,0.022339157147388836,0.0704901214167519,1.8595843315124512,0.018070364370942116,0.27054551748053524,0.3530605356379555,-5.557398501556868
kling_0030.mp4,fake,True,0.015028478393582696,0.04973042791031175,1.0593153238296509,0.02432510070502758,0.07414084033973799,0.2334304511684422,-4.089719487928017
kling_0031.mp4,fake,True,0.00941621832153596,0.03305257134291761,1.1795405149459839,0.01566738821566105,0.1536284670908349,0.10090726596242759,-2.721207880052401
kling_0032.mp4,fake,True,0.009949729297265916,0.02870642725477583,1.4412245750427246,0.011469769291579723,0.10034972448654064,0.11036102131598666,-6.35050651965204
kling_0033.mp4,fake,True,0.008607244540167022,0.029558818521362922,1.1442950963974,0.01267263200134039,0.14705209427130664,0.08847079968692002,-5.417989382484805
kling_0034.mp4,fake,True,0.008105380065657463,0.028879442414657754,1.5243585109710693,0.014612640254199505,0.11083776342350071,0.09214102023519212,-5.01878785538429
kling_0035.mp4,fake,True,0.009326316775994523,0.0322018862593057,1.257397174835205,0.014777708798646927,0.1460677003871383,0.0992280053157598,-6.735702010559842
kling_0036.mp4,fake,True,0.009922665000442777,0.0290999079130934,1.0712604522705078,0.01615116186439991,0.08744117833238067,0.12348741579190543,-6.448776974601671
kling_0037.mp4,fake,True,0.008627311653759304,0.02935159711738583,1.4704935550689697,0.011400074698030949,0.17918620255058562,0.07145995693846485,-4.870945412651205
kling_0038.mp4,fake,True,0.011291863748329816,0.048593606409025755,1.651066541671753,0.012680940330028534,0.28711830555436446,0.10647177136869974,0.5147056684857483
kling_0039.mp4,fake,True,0.008367479342919676,0.03261504772546541,1.3013266324996948,0.012317085638642311,0.22986437591267755,0.07251067648927183,-3.1449521046845392
kling_0040.mp4,fake,True,0.011700807027030418,0.03645395729110112,0.9872272610664368,0.010915711522102356,0.1716259599001705,0.10109292072268823,-4.811369676661464
kling_0041.mp4,fake,True,0.00873731715428589,0.029207295852185094,2.76086688041687,0.012443295679986477,0.16637909307946905,0.07163133255962195,-3.080164129359815
kling_0042.mp4,fake,True,0.014382994389044584,0.03555043987161644,1.5025402307510376,0.014341258443892002,0.10710444663308881,0.12222157763392127,-9.444735291468596
kling_0043.mp4,fake,True,0.010528109978037324,0.027792875696986956,1.3468018770217896,0.015289896167814732,0.10298129069663092,0.07648890688310299,-7.50346152081287
kling_0044.mp4,fake,True,0.01269152926962278,0.044160402609243775,2.2086374759674072,0.013879228383302689,0.257645287174469,0.08969761863521794,-2.2852168167259475
kling_0045.mp4,fake,True,0.006265552469040039,0.019616007403162133,3.035212755203247,0.014577019959688187,0.12420165672553776,0.06001787471259063,-7.817703709524561
kling_0046.mp4,fake,True,0.007006171715387565,0.02675221605388689,2.024275302886963,0.018115410581231117,0.12552822485728146,0.09810730812376264,-2.9383786376059557
kling_0047.mp4,fake,True,0.008211442812960195,0.0286767493050599,1.8374732732772827,0.011574742384254932,0.16283468768720988,0.09905559017181682,-5.465714625517876
kling_0048.mp4,fake,True,0.013290640018682926,0.039817052291287035,0.9369314312934875,0.014513429254293442,0.15801741757755905,0.090461784096575,-4.809185485721537
kling_0049.mp4,fake,True,0.008276536707521962,0.026880945081747938,1.4267524480819702,0.013023479841649532,0.16621725673298168,0.07709484864149342,-5.256367766816275
kling_0050.mp4,fake,True,0.010155043455067767,0.03741026920631355,1.9374749660491943,0.01111750490963459,0.17749968908510638,0.11444585947696535,-2.826311164124106
kling_0051.mp4,fake,True,0.013335484977273212,0.049393199146167355,1.2367700338363647,0.01123396959155798,0.3278762522149372,0.07288672508181464,-3.855493751120905
kling_0052.mp4,fake,True,0.007016337129165806,0.025687329239454413,1.084260106086731,0.012209863401949406,0.11355221226226334,0.08656869669723923,-4.304623594376086
kling_0053.mp4,fake,True,0.020727016825813134,0.06886284870830901,1.7189288139343262,0.019443955272436142,0.22755114393398268,0.1760249424388405,-2.8168336624972494
kling_0054.mp4,fake,True,0.01433801527413975,0.045399839388039015,0.8791832327842712,0.021214837208390236,0.23791759662572168,0.10719569308536876,-1.4027283280831424
kling_0055.mp4,fake,True,0.006782561416773841,0.025965998571643296,1.6609086990356445,0.01849471777677536,0.12669793147124958,0.08285812073623525,-4.1216912266911585
kling_0056.mp4,fake,True,0.014736582277469722,0.04713519589332804,1.2615773677825928,0.014193364419043064,0.22857167888842056,0.10656236487709969,-2.760149555053031
kling_0057.mp4,fake,True,0.009624216747046952,0.026942261186329745,2.0031750202178955,0.02076948992908001,0.0914249536969283,0.10116253285910064,-6.21807327815131
kling_0058.mp4,fake,True,0.007627630446802353,0.029283296917525098,2.806575298309326,0.017333297058939934,0.18137764308891477,0.07691790227232255,-6.072296318716004
kling_0059.mp4,fake,True,0.01476022539294256,0.04887415847230692,1.6622157096862793,0.012194869108498096,0.2551110049608221,0.13112300720551692,-0.6692097165084872
kling_0060.mp4,fake,True,0.008364938141516483,0.027736134084108743,2.2778453826904297,0.019610930234193802,0.18330437901154403,0.06410814356672087,-6.696728704659591
kling_0061.mp4,fake,True,0.012139858172382428,0.04824353247096318,2.6030869483947754,0.023138731718063354,0.19148405611946737,0.10188126493045702,-6.453598450640534
kling_0062.mp4,fake,True,0.009552564645522201,0.02980059091782719,1.4998341798782349,0.013342010788619518,0.15990567966018074,0.08467229643219361,-9.024795440099536
kling_0063.mp4,fake,True,0.008780431150998063,0.028409193386055662,1.0001205205917358,0.013794763945043087,0.17175919868177766,0.0684578167666154,-4.36322504229396
kling_0064.mp4,fake,True,0.007634295062086708,0.024703047911942163,1.4779531955718994,0.014536774717271328,0.11223215492733096,0.08569107564783365,-3.2211210734616875
kling_0065.mp4,fake,True,0.007588477047284228,0.025946889892940986,1.4773995876312256,0.019612185657024384,0.1356595200109333,0.07282330227191126,-5.193663682672778
kling_0066.mp4,fake,True,0.008439664592376786,0.02876032987849405,1.1675281524658203,0.013953404501080513,0.16212643458904655,0.0795480805227398,-4.230806581812413
kling_0067.mp4,fake,True,0.009047800936233719,0.034465980923781454,1.1055243015289307,0.014680670574307442,0.225601246495959,0.07676366795777353,-0.6754589316990787
kling_0068.mp4,fake,True,0.009368136874326173,0.03449522062897446,1.3433512449264526,0.012899311259388924,0.2544015616422247,0.06732620307253094,-1.924786479019428
kling_0069.mp4,fake,True,0.008283778451024397,0.02208341420616036,1.7253040075302124,0.01091238297522068,0.12520232747785107,0.07427728990975448,-7.381291908874347
kling_0070.mp4,fake,True,0.008084748294991962,0.03187407413253583,2.6226966381073,0.019782358780503273,0.17219745139803208,0.0922882573977842,-2.5800042461605104
kling_0071.mp4,fake,True,0.009279367889104653,0.028101509378701945,1.4993706941604614,0.012164856307208538,0.1465338169813356,0.08027765622252958,-7.8691877548229385
kling_0072.mp4,fake,True,0.013530763863740353,0.03993852222215773,2.0521364212036133,0.015242994762957096,0.20914682282528366,0.1005679407118283,-4.733215698977784
kling_0073.mp4,fake,True,0.009177412147298386,0.02762819836813407,1.9763716459274292,0.01302939373999834,0.13970037767099283,0.07815874644524368,-5.651894605286478
Seedance_0001.mp4,fake,True,0.006840092180442157,0.020779358120986392,1.4885139465332031,0.015711165964603424,0.07730042759450126,0.08811644756492737,-6.096647771910622
Seedance_0002.mp4,fake,True,0.00909101993373467,0.030337215700352,2.327526330947876,0.013814341276884079,0.14784737577364285,0.09751156110000556,-3.068535193037863
Seedance_0003.mp4,fake,True,0.005986725349120221,0.017491260510599876,0.9884195923805237,0.02034793421626091,0.06939698813778532,0.1022124717107822,-6.185644678889444
Seedance_0004.mp4,fake,True,0.007640848420762388,0.02092315739357464,1.624561071395874,0.019926363602280617,0.04589031328639292,0.11248697790069594,-4.4917009534966725
Seedance_0005.mp4,fake,True,0.008741645909085303,0.023807933230461507,1.4855347871780396,0.024435244500637054,0.06937937469091722,0.10535642743039539,-7.695492975584362
Seedance_0006.mp4,fake,True,0.006120564012793087,0.02047799486242355,1.6936441659927368,0.01724732294678688,0.09823105500903563,0.09616017675842396,-5.746256440138675
Seedance_0007.mp4,fake,True,0.009286033747331415,0.027220647350265532,2.0223302841186523,0.01857287809252739,0.08892572932637645,0.11118047799295663,-4.083445066476028
Seedance_0008.mp4,fake,True,0.007111910774293861,0.019326322811711177,1.5205997228622437,0.03063383139669895,0.050291185317847584,0.10354625329333851,-2.7045566343249905
Seedance_0009.mp4,fake,True,0.011737491767705846,0.032533064524497515,1.6193305253982544,0.014307028613984585,0.15229624685495657,0.10009529996644502,-6.756980626807269
Seedance_0010.mp4,fake,True,0.01274317512435615,0.04218485838254396,2.726033926010132,0.025605008006095886,0.09389931437553098,0.16046373520113005,-7.1785646888613455
Seedance_0011.mp4,fake,True,0.0089672131086419,0.026609129354417154,1.6684868335723877,0.021919982507824898,0.06435923425993924,0.11572736055186653,-8.271740857752176
Seedance_0012.mp4,fake,True,0.009957018070880803,0.027939222310578965,1.5822715759277344,0.01988114044070244,0.09278355937217996,0.10320283660009269,-7.059951500025488
Seedance_0013.mp4,fake,True,0.011449963461298862,0.03362260749614471,1.1159875392913818,0.023833658546209335,0.10595303672952178,0.1137679628758197,-5.956421541495733
Seedance_0014.mp4,fake,True,0.015522354040093089,0.04910963518797316,2.1369316577911377,0.03460032865405083,0.11043521052150652,0.15024537290103104,-1.9250916565813867
Seedance_0015.mp4,fake,True,nan,nan,0.9981381893157959,0.0040618060156702995,nan,nan,nan
Seedance_0016.mp4,fake,True,0.00996840197752281,0.028248701396633828,2.5711610317230225,0.017433147877454758,0.0729486068432243,0.10886617234674074,-6.441945164583865
Seedance_0017.mp4,fake,True,0.011169344966615192,0.02875539948008479,1.4609763622283936,0.007915760390460491,0.1716223292979533,0.07833299166556545,-8.018372222351127
Seedance_0018.mp4,fake,True,0.009481370093558431,0.02651479569348135,1.2287379503250122,0.013682954013347626,0.07013118356201353,0.10887498844385801,-8.016087065229366
Seedance_0019.mp4,fake,True,0.013940569215610215,0.03762126234982844,2.178213596343994,0.022714100778102875,0.09180849937324574,0.12066749421326055,-5.29731255694583
Seedance_0020.mp4,fake,True,0.013349251511904634,0.04390484544740691,2.006735324859619,0.011427627876400948,0.2229139714605534,0.09441231091258459,-2.532989541677426
Seedance_0021.mp4,fake,True,0.008984059051031659,0.025124503394254573,1.0630239248275757,0.014806905761361122,0.08363924200283625,0.09917364370234864,-8.212743223317545
Seedance_0022.mp4,fake,True,0.01074627761567117,0.02835298442750723,1.8184030055999756,0.016913237050175667,0.06394261791498196,0.12423681656757656,-4.375216724040662
Seedance_0023.mp4,fake,True,0.011241542100519501,0.03031710028168623,1.8600859642028809,0.02574906125664711,0.0496663578572871,0.15029777250771387,-1.6273205841277973
Seedance_0024.mp4,fake,True,0.011721138319091873,0.029111825101569455,2.109348773956299,0.013069975189864635,0.04648237666023882,0.12131945331133852,-8.335637886958228
Seedance_0025.mp4,fake,True,0.010590265184550246,0.030128310893463395,1.6956583261489868,0.015951603651046753,0.10712794239510405,0.09219174886991376,-5.760898154603273
Seedance_0026.mp4,fake,True,0.013638298868242384,0.03602950789301266,1.503441333770752,0.014691651798784733,0.0740011013487943,0.15167783423003575,-4.895161890429563
Seedance_0027.mp4,fake,True,0.00748500927170503,0.020832157183484596,2.8381402492523193,0.0121710654348135,0.08318606793300577,0.08825193156993369,-5.235316968587224
hf_20260810_113533_674f5bdc-9a68-4252-877b-376c901beb8f.mp4,fake,True,0.005859653478802492,0.017144763526116092,2.3382461071014404,0.018050190061330795,0.0817952174597766,0.07960894988945813,-6.355514818598811
hf_20260810_113536_5300e85c-f6de-4b39-a178-6a63c6aa19d8.mp4,fake,True,0.0065190281363226455,0.01684978320785579,2.1487069129943848,0.015634387731552124,0.06185054414518599,0.08348643837352762,-7.102359445410179
Veo_0001.mp4,fake,True,0.007130734842200596,0.01789214087314229,1.132209300994873,0.017578033730387688,0.04818168475449583,0.1290804411861157,-6.784266717665646
Veo_0002.mp4,fake,True,0.005673471550232863,0.016567261452612923,1.2042838335037231,0.029845383018255234,0.048674592221321165,0.10803309165233706,-6.6359576844115615
Veo_0003.mp4,fake,True,0.004732058943815299,0.011980238813055145,1.6737908124923706,0.029356226325035095,0.03821427435477027,0.06681488912214928,-9.518137512143392
Veo_0004.mp4,fake,True,0.007741390048602866,0.021851483215214917,1.355525255203247,0.036384906619787216,0.08532093306602605,0.08491029286989508,-4.797544617057146
Veo_0005.mp4,fake,True,0.006142276585252678,0.01744424800025854,1.1004621982574463,0.02569088339805603,0.06231072323802706,0.10783955835248453,-4.417870832857406
Veo_0006.mp4,fake,True,0.008096702733911937,0.023705025677656394,1.6061638593673706,0.02072926238179207,0.05581255198829977,0.13670145362003022,-6.7825456802762
Veo_0007.mp4,fake,True,0.009916493315966068,0.028426930918566188,1.9583176374435425,0.02079579047858715,0.08494694241511669,0.1321668524897093,-4.552867489155145
Veo_0008.mp4,fake,True,0.007112469453769489,0.021447850696932155,0.7893434762954712,0.03240445256233215,0.07301817458891595,0.10060257557597811,-3.7729391131137686
Veo_0009.mp4,fake,True,0.01011144452207883,0.025420672138486318,1.4396133422851562,0.03422775864601135,0.0793288744448171,0.1214504928756579,-7.333258567443728
Veo_0010.mp4,fake,True,0.008025645198844644,0.023246895586425433,0.9221054911613464,0.025183841586112976,0.08465382883060342,0.11454948048647576,-3.683877894328347
Veo_0011.mp4,fake,True,0.016808546825530055,0.04835593356646866,1.5890004634857178,0.034637756645679474,0.0652983663718483,0.49547281759554584,-6.908194715358789
Veo_0012.mp4,fake,True,0.006587408550333366,0.021552215311149692,1.8277974128723145,0.01856616884469986,0.059582765031928046,0.15090526668663423,-3.4321092221569027
Veo_0013.mp4,fake,True,0.010377095752790012,0.029092828234823148,1.8714793920516968,0.020620305091142654,0.061329062903842914,0.14369570376568958,-7.884798134858096
Veo_0014.mp4,fake,True,0.008763011495281218,0.03095079182621632,1.9762897491455078,0.01886066049337387,0.08494629615629899,0.12959226953956576,-4.899893069007792
Veo_0015.mp4,fake,True,0.008698302117928733,0.02667867632667077,1.1567453145980835,0.0229132492095232,0.05419580968979184,0.13795945484618238,-8.530383214532048
Veo_0016.mp4,fake,True,0.00841662293477055,0.02550444468675775,2.1913979053497314,0.03201744332909584,0.09344583861999801,0.1356754286767701,-4.781530277151898
Veo_0017.mp4,fake,True,0.01267966665871443,0.04651194176942699,3.3903822898864746,0.015822356566786766,0.1610716878521538,0.15770374287456873,-6.73977897052684
Veo_0018.mp4,fake,True,0.007906709854384946,0.020641572483786844,3.211325168609619,0.02522292360663414,0.04039699156591525,0.135418730548873,-6.710278698262981
Veo_0019.mp4,fake,True,0.013027521712417814,0.034002668214315475,1.7151024341583252,0.03694320097565651,0.07397514013486518,0.15888556929905212,-8.49413569238019
Veo_0020.mp4,fake,True,0.006640711340627463,0.021666674505475735,2.2425405979156494,0.035345666110515594,0.07288637783608164,0.09582760289945313,-6.138192633174952
Veo_0021.mp4,fake,True,0.013091503119354347,0.030723511171351706,2.4694600105285645,0.02634594403207302,0.06041683485050432,0.20391518342479106,-5.205279181582219
Veo_0022.mp4,fake,True,0.006862754397433764,0.01846954621711491,1.612876534461975,0.027738600969314575,0.0361745085671769,0.21961695071767884,-6.488973545265379
Veo_0023.mp4,fake,True,0.010932731035169712,0.034470359591446335,3.4579925537109375,0.02176024205982685,0.08804708041435147,0.12567975054408972,-6.441345525079027
Veo_0024.mp4,fake,True,0.007333138851603822,0.022706320939557174,1.2333543300628662,0.015121927484869957,0.062139543745288225,0.1365899939817772,-4.90677927246739
Veo_0025.mp4,fake,True,0.008208545186695382,0.01953951436626748,1.753998041152954,0.036151815205812454,0.07939642963240913,0.10375533996743398,-8.059072677931308
Veo_0026.mp4,fake,True,0.010543361148962285,0.029282098714044788,1.6662507057189941,0.028249064460396767,0.06124243078381184,0.13523697345073488,-6.85020661151246
Veo_0027.mp4,fake,True,0.012409215948627601,0.03606538624438925,1.956754446029663,0.017201649025082588,0.11114438348804558,0.13936081665173428,-7.360176055342636
Veo_0028.mp4,fake,True,0.008669782609625339,0.02647361360200651,1.3380870819091797,0.025949599221348763,0.07481269949425899,0.11356439233080588,-8.260828951873505
Veo_0029.mp4,fake,True,0.012144656037991537,0.03726808947011245,2.324561595916748,0.026426658034324646,0.09001008734651629,0.18705290942164182,-6.903616754560355
Veo_0030.mp4,fake,True,0.008060289889306585,0.02468515137522215,2.352907657623291,0.0251694917678833,0.11882439581115127,0.08978271732695978,-8.061738255843565
Veo_0031.mp4,fake,True,0.009634335739300573,0.02747850447570978,1.4276658296585083,0.02133713848888874,0.09051759839881052,0.14795799608168728,-7.324901587521834
Veo_0032.mp4,fake,True,0.005918400843472925,0.015447465032888538,1.1774401664733887,0.03254019469022751,0.04868826464597876,0.0925513522983199,-7.896185816150501
Veo_0033.mp4,fake,True,0.008814082940912774,0.027519521970521925,2.063436508178711,0.02155737578868866,0.08943769033977338,0.1157926348862967,-8.73177342237886
Veo_0034.mp4,fake,True,0.008515850060099663,0.0227983715185727,1.456027865409851,0.03159352391958237,0.051233943912679755,0.11828426659038731,-7.981830147244419
Veo_0035.mp4,fake,True,0.006671019534803496,0.018548769122642684,2.1386430263519287,0.017790324985980988,0.04577174452746502,0.13079852683795062,-3.7652432435975243
Veo_0036.mp4,fake,True,0.011600944641633967,0.03111530408176758,2.5965704917907715,0.031975191086530685,0.06039330408254089,0.27718472480181705,-7.72612844002189
Veo_0037.mp4,fake,True,0.009067342896916988,0.03014678780564515,1.7177999019622803,0.031799010932445526,0.10682047487343577,0.15296855655945413,-4.564699537517366
Veo_0038.mp4,fake,True,0.011887781421581905,0.03922367613474253,2.0976481437683105,0.020010273903608322,0.08315146849590929,0.22298818172486032,-5.755518093124971
Veo_0039.mp4,fake,True,0.01470900595103315,0.04125688982557413,2.613455057144165,0.026272522285580635,0.10829352471327117,0.1833484908974527,-9.079367798053376
Veo_0040.mp4,fake,True,0.008216585622479868,0.02335412939896585,2.7504382133483887,0.019725482910871506,0.04994430412396479,0.1193260627818786,-5.881095600834074
Veo_0041.mp4,fake,True,0.00818415800495896,0.021945727703926374,2.0006582736968994,0.022711586207151413,0.08027280895790272,0.12461044701926378,-4.775253883563072
Veo_0042.mp4,fake,True,0.015579823980355175,0.05162886994407985,2.977126359939575,0.020703885704278946,0.15666604360783162,0.14150680374301056,-5.399127132950757
Veo_0043.mp4,fake,True,0.013218420073833033,0.038147188240085984,nan,0.027906306087970734,0.08523133572542164,0.14559627808229345,-7.005186142085757
Veo_0044.mp4,fake,True,0.008155356086426901,0.020700524787194276,2.161381959915161,0.031509820371866226,0.0711224389817623,0.11304942029904559,-9.388081437349632
Veo_0045.mp4,fake,True,0.009466381931043046,0.02449079989075883,2.2714498043060303,0.02976101078093052,0.07097348959095523,0.17731547646727586,-7.736872814608523
Veo_0046.mp4,fake,True,0.008460161724539728,0.022038114456409512,1.3480156660079956,0.015337069518864155,0.06509967406907977,0.10100203806232619,-7.469209100005704
Veo_0047.mp4,fake,True,0.007663809959820098,0.017526819732629553,1.3700296878814697,0.015255419537425041,0.05760915367720656,0.08810551626306916,-5.182884410183771
sora_0001.mp4,fake,True,0.07430604295842697,0.2075095718321926,2.4638218879699707,0.011553940363228321,0.16067634644797224,0.46852444315764785,-9.1129145354675
sora_0002.mp4,fake,True,nan,nan,3.53873348236084,0.008029533550143242,nan,nan,nan
sora_0003.mp4,fake,True,0.018131468292830143,0.06091883691669461,2.1322526931762695,0.007908065803349018,0.1330205774055292,0.17838972341840983,-6.380762702928892
sora_0004.mp4,fake,True,0.02863144418574852,0.09797220882080589,2.4176878929138184,0.014856860041618347,0.11538738695189694,0.3573790367231062,-7.550217384239184
sora_0005.mp4,fake,True,0.012967182462793945,0.05378914737346666,2.5402002334594727,0.02548765204846859,0.08729873748624564,0.7556874666039762,-4.124464136396362
sora_0006.mp4,fake,True,0.025864482156089604,0.0889115275082738,1.9701768159866333,0.03228822350502014,0.08125075927320169,1.405446139156304,-1.3567946985769281
sora_0007.mp4,fake,True,0.008543621015892093,0.028941308919729344,1.7260793447494507,0.03227844461798668,0.05023155242261227,0.14687561684660544,-9.066362626428756
sora_0008.mp4,fake,True,0.013725693035949364,0.03799619649543442,1.6484144926071167,0.011362902820110321,0.15006793934951104,0.20766572394614213,-7.159155607148233
sora_0009.mp4,fake,True,0.033791104937868494,0.09890254052596585,1.1474101543426514,0.015123392455279827,0.2055059160485431,0.22259601294335554,-5.644225601963939
sora_0010.mp4,fake,True,0.013041945218200698,0.0400427196773469,1.7698898315429688,0.02252035401761532,0.16910206308428533,0.15066526686420773,-7.724241587224288
sora_0011.mp4,fake,True,0.015442977431072067,0.05015413944320325,1.547367811203003,0.015936003997921944,0.15535326853839296,0.1676385068819451,-3.7044187099713612
sora_0012.mp4,fake,True,0.01781143913925099,0.05365189516529312,1.7217210531234741,0.013939488679170609,0.19323041156620807,0.1935055167698062,-4.376519024720294
sora_0013.mp4,fake,True,0.018749305560804782,0.0482541755770029,1.561875343322754,0.0156788919121027,0.11761828755381619,0.24614585072186224,-4.400956410020166
sora_0014.mp4,fake,True,0.013953702233728204,0.04620764592366094,2.1702630519866943,0.014813991263508797,0.08245514528583663,0.26332816810817605,-6.43912166065712
sora_0015.mp4,fake,True,0.00812491132665871,0.026684566615725474,1.7241628170013428,0.01667311042547226,0.06003859938276762,0.16567855900364659,-4.447660987462955
sora_0016.mp4,fake,True,0.014382043479826525,0.04258008768065056,2.5341978073120117,0.024698885157704353,0.12994975628924577,0.1986627518954867,-5.307435317146933
sora_0017.mp4,fake,True,0.01050837898760692,0.027487138505623364,2.073697805404663,0.033782292157411575,0.05581145791811893,0.23203920116229215,-7.080971912773455
sora_0018.mp4,fake,True,0.0140718012141646,0.039870165405764886,2.818702459335327,0.02079271525144577,0.10324937083908542,0.1612018312395069,-7.512686132852555
sora_0019.mp4,fake,True,0.012409830264257397,0.04121303668386313,3.4047961235046387,0.021162478253245354,0.07507112806605036,0.36146523706392875,-3.9179230715144375
sora_0020.mp4,fake,True,0.018264653405710526,0.05294973376206459,0.8538618683815002,0.019341032952070236,0.23232074011073273,0.11619794645626766,-5.136941550470845
sora_0021.mp4,fake,True,0.013144118137292701,0.045307667012326545,1.9820802211761475,0.02271326258778572,0.19167496247494584,0.12662175554023497,-4.82098484356007
sora_0022.mp4,fake,True,0.014689909690555078,0.04448398124141464,1.381274938583374,0.016187185421586037,0.14159131263311797,0.1596163385931297,-6.356375733953517
sora_0023.mp4,fake,True,0.008448374896915155,0.030772380211942667,2.056708574295044,0.019945213571190834,0.09017472028317002,0.1514885290373454,-2.2043843153134497
sora_0024.mp4,fake,True,0.013176484585860727,0.04832537003681937,2.01963472366333,0.01683144085109234,0.1440210899379151,0.19758224842728336,-3.2848485575656143
sora_0025.mp4,fake,True,0.020796002676882735,0.07142057038790013,2.064159393310547,0.014195425435900688,0.2608927477956836,0.17765842344755545,-5.756423526694073
sora_0026.mp4,fake,True,0.02401268981614974,0.08423941039292827,1.6072556972503662,0.016519412398338318,0.15122207818646746,0.4557328876084341,-5.05004737060813
sora_0027.mp4,fake,True,0.020221406963291264,0.05327805907433678,3.136612892150879,0.02407384105026722,0.024266294926929853,0.4784904913134866,-5.441450506408626
sora_0028.mp4,fake,True,0.01565041846743661,0.051514041403069276,1.8967838287353516,0.02086356282234192,0.21171031075552124,0.27221521732267245,-8.605886555587164
sora_0029.mp4,fake,True,0.02137968634091265,0.06976119994165125,2.910054922103882,0.022191785275936127,0.17023477250192434,0.2788713685834072,-6.748680208700471
sora_0030.mp4,fake,True,nan,nan,4.948559761047363,0.01065593771636486,nan,nan,nan
sora_0031.mp4,fake,True,nan,nan,2.8205103874206543,0.01595383882522583,nan,nan,nan
sora_0032.mp4,fake,True,nan,nan,nan,0.012333187274634838,nan,nan,nan
sora_0033.mp4,fake,True,0.012822980455709206,0.04370676979866487,3.7501463890075684,0.01265542022883892,0.12146610674666923,0.2744999679446966,-5.5003392353301965
sora_0034.mp4,fake,True,0.023752894034470545,0.07753451541914161,2.358219861984253,0.018314195796847343,0.09559722463235754,0.3877398413627957,-5.203419302329012
sora_0035.mp4,fake,True,0.021761526197677676,0.08444452205459009,2.9522409439086914,0.01770501397550106,0.1223943804877701,0.4586572370251765,-4.506148723571519
sora_0036.mp4,fake,True,0.016555404102934223,0.06298051258059496,1.091478943824768,0.010666313581168652,0.26693626595782216,0.1298395895182433,-7.887494433975474
sora_0037.mp4,fake,True,nan,nan,1.6687839031219482,0.013283176347613335,nan,nan,nan
sora_0038.mp4,fake,True,nan,nan,3.039163112640381,0.009988900274038315,nan,nan,nan
sora_0039.mp4,fake,True,0.022412385496626552,0.07955904883402042,1.8088622093200684,0.01060789916664362,0.30736619731052617,0.16678224966148086,-3.5829412863156707
sora_0040.mp4,fake,True,nan,nan,1.764341115951538,0.010139910504221916,nan,nan,nan
sora_0041.mp4,fake,True,0.015585619965465243,0.0699706959560289,3.3087315559387207,0.015950988978147507,0.26145970425116166,0.15847940741839514,-0.3458666344700295
sora_0042.mp4,fake,True,0.015945279461284947,0.05174348297480501,1.482193112373352,0.015818793326616287,0.23764948312997478,0.20108973271903774,-9.534089393447747
sora_0043.mp4,fake,True,nan,nan,2.1052868366241455,0.013627958483994007,nan,nan,nan
sora_0044.mp4,fake,True,0.010322573410868379,0.03261914473545213,3.194516181945801,0.015917116776108742,0.10806539774174041,0.12534844309401708,-7.050151280193883
sora_0045.mp4,fake,True,nan,nan,2.607445240020752,0.014612182974815369,nan,nan,nan
sora_0046.mp4,fake,True,0.010629126250289982,0.04336788020074729,3.187500238418579,0.018216632306575775,0.21049944226745224,0.1219146117957771,-0.3676216969686669
sora_0047.mp4,fake,True,0.014951590705878778,0.05578719440892322,2.152233362197876,0.019926486536860466,0.11102005475379866,0.243064040388335,-3.666792930247037
sora_0048.mp4,fake,True,0.012720384900005481,0.046025269637059496,1.5560657978057861,0.018262647092342377,0.19246375889361853,0.15255837311659418,-4.948909468645414
sora_0049.mp4,fake,True,0.010647143562846672,0.046933168135258954,1.7264962196350098,0.016993582248687744,0.18625367882815616,0.15976360117080843,-6.870829123362368
sora_0050.mp4,fake,True,0.00914285361266169,0.03836160059750511,2.9169673919677734,0.02152338996529579,0.10981296660200217,0.3013533376127289,3.4189046739173263
sora_0051.mp4,fake,True,0.015653784239917902,0.05468673063056351,1.244376540184021,0.019483141601085663,0.15331119966886417,0.19589532597019582,-2.762915774164801
sora_0052.mp4,fake,True,0.025335833327408748,0.0821292035111691,1.9479455947875977,0.011367665603756905,0.08567261598018436,0.3320636711120895,-3.381994118283907
sora_0053.mp4,fake,True,0.033872933400168295,0.12559216861835704,1.814695954322815,0.011844457127153873,0.22269000611325357,0.30570543012529316,-4.097186629041893
sora_0054.mp4,fake,True,0.021853234259348247,0.07172558083055293,2.598095178604126,0.025811603292822838,0.07880975011541673,0.3311139566697255,-6.39235865375111
0000_fake.mp4,fake,True,0.018371137208729554,0.07521123444411118,1.0399304628372192,0.019113818183541298,0.19877163857754537,0.18104961587199708,-5.831874800662726
0001_fake.mp4,fake,True,0.02190573795350563,0.07703317066107103,1.2713303565979004,0.009249798022210598,0.08345522380561024,0.30399336519885,-6.09118177508663
0002_fake.mp4,fake,True,0.01961512473147049,0.06981347230382498,1.3090977668762207,0.011159826070070267,0.12831672123836596,0.19563345442471358,-8.141415292760325
0003_fake.mp4,fake,True,0.014713336492542793,0.05207112953086631,1.3050320148468018,0.00949728861451149,0.046648727505007245,0.2127692805992171,-1.8449357616225308
0004_fake.mp4,fake,True,0.026212105082283298,0.11392129288829639,2.4139575958251953,0.007947620935738087,0.09802314945214416,0.3528821442182794,-2.297005390199555
0005_fake.mp4,fake,True,0.06067061660284496,0.2538433884421088,3.2415928840637207,0.018177544698119164,0.4836474454290599,0.32450210666282864,-2.2138903813288877
0006_fake.mp4,fake,True,0.04239113480900965,0.17365280536981803,1.668811321258545,0.01127356942743063,0.23469402815122187,0.38724570848670914,-2.0872053284039644
0007_fake.mp4,fake,True,0.011925859157817138,0.0410925506001039,3.335543394088745,0.008721084333956242,0.03751394733895967,0.21253007913924515,-4.488006767256844
0008_fake.mp4,fake,True,0.026026347482225987,0.09647252152472774,1.0236009359359741,0.01580050215125084,0.20592327567227287,0.22413631459450234,-5.250193155379705
0009_fake.mp4,fake,True,0.018151727881415464,0.07407100535600021,2.33418345451355,0.010737821459770203,0.24839788444701247,0.1504020549382182,-6.649198311104222
0010_fake.mp4,fake,True,0.01673332642928341,0.07027383624946841,2.6847641468048096,0.01205130759626627,0.11497644727383119,0.2513027424067869,-6.936676300965036
0011_fake.mp4,fake,True,0.01761548648652948,0.07372603885408946,1.3102630376815796,0.023437388241291046,0.10825483081650909,0.2865722162999194,-1.2232129177727689
0012_fake.mp4,fake,True,0.03659112294874277,0.11877456711347635,2.398775100708008,0.01640024222433567,0.1219926408888932,0.34539255655648393,-8.323969479156217
0013_fake.mp4,fake,True,0.02613474485311405,0.09761709423665955,2.2023324966430664,0.014513913542032242,0.16418832579432563,0.35463193556294453,-1.8213774175521749
0014_fake.mp4,fake,True,0.018754583136960813,0.056223223866241664,1.974565029144287,0.0064731165766716,0.1472282902189847,0.1565596949178942,-6.258148312831876
0015_fake.mp4,fake,True,0.013608202667572306,0.04807078712676477,2.015737771987915,0.0065404195338487625,0.1313548612313018,0.16488472203414942,-8.797382346602284
0016_fake.mp4,fake,True,0.01844359462757526,0.062334097536423966,1.7633957862854004,0.013901788741350174,0.09403827289920483,0.2436166212793454,-2.9328191413775655
0017_fake.mp4,fake,True,0.02305447293430974,0.06712802072539774,3.2484683990478516,0.017548099160194397,0.06893608645360016,0.22989396599010503,-5.765032499657954
0018_fake.mp4,fake,True,0.03051476874938439,0.13051790670526314,2.2010364532470703,0.008474011905491352,0.13979464558061283,0.35213521629894784,-1.3805985479182774
0019_fake.mp4,fake,True,0.023220562049363104,0.11257146441780679,1.7937270402908325,0.013873613439500332,0.16119892414604997,0.25322869864328507,-3.809158072301212
0020_fake.mp4,fake,True,0.017004677066626086,0.04774189138230804,0.5282365083694458,0.02118857577443123,0.17510616639622797,0.156606372809761,-6.974521930969033
0021_fake.mp4,fake,True,0.014222370912998569,0.04682516428535744,1.087001085281372,0.024913065135478973,0.07963336823065006,0.15602985205589842,-3.025482925618336
0022_fake.mp4,fake,True,0.014844375723781916,0.05352989089104892,1.3333197832107544,0.025698501616716385,0.112553170035082,0.16395293519487236,-6.651242615351939
0023_fake.mp4,fake,True,0.022408505307186025,0.07488400420126326,2.3895227909088135,0.016971996054053307,0.13906229466055348,0.21045349629010449,-5.00304289597266
0024_fake.mp4,fake,True,0.02554015007275494,0.0896487225152217,1.5861785411834717,0.01354247983545065,0.08868903872336137,0.42542619232931256,-3.8105823616209915
0025_fake.mp4,fake,True,0.019483905278777306,0.05993162954723543,1.1735574007034302,0.008398901671171188,0.12849714538125048,0.17148470249601358,-5.773301819502441
0026_fake.mp4,fake,True,0.013562251593705403,0.05181278452270083,1.2597863674163818,0.006598580162972212,0.1114505327168446,0.18838220478912776,-6.458900836611763
0027_fake.mp4,fake,True,0.044280687298290544,0.13023745442028475,2.0982885360717773,0.014165913686156273,0.23851293607939725,0.2859327071492731,-10.113150266931964
0028_fake.mp4,fake,True,0.042097057778123226,0.15587879348988049,1.4775195121765137,0.013022711500525475,0.27552667673769665,0.24794020240230624,-7.490104131923423
0029_fake.mp4,fake,True,0.02265944539095929,0.07799523881956233,1.4688688516616821,0.008898711763322353,0.16495906879344505,0.2001031550285699,-6.53560110382924
0030_fake.mp4,fake,True,0.013643478882926077,0.05293932085875957,0.8193888068199158,0.01307342853397131,0.13878804063298072,0.15336388954770577,-7.886432298865027
0031_fake.mp4,fake,True,0.021697213540746333,0.09964455482510268,2.4333841800689697,0.012163767591118813,0.21211218089234662,0.2434820312965349,-5.661177462997006
0032_fake.mp4,fake,True,0.0283116803704198,0.11410976254736888,4.171918869018555,0.011571191251277924,0.31622781695277297,0.18939899446850406,-4.258536648499481
0033_fake.mp4,fake,True,nan,nan,2.760601282119751,0.01649726927280426,nan,nan,nan
0034_fake.mp4,fake,True,0.030962862827490136,0.11740075199570411,2.440284490585327,0.015249419026076794,0.2755687588534043,0.2097205576918124,-4.315381366904456
0035_fake.mp4,fake,True,0.025666696130365717,0.0915239695782328,1.5971795320510864,0.00795011967420578,0.20811816773480973,0.17592376489775008,-6.597602968345178
0036_fake.mp4,fake,True,0.028316655443139,0.10799430989827508,2.492786169052124,0.006077873520553112,0.1593823086369071,0.2103528908447991,-2.612796516683471
0037_fake.mp4,fake,True,0.042129025323916706,0.11830134366272599,1.1531728506088257,0.014191471971571445,0.21467087496271436,0.24305836108548245,-6.311950719395628
0038_fake.mp4,fake,True,0.04567958666126495,0.12679437579448102,1.9254547357559204,0.012028233148157597,0.18320733222639707,0.27745860141112927,-5.1182213934178655
0039_fake.mp4,fake,True,0.06527202029766539,0.25785008485722527,1.1723008155822754,0.014284184202551842,0.3216485668975959,0.3340664721862065,-3.7767286818287857
0040_fake.mp4,fake,True,0.022727760818066246,0.09037116281597196,1.6724662780761719,0.010669508948922157,0.1571085601011358,0.22759611323744544,-8.22208076394795
0041_fake.mp4,fake,True,0.015103793112652352,0.057893067552436915,2.3545379638671875,0.011683941818773746,0.18085809595312338,0.13246907331707353,-8.399724428044465
0042_fake.mp4,fake,True,0.04855703915366951,0.19600485665480807,2.211517810821533,0.008689973503351212,0.18766739244774427,0.4821068754712262,-5.832361963787954
0043_fake.mp4,fake,True,0.02506366532917848,0.10488496818161808,1.9704172611236572,0.004725942853838205,0.33378662017058847,0.15420468610611415,-6.207528351836562
0044_fake.mp4,fake,True,0.0223477342377961,0.07639294723174969,2.1497082710266113,0.008020669221878052,0.12140147371019673,0.24065771668113203,-6.4362529853330095
0045_fake.mp4,fake,True,0.016309617402035386,0.059124290669232187,3.0617189407348633,0.01176601741462946,0.18215315205379043,0.13751723827355272,-7.150561305944566
0046_fake.mp4,fake,True,0.0230378616010693,0.08475419326486155,2.8574955463409424,0.007732948288321495,0.16780643089841268,0.22049732454333082,-7.499265740253182
0047_fake.mp4,fake,True,0.014862144925145383,0.0497356296675491,1.5689908266067505,0.010527921840548515,0.0653358947241234,0.21161458663800234,-7.376694335348555
0048_fake.mp4,fake,True,0.01654414933079436,0.05957164308741129,1.8996050357818604,0.012065432965755463,0.19811470860574443,0.1278342626222412,-5.509544504625755
0000.mp4,real,True,0.013542767082876711,0.048808116060092,1.346301555633545,0.021772248670458794,0.20600877948768284,0.12890101951587388,-7.776448378889729
0001.mp4,real,True,0.01745157834262368,0.06535258831151974,0.9320980310440063,0.009426652453839779,0.08064043219488541,0.2631174272128571,-6.003989684015181
0002.mp4,real,True,0.01660092843446587,0.060815858021757575,1.2891775369644165,0.01278653834015131,0.18029205080202523,0.1526650402164639,-9.088578466730372
0003.mp4,real,True,0.013402367026346076,0.03581551911768314,1.4763284921646118,0.010048892349004745,0.03761729417959676,0.17924014355299742,-4.643997302453743
0004.mp4,real,True,0.020961963644423588,0.07971802915955394,3.062897205352783,0.009309135377407074,0.15418876307948634,0.20907425963165613,-4.347925666081895
0005.mp4,real,True,0.03766931294478178,0.12867297053629848,4.650416374206543,0.01868414506316185,0.22022700905736975,0.2713799334435024,-4.678247497969229
0006.mp4,real,True,0.040038588022299454,0.1563234588285454,1.5412955284118652,0.01087148953229189,0.2292324660911001,0.32312181874982365,-3.8789087742684734
0007.mp4,real,True,0.012647428034062134,0.04096643823887616,2.0459606647491455,0.008266662247478962,0.04651826016360725,0.1832406080950552,-6.343619223024831
0008.mp4,real,True,0.01663173290775474,0.06001601790555024,1.9212390184402466,0.017121026292443275,0.15577986861919693,0.2050696559287803,-6.805087115037598
0009.mp4,real,True,0.02030853345273779,0.0702072649890396,1.7389715909957886,0.010899714194238186,0.25636853917366925,0.1250636647102721,-9.066337855155691
0010.mp4,real,True,0.016461396811002026,0.06519940397969419,2.748065710067749,0.01174670085310936,0.11479521867438622,0.20485186781556627,-4.5039626492894405
0011.mp4,real,True,0.014999766895293656,0.057327334992698195,1.535717248916626,0.0231938436627388,0.07809726964439563,0.2337939852694307,-2.179254315930458
0012.mp4,real,True,0.028554781543937653,0.1041837923081372,2.4867677688598633,0.016200225800275803,0.1265930724671831,0.2884221885289273,-5.152542207697708
0013.mp4,real,True,0.01874743537034235,0.07363661440150186,1.960644006729126,0.016334423795342445,0.17221006081130322,0.31998922780798106,0.4450109994692387
0014.mp4,real,True,0.020605850089429403,0.06823952950554875,1.9715325832366943,0.007722595706582069,0.2333585235072455,0.1435838711338252,-8.271927042180925
0015.mp4,real,True,0.01566234199699765,0.05414074276474759,2.0487451553344727,0.007318955846130848,0.19003502309423537,0.13013245442064508,-8.765630170888416
0016.mp4,real,True,0.021992966964561267,0.08384178299944095,1.5068966150283813,0.015905674546957016,0.13413729798624724,0.24757238123822706,-1.1040298845928127
0017.mp4,real,True,0.025280269349196218,0.07368202847648045,2.6690187454223633,0.02328934147953987,0.12655683797505998,0.1898517764286357,-4.439668848397876
0018.mp4,real,True,0.022401329817061225,0.0811658497813567,1.9296680688858032,0.008533182553946972,0.06412230026800826,0.3618094315466523,-4.628474398105439
0019.mp4,real,True,0.023306401619402683,0.1141625167332135,2.560469150543213,0.012756342999637127,0.15502440958533462,0.2530582563990367,-1.8713490577911494
0020.mp4,real,True,0.008585599039040792,0.02986603410625278,0.7464118599891663,0.0232638381421566,0.130429491621793,0.09172846994936565,-6.895114574598314
0021.mp4,real,True,0.017715114646238813,0.04536939645608073,1.916894793510437,0.02611462026834488,0.14474625278761677,0.11993297566943005,-5.931060559061942
0022.mp4,real,True,0.014498888810365883,0.0502235374076341,1.2539141178131104,0.026989711448550224,0.13869511488973418,0.1331713851507394,-2.246912036904945
0023.mp4,real,True,0.01664141179489203,0.05591537009491943,2.4024360179901123,0.019329002127051353,0.09480833991876961,0.20779119055512396,-5.821395353721184
0024.mp4,real,True,0.024628438187708296,0.10685833108003313,1.283750057220459,0.016519874334335327,0.2151881985384464,0.6812501498205242,-2.764090445784361
0025.mp4,real,True,0.018795473661313136,0.06374605327317653,1.210846185684204,0.008534777909517288,0.2303062402511562,0.14651683854455333,-4.88936655550655
0026.mp4,real,True,0.01028359715923369,0.03999739826987743,1.9750665426254272,0.007421479560434818,0.11468338742372733,0.14724067460450413,-7.832074509583675
0027.mp4,real,True,0.03934082765776653,0.09576884266663746,2.3369600772857666,0.014296742156147957,0.2335870559256234,0.2154142446616527,-8.843788937945531
0028.mp4,real,True,0.05193393666109555,0.16658334533239308,1.9488314390182495,0.01336412038654089,0.3830739732891499,0.22712834018608483,-7.214317764953782
0029.mp4,real,True,0.022966048309190735,0.07304598014890976,1.2998857498168945,0.009071952663362026,0.23821038823031118,0.1636741187106942,-4.2551076010715425
0030.mp4,real,True,0.0058801773461310755,0.027230441184017986,0.805110514163971,0.01421329565346241,0.1328866204807141,0.10324247879716819,-6.42141228592058
0031.mp4,real,True,0.022023008510369237,0.07553716415977338,2.259024143218994,0.012686243280768394,0.1871219857041741,0.2045381734321807,-3.0759655147815366
0032.mp4,real,True,0.022676566496206398,0.09183710183334731,4.238837242126465,0.01180701982229948,0.25757112768756296,0.17251604731621728,-6.043571833032267
0033.mp4,real,True,nan,nan,1.8248814344406128,0.01712399162352085,nan,nan,nan
0034.mp4,real,True,0.02768633691677839,0.09119688024077949,2.3620030879974365,0.0151594839990139,0.26718358134783277,0.19202135491049516,-6.559426468040547
0035.mp4,real,True,0.01938049535572162,0.0663855235449086,1.9854313135147095,0.008115719072520733,0.31660601404735494,0.09140801403354046,-6.309487583214329
0036.mp4,real,True,0.02916309517557069,0.081763071355611,2.294196367263794,0.005476353690028191,0.16522210595422865,0.16451600322889687,-9.444735985563065
0037.mp4,real,True,0.04100541856001839,0.13359251400720146,1.3216170072555542,0.014237717725336552,0.21576739187080274,0.2369246100198169,-5.216175263493936
0038.mp4,real,True,0.037482981894227746,0.11198127857282172,2.311793804168701,0.011807501316070557,0.18446271064422481,0.22953276107989246,-3.861068677388354
0039.mp4,real,True,0.04046544776949032,0.16479390510632003,1.774829387664795,0.014838619157671928,0.3388097662051694,0.2517124237651884,-4.420625008392017
0040.mp4,real,True,0.019416579378468246,0.07558640447561871,2.5465152263641357,0.010656395927071571,0.15284393138601254,0.20978412121293308,-7.0599688239077
0041.mp4,real,True,0.016614077081910535,0.06825825525118859,3.1360950469970703,0.012740261852741241,0.2507417440285727,0.12779467621827892,-4.988932216901732
0042.mp4,real,True,0.04975926199899481,0.19567582862158356,1.4747157096862793,0.0085305105894804,0.16523778657169846,0.5341405195539998,-6.140965944840403
0043.mp4,real,True,0.023034417915738504,0.09540798754224233,2.3334360122680664,0.004148981533944607,0.32373767517210394,0.14368380605221756,-6.652729918063693
0044.mp4,real,True,0.02412319020126288,0.08771124695667772,2.590792179107666,0.008602314628660679,0.13473541814348217,0.26976628359914845,-6.425169773803582
0045.mp4,real,True,0.014369076851581408,0.05620193871819098,3.0899651050567627,0.012821188196539879,0.19252757185143607,0.12509944333549614,-6.800286634317279
0046.mp4,real,True,0.029040310948663682,0.09855740797254249,2.4300451278686523,0.008530030958354473,0.2014984509407361,0.23538579622468403,-7.456370533024662
0047.mp4,real,True,0.018259880404049286,0.06439886380813423,1.2763216495513916,0.011093324981629848,0.11060213685825915,0.22420584870536558,-6.610981433566171
0048.mp4,real,True,0.016126744405044705,0.06107690286278551,2.9510393142700195,0.013106925413012505,0.23163102011291117,0.11939702932175383,-5.8557388274993265
