video_name,label,success,absdiff_std,bvp_std,d3_temporal_score,highfreq_score,patch_corr_mean,patch_signal_std_mean,pseudo_snr_db
0000_fake.mp4,fake,True,0.01591083407473616,0.061231294756488815,0.8246985673904419,0.030066275969147682,nan,nan,-9.007778287652844
0001_fake.mp4,fake,True,0.09816230606371414,0.3299009307114388,1.5276234149932861,0.011509688571095467,nan,nan,-7.4839177245087996
0002_fake.mp4,fake,True,0.011611129717269594,0.045279282508419824,1.1538143157958984,0.013797882944345474,nan,nan,-8.717608809127132
0003_fake.mp4,fake,True,nan,nan,0.9851563572883606,0.016146332025527954,nan,nan,nan
0004_fake.mp4,fake,True,nan,nan,2.6453425884246826,0.014862904325127602,nan,nan,nan
0005_fake.mp4,fake,True,0.2280137175895365,0.9972188201797288,4.6575026512146,0.03580424562096596,nan,nan,-5.184615733642594
0006_fake.mp4,fake,True,nan,nan,1.3096153736114502,0.015421387739479542,nan,nan,nan
0007_fake.mp4,fake,True,0.08117675734200114,0.2817464935853348,3.196467638015747,0.016280053183436394,nan,nan,-4.559901569634137
0008_fake.mp4,fake,True,0.016011800822172625,0.06178837328521378,1.28533935546875,0.01867034286260605,nan,nan,-7.871683415645846
0009_fake.mp4,fake,True,0.017029888969216003,0.06912342623188598,1.9290441274642944,0.019515153020620346,nan,nan,-8.276886630011624
0010_fake.mp4,fake,True,0.023306483201377952,0.0942679517195275,1.4752237796783447,0.01761319488286972,nan,nan,-1.689495445627359
0011_fake.mp4,fake,True,0.010779842479669653,0.053919572879540884,1.0328739881515503,0.0396176353096962,nan,nan,0.34610927797042945
0012_fake.mp4,fake,True,0.01961952072678824,0.06402646233078245,1.1784309148788452,0.016350997611880302,nan,nan,-7.3587631656357555
0013_fake.mp4,fake,True,0.033365624037632075,0.18160130169530583,1.5820653438568115,0.017895875498652458,nan,nan,-0.7712657655934775
0014_fake.mp4,fake,True,0.015697595650138813,0.051048413875161194,1.0853235721588135,0.006753806956112385,nan,nan,-8.06167220401048
0015_fake.mp4,fake,True,0.011787260241314044,0.041862181023584105,1.430487871170044,0.006719555240124464,nan,nan,-7.94015759784191
0016_fake.mp4,fake,True,nan,nan,1.0849612951278687,0.016124969348311424,nan,nan,nan
0017_fake.mp4,fake,True,nan,nan,1.8785617351531982,0.027598410844802856,nan,nan,nan
0018_fake.mp4,fake,True,0.023389640281549565,0.07382867686257968,1.685240626335144,0.008477576076984406,nan,nan,-4.673310411282127
0019_fake.mp4,fake,True,0.01819037812116084,0.07176241398566828,1.2897049188613892,0.01863725669682026,nan,nan,-6.3233666014272885
0020_fake.mp4,fake,True,nan,nan,0.4922580122947693,0.02670840546488762,nan,nan,nan
0021_fake.mp4,fake,True,nan,nan,1.2419307231903076,0.027142254635691643,nan,nan,nan
0022_fake.mp4,fake,True,0.008400060461552887,0.03097993473318934,1.0004103183746338,0.02818196639418602,nan,nan,-4.464668075164179
0023_fake.mp4,fake,True,0.026596664238908333,0.10576349665283259,1.8666858673095703,0.022874735295772552,nan,nan,-6.158057703507426
0024_fake.mp4,fake,True,0.06701759281582585,0.24499241090007137,1.263794183731079,0.01691475883126259,nan,nan,-8.008545254704451
0025_fake.mp4,fake,True,nan,nan,0.7935904860496521,0.010147545486688614,nan,nan,nan
0026_fake.mp4,fake,True,0.01291374083425596,0.043031775955416456,0.9116973876953125,0.012651543132960796,nan,nan,-8.90753093972339
0027_fake.mp4,fake,True,0.04829114852097808,0.15132145765271637,2.1581435203552246,0.018054042011499405,nan,nan,-7.235366070735763
0028_fake.mp4,fake,True,nan,nan,6.5276947021484375,0.01836351305246353,nan,nan,nan
0029_fake.mp4,fake,True,0.01326245759303166,0.06233001826109023,0.8568388819694519,0.025035761296749115,nan,nan,-4.962735522158345
0030_fake.mp4,fake,True,0.007741860042580422,0.021206052319447104,0.47367188334465027,0.04428255930542946,nan,nan,-9.585404435487767
0031_fake.mp4,fake,True,0.010815157963989479,0.045081655208547664,1.0941325426101685,0.0705828070640564,nan,nan,-3.097793394052516
0032_fake.mp4,fake,True,0.03950255840381585,0.17693108514304282,2.5550222396850586,0.031091658398509026,nan,nan,-4.459061422297891
0033_fake.mp4,fake,True,nan,nan,2.0993330478668213,0.024940427392721176,nan,nan,nan
0034_fake.mp4,fake,True,0.14506253875645492,0.3782076765525157,1.4651182889938354,0.0477159321308136,nan,nan,-4.630059896952453
0035_fake.mp4,fake,True,nan,nan,1.1814515590667725,0.04686250165104866,nan,nan,nan
0036_fake.mp4,fake,True,nan,nan,4.422723293304443,0.01333713997155428,nan,nan,nan
0037_fake.mp4,fake,True,nan,nan,1.2204118967056274,0.0341319777071476,nan,nan,nan
0038_fake.mp4,fake,True,nan,nan,0.9962851405143738,0.019272444769740105,nan,nan,nan
0039_fake.mp4,fake,True,nan,nan,1.2440509796142578,0.02246863953769207,nan,nan,nan
0040_fake.mp4,fake,True,0.04229747760195716,0.18567044449527179,2.0212459564208984,0.04730065539479256,nan,nan,-6.085875834700535
0041_fake.mp4,fake,True,0.013182003430217687,0.06022049207802416,1.3896615505218506,0.05829540640115738,nan,nan,-4.060557929087672
0042_fake.mp4,fake,True,0.11225016876799505,0.5194322010471769,2.349743604660034,0.22315673530101776,nan,nan,-3.1063433790462174
0043_fake.mp4,fake,True,0.006464348731707692,0.026097453017788413,1.0949370861053467,0.035681720823049545,nan,nan,-6.811006665466977
0044_fake.mp4,fake,True,0.010696918358477884,0.04915499111332587,2.73299503326416,0.06546376645565033,nan,nan,-3.146034183468425
0045_fake.mp4,fake,True,0.011095609735309786,0.04991726864507237,2.1766629219055176,0.11829278618097305,nan,nan,-6.5441645652725535
0046_fake.mp4,fake,True,0.028311125886162036,0.10854752158120685,2.976381540298462,0.09881314635276794,nan,nan,-1.1368720806134094
0047_fake.mp4,fake,True,0.011960256904757865,0.048270683211933126,1.4523234367370605,0.02400902844965458,nan,nan,-7.889782201431396
0048_fake.mp4,fake,True,0.016970081780373583,0.06790185201305585,1.814471960067749,0.04596048966050148,nan,nan,-4.416369741477783
02_09__walk_down_hall_angry__6KUOFMZW.mp4,fake,True,0.004579472188934234,0.014405388957041064,2.290621280670166,0.03266049176454544,nan,nan,-5.754875103088553
02_09__walking_down_street_outside_angry__6KUOFMZW.mp4,fake,True,0.003531923956945533,0.008653259425296224,2.658238410949707,0.05063239857554436,nan,nan,-7.793374177969122
02_11__meeting_serious__NZJ1YEWE.mp4,fake,True,0.0017003097856680303,0.005875172160631719,1.9275016784667969,0.03764050081372261,nan,nan,-5.211830839029377
02_12__podium_speech_happy__9D2ZHEKW.mp4,fake,True,0.004008466914598325,0.010574743209423722,2.6602697372436523,0.016331138089299202,nan,nan,-6.488764393837474
02_12__walking_and_outside_surprised__9D2ZHEKW.mp4,fake,True,0.012935142631156868,0.04583501881560139,2.3991456031799316,0.0801081731915474,nan,nan,-2.7087082947861423
02_13__exit_phone_room__CP5HFV3K.mp4,fake,True,0.001795088164302511,0.008706205512990704,1.893836498260498,0.03799599036574364,nan,nan,-2.511733092554091
02_13__hugging_happy__PLNVLO74.mp4,fake,True,0.018068288625532232,0.0680809301696047,4.024023532867432,0.026641111820936203,nan,nan,-3.9398443576345326
02_13__kitchen_pan__2YSYT2N3.mp4,fake,True,0.004846077072924118,0.013561126312186035,1.5352472066879272,0.06154932454228401,nan,nan,-8.103103554710984
02_13__meeting_serious__CP5HFV3K.mp4,fake,True,0.0017931948954532817,0.00586102688389267,1.7644301652908325,0.03773702681064606,nan,nan,-4.8904556701669755
02_13__outside_talking_pan_laughing__2YSYT2N3.mp4,fake,True,0.0036896636221495686,0.010588653870754076,1.7260851860046387,0.13369867205619812,nan,nan,-8.692808039499411
02_13__outside_talking_still_laughing__CP5HFV3K.mp4,fake,True,0.003030985758093112,0.010745052033008365,2.4594225883483887,0.15082325041294098,nan,nan,-5.568331224471549
02_13__podium_speech_happy__2YSYT2N3.mp4,fake,True,0.003468842732922951,0.00921147360149517,2.814115285873413,0.01651589944958687,nan,nan,-7.437296920917641
02_13__secret_conversation__CP5HFV3K.mp4,fake,True,nan,nan,3.3913300037384033,0.04128161072731018,nan,nan,nan
02_13__secret_conversation__PLNVLO74.mp4,fake,True,0.0029703885374201366,0.009776300883069335,2.157761335372925,0.040844403207302094,nan,nan,-7.511468955578687
02_13__walking_and_outside_surprised__CP5HFV3K.mp4,fake,True,0.017681905828037976,0.05421370085533275,2.5346174240112305,0.0780903771519661,nan,nan,-3.470236732427556
02_14__outside_talking_pan_laughing__3IUBEKCT.mp4,fake,True,0.003814528495375399,0.011356388291094961,1.5327632427215576,0.1337091475725174,nan,nan,-8.047678462260858
02_15__exit_phone_room__I8G2LWD1.mp4,fake,True,0.002052189133200621,0.009842083139182611,2.3018550872802734,0.03798781707882881,nan,nan,-2.5131473051003868
02_15__exit_phone_room__MZWH8ATN.mp4,fake,True,0.0020733573648723663,0.009644271076641077,1.9778480529785156,0.03798799589276314,nan,nan,-4.264500697330416
02_15__hugging_happy__MZWH8ATN.mp4,fake,True,0.016714235214553667,0.06471692391938087,3.5420525074005127,0.02674662135541439,nan,nan,-2.7278130378862797
02_15__hugging_happy__XNJIS4S3.mp4,fake,True,0.017007041491658544,0.06495626190798351,3.5577125549316406,0.026522984728217125,nan,nan,-4.122691852889177
02_15__kitchen_still__XNJIS4S3.mp4,fake,True,0.0025546106807240866,0.007877601423697016,2.0459845066070557,0.06041637808084488,nan,nan,-4.694975047893499
02_15__meeting_serious__MZWH8ATN.mp4,fake,True,0.0017101888580542109,0.005844743920340324,1.6334654092788696,0.03773735091090202,nan,nan,-4.450994359291909
02_15__outside_talking_pan_laughing__I8G2LWD1.mp4,fake,True,0.0036537569804000174,0.010743194803559238,1.6747212409973145,0.13364070653915405,nan,nan,-8.463315559956916
02_15__outside_talking_pan_laughing__SB6PMCO0.mp4,fake,True,0.0036781850245348846,0.012845413730542207,1.8895150423049927,0.13368521630764008,nan,nan,-7.434595157584497
02_15__podium_speech_happy__MZWH8ATN.mp4,fake,True,0.0035066867608910023,0.008855807344420185,2.8242552280426025,0.016405964270234108,nan,nan,-5.598981384365476
02_15__secret_conversation__MZWH8ATN.mp4,fake,True,nan,nan,3.3290977478027344,0.041089076548814774,nan,nan,nan
02_15__talking_against_wall__HTG660F8.mp4,fake,True,0.003389472328715245,0.011754942128932744,0.8273156881332397,0.05205922573804855,nan,nan,-0.44353635084128085
02_15__talking_angry_couch__HTG660F8.mp4,fake,True,0.0030935435874969264,0.01087431476399377,2.621028423309326,0.04568672552704811,nan,nan,-4.24962310420528
02_15__talking_angry_couch__I8G2LWD1.mp4,fake,True,0.0027742632487071576,0.010015313679403894,2.41420841217041,0.0455939918756485,nan,nan,-4.522701552125554
02_15__walk_down_hall_angry__TN2CWM3K.mp4,fake,True,0.004931353297657732,0.014493312690150136,2.2478995323181152,0.03269326314330101,nan,nan,-5.0119640341733405
02_15__walking_and_outside_surprised__HTG660F8.mp4,fake,True,0.013221904914239179,0.04581468717485855,2.5830862522125244,0.07845673710107803,nan,nan,-5.173480341986243
02_15__walking_and_outside_surprised__I8G2LWD1.mp4,fake,True,0.012317040984784339,0.046076413689485396,2.1767663955688477,0.0778796523809433,nan,nan,-4.974310910939318
02_15__walking_and_outside_surprised__MZWH8ATN.mp4,fake,True,0.01834080130381081,0.05768701379151879,2.3387207984924316,0.0773070752620697,nan,nan,-2.668897964399581
02_15__walking_outside_cafe_disgusted__MZWH8ATN.mp4,fake,True,0.0036054029739484073,0.013977106195330774,2.7902162075042725,0.04270615801215172,nan,nan,-3.826670901580367
02_18__exit_phone_room__OXMEEFUQ.mp4,fake,True,0.0020571563466353377,0.009965703056097298,1.8685927391052246,0.03792226314544678,nan,nan,-4.012217073109799
02_18__outside_talking_pan_laughing__OXMEEFUQ.mp4,fake,True,0.0035070117562104285,0.011240883878752805,1.897131085395813,0.13337601721286774,nan,nan,-9.153233241079148
02_18__secret_conversation__B95S4G6F.mp4,fake,True,0.00305839419620026,0.01006202366099195,1.6987929344177246,0.04026840999722481,nan,nan,-5.50070655788198
02_18__walk_down_hall_angry__B95S4G6F.mp4,fake,True,0.002528580130191963,0.011686994460790237,2.70778226852417,0.03302247077226639,nan,nan,-1.1824065637106538
02_18__walking_down_street_outside_angry__21JTDDEL.mp4,fake,True,0.0036289403288612574,0.008693487707990728,2.561206817626953,0.050667654722929,nan,nan,-5.4261407749171
02_21__kitchen_pan__Z0XHPQAR.mp4,fake,True,0.005974623124534115,0.015022162687575533,1.9619455337524414,0.06144019216299057,nan,nan,-7.233236155314739
02_21__talking_angry_couch__Z0XHPQAR.mp4,fake,True,0.002874257879786631,0.010655641560669019,3.101728677749634,0.04558855667710304,nan,nan,-2.943377430947681
02_25__talking_against_wall__Z7FQ69VP.mp4,fake,True,0.003390971949103316,0.012092052575075814,1.0114483833312988,0.05221007391810417,nan,nan,0.2988396304493006
02_27__hugging_happy__GVFLSZD5.mp4,fake,True,0.017641720835824694,0.06665945254800955,3.8443641662597656,0.02658139355480671,nan,nan,-4.034962130424194
02_27__walk_down_hall_angry__78M8S6M6.mp4,fake,True,0.004506647514634158,0.014527068747193948,2.277808427810669,0.03272572159767151,nan,nan,-4.082114707742007
02_27__walking_down_indoor_hall_disgust__YQX5Z8GN.mp4,fake,True,0.012855433993320661,0.04664221997227654,2.6149959564208984,0.041875675320625305,nan,nan,-5.083153246787254
02_27__walking_down_street_outside_angry__3L1MLH3D.mp4,fake,True,0.003322776983373123,0.008632492495944244,2.769158124923706,0.05022118613123894,nan,nan,-6.470930878804642
03_01__meeting_serious__JZUXXFRB.mp4,fake,True,0.0021796543123792384,0.00593337271337749,1.5472445487976074,0.03848513960838318,nan,nan,-6.130260491886893
03_01__outside_talking_still_laughing__JZUXXFRB.mp4,fake,True,0.005445390996168194,0.01698380644826642,1.2487200498580933,0.15620353817939758,nan,nan,-5.436977242576495
03_01__podium_speech_happy__JZUXXFRB.mp4,fake,True,0.004431409999582015,0.012318146899280858,2.2149603366851807,0.0197770893573761,nan,nan,-7.399743436808317
03_01__walking_and_outside_surprised__JZUXXFRB.mp4,fake,True,0.010636265044962519,0.0401412957047713,1.7365596294403076,0.07462006062269211,nan,nan,-1.7924535105919155
03_02__secret_conversation__GYX5OFTD.mp4,fake,True,nan,nan,4.891101360321045,0.03627295792102814,nan,nan,nan
03_04__outside_talking_pan_laughing__T04P6ELC.mp4,fake,True,0.006674848881593259,0.023132643840031206,2.289534330368042,0.1517072170972824,nan,nan,-6.516349925034733
03_04__talking_angry_couch__T04P6ELC.mp4,fake,True,0.0027763984023363693,0.008685150276570333,1.3346357345581055,0.04449925571680069,nan,nan,-10.068360398236162
03_06__exit_phone_room__1IXGY2FK.mp4,fake,True,0.0026591066210210563,0.00977538987454649,2.4290924072265625,0.04187148064374924,nan,nan,-0.8758734933628465
03_06__hugging_happy__2XWC5JED.mp4,fake,True,0.02541706954233604,0.08088540200194358,1.871789574623108,0.024995245039463043,nan,nan,-4.068331958990071
03_06__meeting_serious__83ABVHC3.mp4,fake,True,0.0016900253898013548,0.0060315853775703854,1.641156554222107,0.0383344404399395,nan,nan,-0.3267944989616873
03_06__podium_speech_happy__83ABVHC3.mp4,fake,True,0.004429654443242778,0.012107125713862346,1.8671929836273193,0.01957126148045063,nan,nan,-7.7580630615788255
03_07__exit_phone_room__6PHZRQ4H.mp4,fake,True,0.0027992332230670045,0.010348034755438685,2.494232654571533,0.04146960377693176,nan,nan,-1.5569824311822555
03_07__hugging_happy__BKLOCI1M.mp4,fake,True,0.025642130527253424,0.08116171026734675,1.9430203437805176,0.025335898622870445,nan,nan,-4.9986999887148205
03_07__kitchen_pan__WPT3Z2KN.mp4,fake,True,0.0036894261301925603,0.011920083627409398,1.4730392694473267,0.05467585474252701,nan,nan,-1.9389815781617779
03_07__talking_against_wall__PWXXULHR.mp4,fake,True,0.0017079736281075408,0.004507892369980746,1.7028326988220215,0.05115563049912453,nan,nan,-8.38861038961259
03_07__walk_down_hall_angry__6PHZRQ4H.mp4,fake,True,0.0016881226875787004,0.006574051054205165,4.026878833770752,0.03432068973779678,nan,nan,-1.147776226409623
03_07__walk_down_hall_angry__IFSURI9X.mp4,fake,True,0.0018331273668409538,0.007051758229365158,4.100268840789795,0.034281931817531586,nan,nan,-1.153409892795327
03_07__walking_down_indoor_hall_disgust__PWXXULHR.mp4,fake,True,0.006299037751561189,0.027007755818882664,1.6598232984542847,0.04079202190041542,nan,nan,-0.14116593973401714
03_07__walking_outside_cafe_disgusted__CDSNLDQ8.mp4,fake,True,0.006051299644800957,0.01842980981270396,3.466888427734375,0.049966875463724136,nan,nan,-6.309864913879011
03_07__walking_outside_cafe_disgusted__IFSURI9X.mp4,fake,True,0.005415687271602027,0.016173568708690505,3.6267871856689453,0.05019637197256088,nan,nan,-5.537363904843186
03_07__walking_outside_cafe_disgusted__PWXXULHR.mp4,fake,True,0.005443923883541576,0.016824198749805733,3.7883689403533936,0.04875071719288826,nan,nan,-5.408213865832124
03_09__kitchen_pan__8DTEGQ54.mp4,fake,True,0.003913765862085626,0.012418166145124539,1.7138561010360718,0.055082034319639206,nan,nan,-2.482083534919372
03_09__outside_talking_still_laughing__RCETIXYL.mp4,fake,True,0.005458661696014159,0.016948643068505673,1.4947010278701782,0.15626852214336395,nan,nan,-6.0800028885080675
03_09__secret_conversation__RCETIXYL.mp4,fake,True,0.002978329346224809,0.010065548493257753,1.6925827264785767,0.035716667771339417,nan,nan,-6.232619857332711
03_11__exit_phone_room__P08VGHTA.mp4,fake,True,0.0024628524197409544,0.008166594206983105,2.401465654373169,0.04191204160451889,nan,nan,-3.2237511628497026
03_11__talking_against_wall__P08VGHTA.mp4,fake,True,0.0018224946412917827,0.004896963892380251,2.0375311374664307,0.05111444368958473,nan,nan,-6.225258977776072
03_11__walk_down_hall_angry__P08VGHTA.mp4,fake,True,0.002221445853552163,0.008410168219786615,3.852083683013916,0.03468986600637436,nan,nan,-2.795624169523268
03_13__exit_phone_room__GBYWJW06.mp4,fake,True,0.0024862107123463963,0.00827054262436424,2.4580628871917725,0.04200046882033348,nan,nan,-3.2320294344468996
03_13__kitchen_pan__GBYWJW06.mp4,fake,True,0.0037784600764033762,0.012138298604575114,1.5506302118301392,0.05466717481613159,nan,nan,-1.8934272527768843
03_13__meeting_serious__GBYWJW06.mp4,fake,True,0.0018859627078000774,0.00567980991526419,1.664515495300293,0.03846710920333862,nan,nan,-6.32456826744165
03_13__meeting_serious__T3MZOI8X.mp4,fake,True,0.0016758052055081331,0.006013631372014781,1.5421514511108398,0.038460541516542435,nan,nan,-0.6437349217779058
03_13__outside_talking_still_laughing__GBYWJW06.mp4,fake,True,0.0054851954373232046,0.017013162070702484,1.3931756019592285,0.15606141090393066,nan,nan,-5.997208813813817
03_13__talking_against_wall__GBYWJW06.mp4,fake,True,0.0017716170540333959,0.004597812947073524,1.781674861907959,0.051372021436691284,nan,nan,-8.297518731255366
03_14__exit_phone_room__H0VQHGS3.mp4,fake,True,0.0024967977373950177,0.008270359130825827,2.5863983631134033,0.04190998524427414,nan,nan,-2.3726107024620604
03_14__meeting_serious__KJ221YN0.mp4,fake,True,0.0016504497275823902,0.006048726515191614,1.6467461585998535,0.03839670494198799,nan,nan,-0.6870351045553322
03_14__meeting_serious__PLCQJM81.mp4,fake,True,0.0016948110661541267,0.006131260083137828,1.6124500036239624,0.03838958218693733,nan,nan,-0.7530552061149138
03_14__podium_speech_happy__Q9NSXM88.mp4,fake,True,0.004360215306103957,0.012177209586530652,2.332036018371582,0.019629312679171562,nan,nan,-7.881663342922975
03_14__talking_against_wall__ZC2KYASW.mp4,fake,True,0.001973494206119477,0.00498087831658722,2.087296962738037,0.051374390721321106,nan,nan,-8.951201798203831
03_14__walk_down_hall_angry__P1L5PF4I.mp4,fake,True,0.00219921428249011,0.008762021263859627,4.0099778175354,0.034143783152103424,nan,nan,-1.0420267765014677
03_14__walking_down_indoor_hall_disgust__KJ221YN0.mp4,fake,True,0.00521427059825834,0.02138374470187396,1.3297439813613892,0.04217742383480072,nan,nan,-4.355264464002312
03_14__walking_down_street_outside_angry__H0VQHGS3.mp4,fake,True,0.0038632994837728535,0.01220949294250752,3.460698366165161,0.052939094603061676,nan,nan,-4.694399316041983
03_15__kitchen_pan__AIOM1U5V.mp4,fake,True,0.004003429082461856,0.012303548655197597,1.79350745677948,0.05476638302206993,nan,nan,-2.4285258857890595
03_15__kitchen_pan__DNUJD8M2.mp4,fake,True,0.003937303085416532,0.012206123805926835,1.501634955406189,0.05478498712182045,nan,nan,-2.5587039753711767
03_15__meeting_serious__DNUJD8M2.mp4,fake,True,0.0017230953948636138,0.006090201247950599,1.5023094415664673,0.03842061012983322,nan,nan,-0.31928909232231395
03_15__meeting_serious__OY4I7ZU8.mp4,fake,True,0.0016986483929907496,0.006114429440871522,1.7336229085922241,0.03842242807149887,nan,nan,-0.5050848747105627
03_15__outside_talking_pan_laughing__Y11NT1YX.mp4,fake,True,0.006743132079512772,0.023462934034676756,2.207859992980957,0.15150834619998932,nan,nan,-6.131882727893329
03_15__outside_talking_still_laughing__DNUJD8M2.mp4,fake,True,0.0053836840359580045,0.016900165096195574,1.7568625211715698,0.15606427192687988,nan,nan,-9.746591273002624
03_15__podium_speech_happy__DG8ITQO3.mp4,fake,True,0.004494325120934414,0.012299357531067224,2.306519031524658,0.019809376448392868,nan,nan,-7.115609123343115
03_18__kitchen_pan__22UBC0BS.mp4,fake,True,0.0038923149728991237,0.012111144988623024,1.5311996936798096,0.05459512397646904,nan,nan,-2.832944229600762
03_18__walking_and_outside_surprised__8HNSXOBW.mp4,fake,True,0.012672114344814536,0.03634882413216404,0.8077234625816345,0.07252198457717896,nan,nan,-2.680548345679835
Grok_0001.mp4,fake,True,0.0065952455206355195,0.01918433613733026,2.2024004459381104,0.07639437168836594,nan,nan,-5.090833793032171
Grok_0002.mp4,fake,True,0.02370561233944275,0.07563776626155852,1.6856234073638916,0.04748756065964699,nan,nan,-3.3527997367461686
Grok_0003.mp4,fake,True,0.02638418817497971,0.09567687551701769,1.8622770309448242,0.030101759359240532,nan,nan,-2.496005156516072
Grok_0004.mp4,fake,True,0.005708044558931736,0.01779006632249425,2.861660957336426,0.028805365785956383,nan,nan,-5.68942968948763
Grok_0005.mp4,fake,True,0.011272556251442535,0.03212435824255131,2.021334409713745,0.06150706857442856,nan,nan,-1.5201013792893359
Grok_0006.mp4,fake,True,0.020462219223269094,0.061085099720424516,1.8698757886886597,0.05563891679048538,nan,nan,-2.3939231249056085
Grok_0007.mp4,fake,True,0.017230562577328874,0.05299699655605447,1.4109605550765991,0.08962526172399521,nan,nan,-4.3635851227753975
Grok_0008.mp4,fake,True,0.00812640935734683,0.027135169730084077,2.9871106147766113,0.028797831386327744,nan,nan,-2.6238852675200315
Grok_0009.mp4,fake,True,0.01266606238304229,0.037307923771391034,3.37800669670105,0.023568034172058105,nan,nan,-2.801505771380421
Grok_0010.mp4,fake,True,0.00804310873605901,0.028218538672652366,2.019796133041382,0.042058028280735016,nan,nan,-4.824804986367612
Grok_0011.mp4,fake,True,0.003772280922954775,0.010692543733802436,1.55122709274292,0.023006360977888107,nan,nan,-4.8485813203358195
Grok_0012.mp4,fake,True,0.0028231655264092746,0.00809799921150314,1.1065175533294678,0.02338280715048313,nan,nan,-5.3236493171495445
Grok_0013.mp4,fake,True,0.009835907433299537,0.027485979104609436,1.3215062618255615,0.026564788073301315,nan,nan,-5.137191422047288
Grok_0014.mp4,fake,True,0.020127913752923058,0.06654230506169817,0.7057101130485535,0.014778581447899342,nan,nan,-2.3711313165795027
Grok_0015.mp4,fake,True,0.004834446981951845,0.014366407725219289,1.1117202043533325,0.02198800817131996,nan,nan,-8.443846331675184
hf_20260810_113533_674f5bdc-9a68-4252-877b-376c901beb8f.mp4,fake,True,0.0058264728507167055,0.013702265075099357,1.64552903175354,0.022832753136754036,nan,nan,-8.56588550994102
hf_20260810_113536_5300e85c-f6de-4b39-a178-6a63c6aa19d8.mp4,fake,True,0.00325201141040236,0.007834110703306387,1.0719666481018066,0.01761317439377308,nan,nan,-8.870433988582734
hf_20260813_084409_aa78f6c5-769e-4b7a-b340-5fd978425a92.mp4,fake,True,0.0019090643730893054,0.0066091247014215095,0.8115176558494568,0.03151701018214226,nan,nan,-3.195161352115422
id0_id16_0000.mp4,fake,True,0.039776351510221096,0.17674135843635666,1.8389843702316284,0.029041234403848648,nan,nan,-4.538515421953299
id0_id16_0001.mp4,fake,True,0.012005248109571005,0.05446526291481061,2.877012252807617,0.046625155955553055,nan,nan,-5.887173522686401
id0_id16_0002.mp4,fake,True,0.004229724146120176,0.019871064382174782,0.8933951258659363,0.039105042815208435,nan,nan,-3.65174385937656
id0_id16_0003.mp4,fake,True,0.004767394630989722,0.02048543296224287,2.6109707355499268,0.07768918573856354,nan,nan,-6.5454297841611355
id0_id16_0004.mp4,fake,True,0.03896274605543688,0.12917481962875219,1.9078700542449951,0.1254546344280243,nan,nan,-7.2899428207787365
id0_id16_0005.mp4,fake,True,0.1439608920304157,0.6645361072055651,2.8455145359039307,0.07416895776987076,nan,nan,-1.8085888868656546
id0_id16_0006.mp4,fake,True,0.012297303385759649,0.046912618438016786,2.2271013259887695,0.056179940700531006,nan,nan,-3.8700806662924525
id0_id16_0007.mp4,fake,True,0.019873295191686992,0.07920815317065455,2.2111153602600098,0.0175340436398983,nan,nan,-6.28056348770837
id0_id16_0008.mp4,fake,True,0.011612430569836754,0.04583056618875709,1.4684964418411255,0.05197671800851822,nan,nan,-3.940306244001068
id0_id16_0009.mp4,fake,True,0.008277496767839756,0.031589661031480504,1.8499373197555542,0.034133847802877426,nan,nan,-4.1249703674785785
id0_id17_0000.mp4,fake,True,0.04035213587387477,0.17219166553837792,2.0715749263763428,0.029029494151473045,nan,nan,-4.244331509370609
id0_id17_0001.mp4,fake,True,0.01182945623559279,0.054288519735440466,2.843684673309326,0.04670160636305809,nan,nan,-5.428243786004926
id0_id17_0002.mp4,fake,True,0.004236986592994085,0.019548535964584123,0.9614195823669434,0.03931343927979469,nan,nan,-3.29725688631999
id0_id17_0003.mp4,fake,True,0.004732475126751253,0.02008745609275956,2.607672929763794,0.07775696367025375,nan,nan,-5.907162161787519
id0_id17_0005.mp4,fake,True,0.14501491980489783,0.6690091665529868,2.8634021282196045,0.07445048540830612,nan,nan,-1.838176796382058
id0_id17_0006.mp4,fake,True,0.012686102229011169,0.04800740659454439,2.302811622619629,0.05614195019006729,nan,nan,-3.9084918758063365
id0_id17_0007.mp4,fake,True,0.017548745244878084,0.07082957100988484,2.2043609619140625,0.01756295934319496,nan,nan,-6.581930340326174
id0_id17_0009.mp4,fake,True,0.008122764316327257,0.031570642607966194,1.848974347114563,0.03422806039452553,nan,nan,-6.2612976626707075
id0_id1_0000.mp4,fake,True,0.036395528224494454,0.16245433104786247,1.916832685470581,0.02904072403907776,nan,nan,-4.500805659243951
id0_id1_0001.mp4,fake,True,0.011852280060214281,0.053886502139842314,2.9373538494110107,0.046676672995090485,nan,nan,-5.439432014563307
id0_id1_0002.mp4,fake,True,0.004119141779892692,0.01936715010543434,0.9748821258544922,0.03920134902000427,nan,nan,-3.5129702820560023
id0_id1_0003.mp4,fake,True,0.0051505254028017125,0.02107047303491155,2.601696014404297,0.0776025801897049,nan,nan,-5.957614264794061
id0_id1_0005.mp4,fake,True,0.14227073233315357,0.6548334364569325,2.9753198623657227,0.07447277009487152,nan,nan,-1.6393044205668184
id0_id1_0006.mp4,fake,True,0.012593699875325274,0.0479650835897479,2.232091188430786,0.05605730786919594,nan,nan,-3.98476884458261
id0_id1_0007.mp4,fake,True,0.01718234784958795,0.06935212350603018,2.367701530456543,0.017687449231743813,nan,nan,-5.947280904313419
id0_id1_0009.mp4,fake,True,0.00777738949482907,0.030797685366925395,1.7903110980987549,0.03412500023841858,nan,nan,-4.246600203756884
id0_id20_0000.mp4,fake,True,0.044324589649454786,0.1800994487371711,1.9211944341659546,0.0285464059561491,nan,nan,-2.856393933135601
id0_id20_0001.mp4,fake,True,0.00971931970767056,0.04920450808719805,3.03703236579895,0.045718271285295486,nan,nan,-5.244455415847058
id0_id20_0002.mp4,fake,True,0.0038886343790583873,0.0169584675820476,0.9598535299301147,0.03874075040221214,nan,nan,-3.4011335134379337
id0_id20_0003.mp4,fake,True,0.004440600506800369,0.01851570472956412,2.661637783050537,0.07726949453353882,nan,nan,-6.207503118316758
id0_id20_0004.mp4,fake,True,0.036793232192392264,0.1224485978496671,2.0650315284729004,0.12314438074827194,nan,nan,-5.432670281896083
id0_id20_0005.mp4,fake,True,0.14189061991464835,0.6485345529124261,2.860135555267334,0.07298007607460022,nan,nan,-1.6322339455800954
id0_id20_0006.mp4,fake,True,0.009305785250152718,0.04023962853618565,2.377535104751587,0.05533669516444206,nan,nan,-5.113374961568562
id0_id20_0007.mp4,fake,True,0.016899993749170016,0.06942792692472022,2.216426134109497,0.017269564792513847,nan,nan,-5.19558009468192
id0_id20_0009.mp4,fake,True,0.0070513969451058214,0.02779794907432688,1.814324140548706,0.03321385383605957,nan,nan,-4.442146910000267
id0_id21_0000.mp4,fake,True,0.044522925045384194,0.17900478598758873,2.078773260116577,0.02858654409646988,nan,nan,-3.0773183685003094
id0_id21_0001.mp4,fake,True,0.00969967605231755,0.049347364741326755,3.070920705795288,0.045786719769239426,nan,nan,-5.15449101736281
id0_id21_0002.mp4,fake,True,0.0038782174230952977,0.01683035969470055,0.9061017632484436,0.03868936747312546,nan,nan,-2.8098994979009753
id0_id21_0003.mp4,fake,True,0.004443735978242242,0.018344841561898733,2.5502707958221436,0.0772399827837944,nan,nan,-6.633999263774076
id0_id21_0004.mp4,fake,True,0.03742976978252696,0.12323873918095728,2.029680013656616,0.12295529246330261,nan,nan,-5.612516961467383
id0_id21_0005.mp4,fake,True,0.1422828891476662,0.6491778787714999,3.0031771659851074,0.07288166135549545,nan,nan,-1.631098364239957
id0_id21_0006.mp4,fake,True,0.009335707093033196,0.04014729639625057,2.490259885787964,0.055384885519742966,nan,nan,-5.238028473731036
id0_id21_0007.mp4,fake,True,0.01716591436096504,0.06996448624404232,2.2901105880737305,0.017104214057326317,nan,nan,-5.255583989059801
id0_id21_0009.mp4,fake,True,0.006878648984696982,0.026995643744565496,1.834808588027954,0.03316430747509003,nan,nan,-4.750503485355018
id0_id23_0000.mp4,fake,True,0.04435118383481274,0.17838738490870026,2.084690809249878,0.028503939509391785,nan,nan,-2.976623122725864
id0_id23_0001.mp4,fake,True,0.009473145504450812,0.049040422914564494,3.0020787715911865,0.04568057507276535,nan,nan,-5.054307922238759
id0_id23_0002.mp4,fake,True,0.0037106606933693764,0.015946550584900947,0.9386486411094666,0.03851330652832985,nan,nan,-3.880373284791772
id0_id23_0004.mp4,fake,True,0.037321934847122526,0.12433343174759008,1.9382977485656738,0.12285169959068298,nan,nan,-5.450753532831801
id0_id23_0005.mp4,fake,True,0.14232902270048448,0.6487959841690444,2.829038381576538,0.07239353656768799,nan,nan,-1.6558035700766685
id0_id23_0007.mp4,fake,True,0.017202105217266197,0.0704312019369604,2.3349711894989014,0.017082244157791138,nan,nan,-5.094572549425937
id0_id23_0009.mp4,fake,True,0.006904564510042208,0.02747084666181094,1.6636550426483154,0.03294767066836357,nan,nan,-4.759455446996917
id0_id26_0000.mp4,fake,True,0.04491386302195066,0.18165517840975684,2.0450801849365234,0.02854628674685955,nan,nan,-3.135479063425243
id0_id26_0001.mp4,fake,True,0.009609324093470841,0.04975338637581491,3.083857536315918,0.04581188037991524,nan,nan,-5.005525402415437
id0_id26_0002.mp4,fake,True,0.003845054869696027,0.016613698294339035,0.9101491570472717,0.038662075996398926,nan,nan,-3.2419890930487765
id0_id26_0003.mp4,fake,True,0.0045025291739977545,0.01844986561114834,2.7609593868255615,0.07732581347227097,nan,nan,-7.276759271278327
id0_id26_0004.mp4,fake,True,0.03757233964888388,0.12472534140860796,1.9043973684310913,0.12291723489761353,nan,nan,-5.295915236102438
id0_id26_0005.mp4,fake,True,0.14179865613017248,0.6461528972116148,2.6698391437530518,0.07289920002222061,nan,nan,-1.6625952674752629
id0_id26_0006.mp4,fake,True,0.009271440476155163,0.03994752787888736,2.4560768604278564,0.05540165305137634,nan,nan,-3.8261912970693865
id0_id26_0007.mp4,fake,True,0.01723778260073532,0.07102443932267404,2.1722311973571777,0.017131147906184196,nan,nan,-5.0109635418281515
id0_id26_0008.mp4,fake,True,0.009593251921579513,0.035921895390215244,1.5510388612747192,0.05111612752079964,nan,nan,-5.138905694525907
id0_id26_0009.mp4,fake,True,0.006768978072229075,0.02702846092260121,1.697616696357727,0.029647130519151688,nan,nan,-5.916211200003135
id0_id28_0000.mp4,fake,True,0.04487099290450266,0.17972385329389517,1.9402602910995483,0.02862020954489708,nan,nan,-3.074162685332513
id0_id28_0001.mp4,fake,True,0.009500903632533881,0.04891438704478967,2.985416889190674,0.04577683284878731,nan,nan,-5.0497680781591905
id0_id2_0000.mp4,fake,True,0.04007483654927891,0.1722842569621542,1.8304908275604248,0.0290237907320261,nan,nan,-4.366335250011606
id0_id2_0001.mp4,fake,True,0.01181961620190687,0.05406878285621895,2.9650747776031494,0.046654220670461655,nan,nan,-5.747538230281321
id0_id2_0002.mp4,fake,True,0.004261641643228527,0.01929790906473251,1.0256935358047485,0.03932229056954384,nan,nan,-2.5511292309885873
id0_id2_0003.mp4,fake,True,0.004779093891691767,0.019655634588471464,2.779177188873291,0.07769906520843506,nan,nan,-7.4927021764145945
id0_id2_0004.mp4,fake,True,0.03810013366621843,0.12619613137937993,1.8247897624969482,0.12545020878314972,nan,nan,-7.272687865861061
id0_id2_0005.mp4,fake,True,0.14284421859223945,0.6587587276868395,2.7494759559631348,0.07437407970428467,nan,nan,-2.0371441457228645
id0_id2_0006.mp4,fake,True,0.01235756684781778,0.04712651331635053,2.2298216819763184,0.05612361803650856,nan,nan,-4.231399880957192
id0_id2_0007.mp4,fake,True,0.019194291450729258,0.07700641578880911,2.208913564682007,0.017681023105978966,nan,nan,-6.486836904253749
id0_id2_0008.mp4,fake,True,0.01125897107365994,0.04418937230745681,1.3873018026351929,0.05208953097462654,nan,nan,-6.571747235013991
id0_id2_0009.mp4,fake,True,0.007888443135573924,0.030541826304177518,1.8766944408416748,0.0341852642595768,nan,nan,-5.209366576371536
id0_id3_0000.mp4,fake,True,0.03976600097822727,0.17252149154639518,2.1273767948150635,0.02905670739710331,nan,nan,-4.585248818086917
id0_id3_0001.mp4,fake,True,0.011912532896791905,0.054251128145958054,3.0160768032073975,0.04662793502211571,nan,nan,-5.887116969205167
id0_id3_0002.mp4,fake,True,0.003995375632184065,0.019123550774728482,1.0271085500717163,0.03927037492394447,nan,nan,-4.954033743493546
id0_id3_0003.mp4,fake,True,0.00501424089902137,0.02119164661510501,2.559159278869629,0.07800822705030441,nan,nan,-6.6115155546067275
id0_id3_0004.mp4,fake,True,0.03928641209632517,0.12947689068056742,1.7976616621017456,0.12535345554351807,nan,nan,-7.207874363665063
id0_id3_0005.mp4,fake,True,0.14285117321099228,0.6576622886756538,2.6906611919403076,0.0743069052696228,nan,nan,-1.819751332484835
id0_id3_0006.mp4,fake,True,0.012489892281673904,0.04768671701668647,2.2102935314178467,0.05618759244680405,nan,nan,-3.7422383389019487
id0_id3_0007.mp4,fake,True,0.01822631615810167,0.07423726293759562,2.225123882293701,0.017656594514846802,nan,nan,-6.305215254569939
id0_id3_0008.mp4,fake,True,0.01142766435271285,0.04560306403042648,1.814345121383667,0.05186530202627182,nan,nan,-3.4953147059310563
id0_id3_0009.mp4,fake,True,0.008734262185691385,0.03210689886817976,1.8570401668548584,0.03417915478348732,nan,nan,-4.554597728070974
id0_id4_0000.mp4,fake,True,0.038812160726316006,0.17233788381653245,1.909064769744873,0.02905947156250477,nan,nan,-3.783635962507316
id0_id4_0001.mp4,fake,True,0.011978865471377819,0.05463919540929558,2.989151954650879,0.0466170497238636,nan,nan,-6.086443099904891
id0_id4_0002.mp4,fake,True,0.0043713745146366535,0.02023626213850703,1.0313820838928223,0.03915895149111748,nan,nan,-3.5266923830213006
id0_id4_0003.mp4,fake,True,0.004986629110897285,0.02101629791449962,2.8098464012145996,0.07761476188898087,nan,nan,-6.125963930958708
id0_id4_0004.mp4,fake,True,0.03824707874055283,0.12653292290454193,1.8671177625656128,0.1252107471227646,nan,nan,-8.18597947478398
id0_id4_0005.mp4,fake,True,0.14323223184177197,0.6606416376052899,2.7914085388183594,0.07414752244949341,nan,nan,-1.7473462617315147
id0_id4_0006.mp4,fake,True,0.012442556281356968,0.04781602468407673,2.1864166259765625,0.05608503520488739,nan,nan,-4.171208149277611
id0_id4_0009.mp4,fake,True,0.008377389063624972,0.031534464147828,1.687056541442871,0.03416280448436737,nan,nan,-4.7890397951146655
id0_id6_0000.mp4,fake,True,0.040592651522528604,0.17163526597921291,2.0343377590179443,0.028964828699827194,nan,nan,-4.197670145450654
id0_id6_0001.mp4,fake,True,0.011906151515378346,0.05381296421396465,3.031871795654297,0.04661809280514717,nan,nan,-5.774976432942319
id0_id6_0002.mp4,fake,True,0.004248926096217511,0.019241814890959004,1.043782114982605,0.03903960436582565,nan,nan,-3.9304050739518215
id0_id6_0006.mp4,fake,True,0.012529712412679748,0.04789641921380775,2.417163848876953,0.05610422044992447,nan,nan,-3.8978517831680564
id0_id6_0007.mp4,fake,True,0.018457534901995455,0.07359729179243926,2.2706620693206787,0.017467711120843887,nan,nan,-6.318912177748438
id0_id6_0009.mp4,fake,True,0.007813307579510091,0.030212355225700985,1.8278712034225464,0.034127961844205856,nan,nan,-6.301434646547792
id0_id9_0000.mp4,fake,True,0.0403373887580128,0.17275382909856224,1.831018328666687,0.02911054529249668,nan,nan,-4.334628627274563
id0_id9_0001.mp4,fake,True,0.011906564887551789,0.05482948216683456,2.8847808837890625,0.04674110189080238,nan,nan,-5.982563749419393
id0_id9_0002.mp4,fake,True,0.004158022101524118,0.019714259716045214,1.1097114086151123,0.039484988898038864,nan,nan,-2.9154088401412723
id0_id9_0003.mp4,fake,True,0.004793102459799078,0.019874466320419247,2.744638681411743,0.07796765863895416,nan,nan,-6.037364041180961
id0_id9_0005.mp4,fake,True,0.143792424537293,0.6592847967122044,2.7720773220062256,0.07474682480096817,nan,nan,-1.8229015097821624
id0_id9_0006.mp4,fake,True,0.012554134430831532,0.04772720797019877,2.285263776779175,0.05627135932445526,nan,nan,-4.009568362876013
id0_id9_0007.mp4,fake,True,0.017287762668198724,0.0710871557489569,2.318084716796875,0.017725903540849686,nan,nan,-4.573454668943018
id0_id9_0008.mp4,fake,True,0.011483913830481765,0.045257414591367104,1.3270918130874634,0.0522330105304718,nan,nan,-2.3642778229479333
id0_id9_0009.mp4,fake,True,0.00793771954754512,0.03145001146939001,1.909272313117981,0.034364428371191025,nan,nan,-4.258047883179953
kling_0001.mp4,fake,True,0.03687351724019806,0.09876020056455563,3.7169837951660156,0.05902921408414841,nan,nan,-6.545594933333606
kling_0002.mp4,fake,True,0.0037877861605921308,0.01892175116487059,1.9305174350738525,0.05387544631958008,nan,nan,-1.144244145347537
kling_0003.mp4,fake,True,0.004579555505183973,0.017816393464056657,1.9134293794631958,0.026995571330189705,nan,nan,-3.1941675283175734
kling_0004.mp4,fake,True,0.011291330524406158,0.030710246138726888,1.438569188117981,0.0263374000787735,nan,nan,-5.730483897806788
kling_0005.mp4,fake,True,0.008143533709119355,0.023944574392812373,2.563852548599243,0.06730259954929352,nan,nan,-3.6991587290017036
kling_0006.mp4,fake,True,0.020096641752420936,0.07110958926004932,3.786949396133423,0.029157845303416252,nan,nan,-3.031819959715882
kling_0007.mp4,fake,True,nan,nan,3.173170566558838,0.024699999019503593,nan,nan,nan
kling_0008.mp4,fake,True,0.004929832408489518,0.01588992631664266,2.3713395595550537,0.02069113403558731,nan,nan,0.17702261190073096
kling_0009.mp4,fake,True,0.025960115468761116,0.0978871639913837,4.127688884735107,0.04570665955543518,nan,nan,-7.4565635358221645
kling_0010.mp4,fake,True,0.007469817346108214,0.019955546825259445,5.888966083526611,0.06249294430017471,nan,nan,-4.768016658231047
kling_0011.mp4,fake,True,0.010097746279771103,0.035919930477278164,3.4300765991210938,0.046082817018032074,nan,nan,-4.010799171396216
kling_0012.mp4,fake,True,0.003251722005671509,0.012938685569840373,0.64253830909729,0.02159716933965683,nan,nan,-6.645656655799762
kling_0013.mp4,fake,True,0.0018516598897605672,0.006044659215429863,1.0465977191925049,0.019356150180101395,nan,nan,-5.815831745927808
kling_0014.mp4,fake,True,0.004082374358365757,0.013885072658563263,0.7430624961853027,0.030555598437786102,nan,nan,-0.29159852777551115
kling_0015.mp4,fake,True,0.0073108209139860734,0.028660833248618903,0.5739808082580566,0.024799667298793793,nan,nan,-4.314941160736946
kling_0016.mp4,fake,True,0.008038313315582576,0.020191990017837644,0.7549973726272583,0.023871108889579773,nan,nan,-5.392276251610536
kling_0017.mp4,fake,True,0.007224826989532094,0.019145239629404055,1.6008129119873047,0.01799936778843403,nan,nan,-7.286732154987158
kling_0018.mp4,fake,True,0.004750148978861757,0.016093916635349852,1.1096107959747314,0.02513035014271736,nan,nan,-3.427980272794481
kling_0019.mp4,fake,True,0.015923499403787678,0.045456269950359236,7.490874290466309,0.018717573955655098,nan,nan,-4.467243669083198
kling_0020.mp4,fake,True,0.011984287980755327,0.03360053614609165,5.421967029571533,0.07904677838087082,nan,nan,-5.517355577053197
kling_0022.mp4,fake,True,0.022553471568989167,0.09060804867548132,2.2886273860931396,0.046708885580301285,nan,nan,-3.2117350049645244
kling_0023.mp4,fake,True,0.011942822962890707,0.034890416529960375,1.3921864032745361,0.022548746317625046,nan,nan,-6.124730174678595
kling_0024.mp4,fake,True,0.006662172496192205,0.01775440568886434,2.2097647190093994,0.046362970024347305,nan,nan,-6.978538826630607
kling_0025.mp4,fake,True,0.012502221637352018,0.028337284846188533,1.051312804222107,0.019016889855265617,nan,nan,-6.985409397508579
kling_0026.mp4,fake,True,0.009261656634531145,0.026870015443673782,1.9402551651000977,0.02576896920800209,nan,nan,-5.325257582697481
kling_0027.mp4,fake,True,0.020575008393429895,0.08429828586390778,1.5604959726333618,0.06751355528831482,nan,nan,-1.2006794441863642
kling_0028.mp4,fake,True,0.05190408991257769,0.15586925214947855,1.7848414182662964,0.01646575890481472,nan,nan,-8.09658210875641
kling_0029.mp4,fake,True,0.38128542118804565,1.1754373234693407,2.128296375274658,0.023785607889294624,nan,nan,-3.5246688044300187
kling_0030.mp4,fake,True,0.006822015402441456,0.02537864949330772,1.3850148916244507,0.08593165129423141,nan,nan,-7.196389475119579
kling_0031.mp4,fake,True,0.00285708952315018,0.007618889431080562,1.194575309753418,0.012320383451879025,nan,nan,-2.9906347931313086
kling_0032.mp4,fake,True,0.0025220103467791916,0.007404905602865899,0.8622671365737915,0.010379506275057793,nan,nan,-5.051762266514204
kling_0033.mp4,fake,True,0.0024318488371164308,0.007197236037428091,0.5706893801689148,0.01759098470211029,nan,nan,-1.1982205893781854
kling_0034.mp4,fake,True,0.0020257318590993566,0.0051585976525914505,1.5799105167388916,0.016436152160167694,nan,nan,-2.308856305333647
kling_0035.mp4,fake,True,0.0055698603148630205,0.015797129549283518,0.7434253096580505,0.019275197759270668,nan,nan,-5.99258567880225
kling_0036.mp4,fake,True,0.0026201869908068958,0.009178848892375715,1.3661088943481445,0.03494381159543991,nan,nan,-5.892199092233728
kling_0037.mp4,fake,True,0.009333217800713728,0.03601960321619103,1.9434208869934082,0.023787928745150566,nan,nan,1.0737330452177014
kling_0038.mp4,fake,True,0.006347413949204787,0.026527853241440455,1.4125357866287231,0.019203711301088333,nan,nan,-3.773400847319271
kling_0039.mp4,fake,True,0.006735149742090091,0.018847987458087932,1.7094534635543823,0.030028440058231354,nan,nan,-8.995701566626419
kling_0040.mp4,fake,True,0.005489831072859067,0.02099054322144564,1.4285386800765991,0.030685529112815857,nan,nan,-2.6581616010978877
kling_0041.mp4,fake,True,0.002122640645532976,0.00970802409771186,2.2209105491638184,0.028540978208184242,nan,nan,2.8414465422462154
kling_0042.mp4,fake,True,0.009512011747676349,0.03594231838613141,0.6940449476242065,0.023835282772779465,nan,nan,-5.376528521754597
kling_0043.mp4,fake,True,0.005937075622493931,0.02072182904243895,0.9237133860588074,0.022191070020198822,nan,nan,-4.608794011945846
kling_0044.mp4,fake,True,0.010373245128511809,0.03035177109582744,1.0148693323135376,0.02690221555531025,nan,nan,-4.671482574597177
kling_0045.mp4,fake,True,0.0025548406162897875,0.006655256312386537,2.3701398372650146,0.02355578914284706,nan,nan,-0.01169344290892632
kling_0046.mp4,fake,True,0.0018044149381309896,0.005650537452703209,1.0086345672607422,0.022116729989647865,nan,nan,-0.6792925212311194
kling_0047.mp4,fake,True,0.0027275659356249104,0.00872332145540975,1.4394032955169678,0.018183793872594833,nan,nan,-6.183347664260019
kling_0048.mp4,fake,True,0.010883660262265945,0.03732206121319422,1.05941641330719,0.019731193780899048,nan,nan,-8.95147557986742
kling_0049.mp4,fake,True,0.004671108797471621,0.01401310051012594,2.117358922958374,0.03106224723160267,nan,nan,-4.23585001805301
kling_0050.mp4,fake,True,0.005063914695870886,0.014762612821179927,1.5983562469482422,0.02014531008899212,nan,nan,-2.723090298864646
kling_0051.mp4,fake,True,0.006639675337335876,0.023261289208046158,1.993443250656128,0.025133857503533363,nan,nan,-5.902949212054059
kling_0052.mp4,fake,True,0.014184396644766034,0.0471274026569814,0.8333246111869812,0.015476547181606293,nan,nan,-4.300427054382473
kling_0053.mp4,fake,True,0.027567023935702276,0.13112877744694634,1.6977020502090454,0.02863631397485733,nan,nan,0.5663424650368122
kling_0054.mp4,fake,True,0.015421773710171841,0.040393856219517035,1.3794145584106445,0.02476506307721138,nan,nan,-7.648100035324851
kling_0055.mp4,fake,True,0.002611535806537236,0.006965508642952141,1.0369501113891602,0.021665578708052635,nan,nan,-1.5959192426920215
kling_0056.mp4,fake,True,0.003382694281174878,0.00959261631738551,1.1096271276474,0.019449835643172264,nan,nan,-3.2806852500168797
kling_0057.mp4,fake,True,0.009555178340366911,0.02823673389810728,1.4571795463562012,0.02899814210832119,nan,nan,-6.660892691206789
kling_0058.mp4,fake,True,0.0044134321755046725,0.016227114589994547,2.256058692932129,0.020357603207230568,nan,nan,-4.961642899297766
kling_0059.mp4,fake,True,0.01582114748597888,0.057168322208686756,1.929316520690918,0.015839535742998123,nan,nan,-4.93445418090322
kling_0060.mp4,fake,True,0.011089304200424387,0.03826167215780775,1.1465009450912476,0.027993014082312584,nan,nan,-3.5243650715348225
kling_0061.mp4,fake,True,0.05145518160910767,0.22207598112046328,1.978560447692871,0.03679138422012329,nan,nan,-0.4920288147879661
kling_0062.mp4,fake,True,0.0042115570265640586,0.015915885115147074,1.3177686929702759,0.018050041049718857,nan,nan,-0.7824005959562776
kling_0063.mp4,fake,True,0.007854121230690436,0.02230776557264486,1.644141674041748,0.030667545273900032,nan,nan,-3.4544351998358414
kling_0064.mp4,fake,True,0.01837463175976012,0.07488176251248997,0.9410215616226196,0.014347158372402191,nan,nan,-0.891033934818583
kling_0065.mp4,fake,True,0.001981039150770387,0.006405911875283956,1.5227965116500854,0.02490822970867157,nan,nan,-6.20362324860168
kling_0066.mp4,fake,True,0.0016726782715197192,0.005089513648633202,0.728385865688324,0.012765753082931042,nan,nan,-6.949731373239335
kling_0067.mp4,fake,True,0.010559030382976153,0.03375412385322075,0.8479267954826355,0.03169611096382141,nan,nan,-0.26033951725076754
kling_0068.mp4,fake,True,0.013233020188025553,0.03738864656505183,1.3407092094421387,0.032291121780872345,nan,nan,-7.333719877338503
kling_0069.mp4,fake,True,0.0036067182827474106,0.011277977002764002,0.898019552230835,0.016409093514084816,nan,nan,-1.097568018560374
kling_0070.mp4,fake,True,0.011220357758818683,0.034705763745544016,2.6061384677886963,0.03085295483469963,nan,nan,-5.5515616640865995
kling_0071.mp4,fake,True,0.0042216662832407935,0.015184598356210565,1.359970211982727,0.018155863508582115,nan,nan,1.4965379607384803
kling_0072.mp4,fake,True,0.006231394677834412,0.018487391578780682,1.5322526693344116,0.019364284351468086,nan,nan,-6.076189191286251
kling_0073.mp4,fake,True,0.003686269356161143,0.010410149144141661,1.4787428379058838,0.016537092626094818,nan,nan,-5.290338654635115
Seedance_0001.mp4,fake,True,0.004445049719595306,0.013262201903305501,1.1523611545562744,0.027997035533189774,nan,nan,-7.173878201991775
Seedance_0002.mp4,fake,True,0.0015284933957221468,0.0056408220513314705,1.1134451627731323,0.023427126929163933,nan,nan,-4.891708112972655
Seedance_0003.mp4,fake,True,0.0038433764215647665,0.011337025737319246,0.9944515228271484,0.03986964002251625,nan,nan,-8.023320922934671
Seedance_0004.mp4,fake,True,0.006572201324711739,0.0190821719104367,1.0017188787460327,0.02810370922088623,nan,nan,-3.230879957680254
Seedance_0005.mp4,fake,True,0.0015346752306945692,0.004241590548329634,1.502109169960022,0.04404596984386444,nan,nan,-8.217341565723814
Seedance_0006.mp4,fake,True,0.0035553609856692116,0.007405096577024566,0.7588878870010376,0.03586287423968315,nan,nan,-8.67749943775101
Seedance_0007.mp4,fake,True,0.00099176867776768,0.003920919197943145,1.4641772508621216,0.03972918912768364,nan,nan,-1.367232059842915
Seedance_0008.mp4,fake,True,0.00536584580473142,0.014748215020277965,1.752695083618164,0.06413117051124573,nan,nan,-7.555649368273246
Seedance_0009.mp4,fake,True,0.003170639780997964,0.009265547617838129,0.7478651404380798,0.0311207827180624,nan,nan,-6.547812008538943
Seedance_0010.mp4,fake,True,0.003605260911640926,0.009434140358299413,3.0900840759277344,0.04568105190992355,nan,nan,-5.261966466908335
Seedance_0011.mp4,fake,True,0.0017126707904001072,0.005396993071790039,0.9929099678993225,0.03743898496031761,nan,nan,-2.6863054186850692
Seedance_0012.mp4,fake,True,0.0010257440361501654,0.003226494753799892,1.2101547718048096,0.03167404234409332,nan,nan,-7.08574056913087
Seedance_0013.mp4,fake,True,0.001194455070588028,0.004566091082733492,0.8957633376121521,0.03223326802253723,nan,nan,-7.030018600587962
Seedance_0014.mp4,fake,True,0.003539566807049998,0.010375040773771911,1.420094609260559,0.04857591167092323,nan,nan,-5.955108830248774
Seedance_0015.mp4,fake,True,0.002095529165617309,0.0056770470905070985,1.2738151550292969,0.01323020737618208,nan,nan,-4.844475636655025
Seedance_0016.mp4,fake,True,0.002439278491509471,0.006545585672816773,1.2090213298797607,0.027441199868917465,nan,nan,-8.391646126770935
Seedance_0017.mp4,fake,True,0.0020067755513655037,0.0069103699307197395,1.3146382570266724,0.036099158227443695,nan,nan,-6.5312052981865145
Seedance_0018.mp4,fake,True,0.0018645973858192242,0.0048988551649782105,1.2128331661224365,0.02284751646220684,nan,nan,-8.08699755179489
Seedance_0019.mp4,fake,True,0.00997543162138857,0.03128449179909949,0.6072036623954773,0.0473172627389431,nan,nan,-4.757849963035531
Seedance_0020.mp4,fake,True,0.002531817117895379,0.007166098951309891,1.2390567064285278,0.033874694257974625,nan,nan,-4.289087404242458
Seedance_0021.mp4,fake,True,0.007423906636680702,0.02250379644967318,1.088333249092102,0.04051472246646881,nan,nan,-6.264874851268072
Seedance_0022.mp4,fake,True,0.013293973630100552,0.03881979008466104,1.3327302932739258,0.03892538323998451,nan,nan,-1.9242578237948935
Seedance_0023.mp4,fake,True,0.005887502741715124,0.022377523678589185,1.126870036125183,0.04806734248995781,nan,nan,-2.6259698150786352
Seedance_0024.mp4,fake,True,0.006433558990399104,0.022290756926376176,1.843435525894165,0.01851201057434082,nan,nan,-1.3284803931819775
Seedance_0025.mp4,fake,True,0.004393522326417563,0.014430103099139299,1.8617618083953857,0.040408529341220856,nan,nan,-1.7718343839433892
Seedance_0026.mp4,fake,True,0.009945256705281602,0.026494558387086083,1.892572045326233,0.031851764768362045,nan,nan,-8.86423812405437
Seedance_0027.mp4,fake,True,0.044849194376177216,0.1189576150167767,1.3898626565933228,0.021345525979995728,nan,nan,-5.211926757017102
Seedance_0028.mp4,fake,True,0.00407383283359553,0.011564486450684882,0.8429457545280457,0.026482844725251198,nan,nan,-5.162193024138513
Seedance_0029.mp4,fake,True,0.007894863644598828,0.020599856074209884,1.3669822216033936,0.03519812971353531,nan,nan,-4.132836431183467
Seedance_0030.mp4,fake,True,0.00599424523479497,0.020061176565528777,1.3494927883148193,0.02986842580139637,nan,nan,-5.3765776424185665
Seedance_0031.mp4,fake,True,0.004939273085621032,0.01598484484614949,1.092015266418457,0.020262353122234344,nan,nan,-8.152550299232598
Seedance_0032.mp4,fake,True,0.010832986952908475,0.02932515430924282,1.6636735200881958,0.027012497186660767,nan,nan,-4.126773514041837
Seedance_0033.mp4,fake,True,0.0070137066395861225,0.023408197667683855,1.4888440370559692,0.0393497459590435,nan,nan,-2.2592037369825233
Seedance_0034.mp4,fake,True,0.0040493847113612464,0.011235375796064912,1.133750557899475,0.029016271233558655,nan,nan,-7.5329493041154025
Seedance_0035.mp4,fake,True,0.006984531825552869,0.020465924083838467,1.115895390510559,0.0199247058480978,nan,nan,-5.7610949424808755
Seedance_0036.mp4,fake,True,0.006494045414512869,0.021025218517277476,0.9923413991928101,0.034725748002529144,nan,nan,-1.277463260591185
Seedance_0037.mp4,fake,True,0.007769147222789456,0.021920762594678407,1.4011201858520508,0.03221793472766876,nan,nan,-5.880146556721472
Seedance_0038.mp4,fake,True,0.003379055169324875,0.010931010818691186,1.8273084163665771,0.026192355901002884,nan,nan,-7.6142595021774975
Seedance_0039.mp4,fake,True,0.008035449310737677,0.024218067635952113,1.9278422594070435,0.049412112683057785,nan,nan,-9.559446332578709
Seedance_0040.mp4,fake,True,0.010691310903776745,0.028519263735359,2.4151172637939453,0.02711806260049343,nan,nan,-5.836608454252871
Seedance_0041.mp4,fake,True,0.016755151324903617,0.043984158844950015,1.3521990776062012,0.05364071577787399,nan,nan,-6.194984530139196
Seedance_0042.mp4,fake,True,0.002785169224294914,0.00966166416499026,1.3884013891220093,0.021387407556176186,nan,nan,-3.5668493551028795
Seedance_0043.mp4,fake,True,0.005627900710040381,0.018439626291666407,1.1009461879730225,0.038216665387153625,nan,nan,-5.250363328114456
Seedance_0044.mp4,fake,True,0.007437827085583127,0.025909392859906507,1.6599153280258179,0.027387237176299095,nan,nan,-2.8572640304997132
Seedance_0045.mp4,fake,True,0.014007734067229211,0.040552942105373226,1.3150488138198853,0.053510554134845734,nan,nan,-2.250544983260137
Seedance_0046.mp4,fake,True,0.0019090643730893054,0.0066091247014215095,0.8117423057556152,0.03151701018214226,nan,nan,-3.195161352115422
sora_0001.mp4,fake,True,0.013190921975758541,0.06183924096783669,2.712437391281128,0.041526541113853455,nan,nan,-6.333028440025319
sora_0002.mp4,fake,True,0.03003160082819535,0.08166029705580799,4.674166679382324,0.032066915184259415,nan,nan,-7.7403374499851365
sora_0003.mp4,fake,True,0.06522126953946836,0.1817406686513865,1.5329623222351074,0.026465417817234993,nan,nan,-5.782415359661641
sora_0004.mp4,fake,True,0.09221232168362484,0.2887225565220141,2.0602288246154785,0.027911027893424034,nan,nan,-8.20365673251582
sora_0005.mp4,fake,True,0.014000912127748802,0.05489583461817936,2.295949697494507,0.03831098973751068,nan,nan,-4.644665340845372
sora_0006.mp4,fake,True,0.03231043152171409,0.13374848616800883,2.359269618988037,0.041757985949516296,nan,nan,-4.955231965336532
sora_0007.mp4,fake,True,0.005406233667932994,0.017857451665744626,1.2236899137496948,0.04269528016448021,nan,nan,-8.711907988206457
sora_0008.mp4,fake,True,nan,nan,1.2843241691589355,0.06223107501864433,nan,nan,nan
sora_0009.mp4,fake,True,nan,nan,1.3746263980865479,0.06269597262144089,nan,nan,nan
sora_0010.mp4,fake,True,nan,nan,1.5038727521896362,0.04673973470926285,nan,nan,nan
sora_0011.mp4,fake,True,nan,nan,1.6210328340530396,0.04676448926329613,nan,nan,nan
sora_0012.mp4,fake,True,nan,nan,1.7550121545791626,0.05945954844355583,nan,nan,nan
sora_0013.mp4,fake,True,nan,nan,1.5867578983306885,0.05638125538825989,nan,nan,nan
sora_0014.mp4,fake,True,nan,nan,1.3321841955184937,0.0800289735198021,nan,nan,nan
sora_0015.mp4,fake,True,nan,nan,1.5186858177185059,0.0683145597577095,nan,nan,nan
sora_0016.mp4,fake,True,nan,nan,2.499030590057373,0.04681898653507233,nan,nan,nan
sora_0017.mp4,fake,True,nan,nan,1.7851070165634155,0.054921042174100876,nan,nan,nan
sora_0018.mp4,fake,True,nan,nan,2.5548760890960693,0.0686674639582634,nan,nan,nan
sora_0019.mp4,fake,True,nan,nan,2.551178455352783,0.0696682408452034,nan,nan,nan
sora_0020.mp4,fake,True,nan,nan,1.5028001070022583,0.05243575945496559,nan,nan,nan
sora_0021.mp4,fake,True,nan,nan,1.936522126197815,0.07016601413488388,nan,nan,nan
sora_0022.mp4,fake,True,nan,nan,1.8405426740646362,0.02616344578564167,nan,nan,nan
sora_0023.mp4,fake,True,nan,nan,2.5095064640045166,0.04280204325914383,nan,nan,nan
sora_0024.mp4,fake,True,nan,nan,2.7588069438934326,0.046112868934869766,nan,nan,nan
sora_0025.mp4,fake,True,nan,nan,1.2759499549865723,0.06702824681997299,nan,nan,nan
sora_0026.mp4,fake,True,nan,nan,3.9644174575805664,0.07015474140644073,nan,nan,nan
sora_0027.mp4,fake,True,nan,nan,2.191060781478882,0.09618350118398666,nan,nan,nan
sora_0028.mp4,fake,True,0.006598091260673482,0.025940638154680763,1.8995046615600586,0.07894498854875565,nan,nan,-7.582135087411284
sora_0029.mp4,fake,True,0.0060771985754118334,0.024206687838352933,3.017601251602173,0.07274453341960907,nan,nan,-4.2922023243355305
sora_0030.mp4,fake,True,nan,nan,1.3302792310714722,0.06495795398950577,nan,nan,nan
sora_0031.mp4,fake,True,nan,nan,0.792792558670044,0.060176484286785126,nan,nan,nan
sora_0032.mp4,fake,True,nan,nan,1.821751356124878,0.05979304760694504,nan,nan,nan
sora_0033.mp4,fake,True,0.004252813419390642,0.018502271926223765,1.8033522367477417,0.03503274917602539,nan,nan,-7.463455199819561
sora_0034.mp4,fake,True,0.010278148816672522,0.03887123553036908,2.2756099700927734,0.059184473007917404,nan,nan,-5.036651138700529
sora_0035.mp4,fake,True,0.012466858625173867,0.07744748977206115,1.3712811470031738,0.04555768892168999,nan,nan,5.610373210267495
sora_0036.mp4,fake,True,0.09344421931034254,0.3956576502703199,1.5762015581130981,0.07834892719984055,nan,nan,-0.21256189751018073
sora_0037.mp4,fake,True,0.004558302371139336,0.017479376006406207,3.498556137084961,0.09139948338270187,nan,nan,-4.556312956980426
sora_0038.mp4,fake,True,0.003350139653689603,0.012793232529279913,2.533618450164795,0.03688628226518631,nan,nan,-8.34067215104489
sora_0039.mp4,fake,True,0.009923531175928533,0.038733938042060996,0.7209786176681519,0.058652594685554504,nan,nan,-7.629101965796133
sora_0040.mp4,fake,True,0.0042284388116167766,0.016646528201235394,2.7355401515960693,0.06790842115879059,nan,nan,-6.085509618121955
sora_0041.mp4,fake,True,0.004359964652759513,0.016747099417317307,3.0562756061553955,0.0305872093886137,nan,nan,-7.824370769020163
sora_0042.mp4,fake,True,0.017102599088514817,0.07295345798636253,2.231943130493164,0.08215706795454025,nan,nan,-7.645464356631063
sora_0043.mp4,fake,True,0.010282780927962672,0.039732050744983004,2.9020512104034424,0.0751911997795105,nan,nan,-3.639184170676775
sora_0044.mp4,fake,True,0.007861730153879597,0.028920475187726943,5.231029510498047,0.0597713440656662,nan,nan,-6.4349373138261745
sora_0045.mp4,fake,True,0.0030266898903811173,0.011325657536263396,2.8679392337799072,0.06228746101260185,nan,nan,-4.850134830261219
sora_0046.mp4,fake,True,0.006558717719775823,0.0315859103636926,1.8423272371292114,0.060436662286520004,nan,nan,1.5325919118622633
sora_0047.mp4,fake,True,0.008241080467636127,0.031249075973329973,2.5454249382019043,0.05854329466819763,nan,nan,-5.3422170390572035
sora_0048.mp4,fake,True,0.007568694167111469,0.02850012070844376,2.483393669128418,0.06248641014099121,nan,nan,-3.480716380873357
sora_0049.mp4,fake,True,0.01297296758695098,0.057721174402025295,2.2697980403900146,0.06483826041221619,nan,nan,-6.909246239474713
sora_0050.mp4,fake,True,0.011609353839058548,0.04618599398835151,2.1323771476745605,0.03846275061368942,nan,nan,0.7012194971349222
sora_0051.mp4,fake,True,0.008297997582363367,0.03223002893005433,3.2317137718200684,0.05173840373754501,nan,nan,-1.734982686893074
sora_0052.mp4,fake,True,0.022623163625319173,0.07702354417994758,2.152510404586792,0.01511632464826107,nan,nan,-3.5772692490788165
sora_0053.mp4,fake,True,0.02823430627489051,0.10674515688923511,1.486019492149353,0.022482572123408318,nan,nan,-1.8153240176273329
sora_0054.mp4,fake,True,0.027305171067529777,0.11213954018350744,3.3079917430877686,0.029060671105980873,nan,nan,-7.149522553375386
Veo_0001.mp4,fake,True,0.0025456304702663746,0.008704113694097793,1.0830310583114624,0.01993609219789505,nan,nan,-7.196982270206192
Veo_0002.mp4,fake,True,0.001783428605548084,0.0067180309213970895,1.2287064790725708,0.05483522266149521,nan,nan,-4.614954064064646
Veo_0003.mp4,fake,True,0.004098810389943001,0.011402643678136499,0.781470775604248,0.05014089122414589,nan,nan,-5.9094439788126945
Veo_0004.mp4,fake,True,0.001426224979253162,0.003983664133691212,1.818123698234558,0.050296418368816376,nan,nan,-6.297808913797407
Veo_0005.mp4,fake,True,0.0066037667469055344,0.021940793344151516,1.3210715055465698,0.03239836543798447,nan,nan,-5.986902683649803
Veo_0006.mp4,fake,True,0.0030691897614446044,0.010202113217287131,2.2582132816314697,0.026394488289952278,nan,nan,-3.417078849762688
Veo_0007.mp4,fake,True,0.006177719462834264,0.022068943735333454,1.7080782651901245,0.026809673756361008,nan,nan,-5.132158716044456
Veo_0008.mp4,fake,True,0.002430821057182198,0.0066216656049579836,1.8831112384796143,0.04938597232103348,nan,nan,-5.082255483276215
Veo_0009.mp4,fake,True,0.0021863518491141245,0.006374523804467795,3.152665376663208,0.04468092694878578,nan,nan,-8.532288759376858
Veo_0010.mp4,fake,True,0.007325902525916843,0.016610131859774016,2.1022541522979736,0.029941128566861153,nan,nan,-8.35566690030176
Veo_0011.mp4,fake,True,0.04444998799368608,0.17231474877389008,1.6617488861083984,0.060722094029188156,nan,nan,-3.463312918740342
Veo_0012.mp4,fake,True,0.003450007848942241,0.008524088512677204,1.956274390220642,0.03545151650905609,nan,nan,-5.666430448776655
Veo_0013.mp4,fake,True,0.011804408166570452,0.04060836494059488,1.6899274587631226,0.06712303310632706,nan,nan,-5.160444306063045
Veo_0014.mp4,fake,True,0.0030781844667954806,0.011618795780406007,2.4573795795440674,0.04387001693248749,nan,nan,-6.505579092731852
Veo_0015.mp4,fake,True,0.005887088665544084,0.016173942968890433,1.520904541015625,0.03354686498641968,nan,nan,-7.116283883237959
Veo_0016.mp4,fake,True,0.002326175623552749,0.010685902886359018,1.7931814193725586,0.04166359454393387,nan,nan,-6.79956213772532
Veo_0017.mp4,fake,True,0.0053626386294500375,0.02005654667718975,2.8478691577911377,0.03872896358370781,nan,nan,-3.5462935541194023
Veo_0018.mp4,fake,True,0.016575509075444837,0.04596522677748317,2.6368422508239746,0.04117313027381897,nan,nan,-7.861229351581457
Veo_0019.mp4,fake,True,0.0032532260535276035,0.006749858068449925,1.4070979356765747,0.05186648666858673,nan,nan,-6.854830127871949
Veo_0020.mp4,fake,True,0.003527912355676331,0.007829815512799106,2.126690626144409,0.04984305799007416,nan,nan,-10.25534546684904
Veo_0021.mp4,fake,True,0.01403409544055916,0.05511201403121786,2.042304039001465,0.05276428535580635,nan,nan,-4.656676481802375
Veo_0022.mp4,fake,True,0.003270211458774603,0.008094804080848134,3.757215738296509,0.0374256893992424,nan,nan,-3.680809564699275
Veo_0023.mp4,fake,True,0.003813962546901833,0.014587403787765511,2.165398597717285,0.05637092515826225,nan,nan,-6.692306993794413
Veo_0024.mp4,fake,True,0.00767176477608195,0.020291826252537372,1.2295321226119995,0.030334029346704483,nan,nan,-9.427267603547543
Veo_0025.mp4,fake,True,0.0028640298626373666,0.011864473913342749,2.3103277683258057,0.0617460198700428,nan,nan,-3.055651389564586
Veo_0026.mp4,fake,True,0.0015254062473095905,0.004800506847722407,2.2061550617218018,0.038620855659246445,nan,nan,-5.931312611651947
Veo_0027.mp4,fake,True,0.011009187034012824,0.021907505861830892,2.304738998413086,0.03562355041503906,nan,nan,-9.235799020097167
Veo_0028.mp4,fake,True,0.008607349293554244,0.027344955429399884,1.6964313983917236,0.06168542429804802,nan,nan,-6.91448351361794
Veo_0029.mp4,fake,True,0.015158959426220182,0.05371940856880952,2.646162986755371,0.034017279744148254,nan,nan,-7.454676930677856
Veo_0030.mp4,fake,True,0.00851820649828459,0.027882029258589493,1.7253391742706299,0.05085480958223343,nan,nan,-7.7112923596288265
Veo_0031.mp4,fake,True,0.03097671278375329,0.0940433449672454,2.158870220184326,0.027739427983760834,nan,nan,-7.765773955759841
Veo_0032.mp4,fake,True,0.002234265551540333,0.00735067696012118,2.4404523372650146,0.04410969465970993,nan,nan,-6.105343847072199
Veo_0033.mp4,fake,True,0.0033874967799394544,0.014453633598592523,2.1120760440826416,0.041378095746040344,nan,nan,-5.7986337504263314
Veo_0034.mp4,fake,True,0.0038114826157284684,0.010764256927594638,1.2038710117340088,0.039697207510471344,nan,nan,-8.009765242979967
Veo_0035.mp4,fake,True,0.007498476566542286,0.02227580478861068,2.311586618423462,0.024870138615369797,nan,nan,-6.503176547793615
Veo_0036.mp4,fake,True,0.01660082723801773,0.055702128244204674,2.3056843280792236,0.1522296816110611,nan,nan,-6.080492386929729
Veo_0037.mp4,fake,True,0.01643430702174799,0.06965288204689106,1.71112060546875,0.044798120856285095,nan,nan,-1.4885009068957202
Veo_0038.mp4,fake,True,0.005743092150352124,0.02460743436886006,3.635938882827759,0.053887806832790375,nan,nan,-3.409498917000522
Veo_0039.mp4,fake,True,0.012490219480413792,0.0456158812740725,2.6077585220336914,0.053574781864881516,nan,nan,-5.322053477034878
Veo_0040.mp4,fake,True,0.0029794037798751218,0.009735178329472306,3.971128463745117,0.029743822291493416,nan,nan,-8.933834526858135
Veo_0041.mp4,fake,True,0.00280804227948557,0.00937505253692413,2.1640493869781494,0.050808925181627274,nan,nan,-6.417984001184706
Veo_0042.mp4,fake,True,0.0022187417769534306,0.007828732521610057,4.659669399261475,0.04617209732532501,nan,nan,-7.849439819679789
Veo_0043.mp4,fake,True,0.005948217181844594,0.015618942881480125,1.6333330869674683,0.04811892658472061,nan,nan,-8.58523922009673
Veo_0044.mp4,fake,True,0.001831425649193863,0.006038625718862332,2.4029932022094727,0.05849194526672363,nan,nan,-6.652559879044162
Veo_0045.mp4,fake,True,0.002034855255648363,0.006069630853317588,3.0719287395477295,0.09235438704490662,nan,nan,-7.744189826651159
Veo_0046.mp4,fake,True,0.002387218054287174,0.008718879881079711,2.3506321907043457,0.023052476346492767,nan,nan,-1.8831812449310057
Veo_0047.mp4,fake,True,0.004411512505406965,0.01277269684174982,1.2772843837738037,0.021808044984936714,nan,nan,-6.028446232366703
0000.mp4,real,True,0.010422792585850587,0.037651521355327386,1.0733383893966675,0.031596578657627106,nan,nan,-6.767211414597716
00000.mp4,real,True,0.01045543322033781,0.047199588579308525,6.5594258308410645,0.042062755674123764,nan,nan,-6.637500606359028
00001.mp4,real,True,0.021615955573382303,0.08488116574197528,1.3701003789901733,0.036865945905447006,nan,nan,-6.672163598207851
00002.mp4,real,True,0.008622388933077641,0.03756707674602486,1.4392386674880981,0.023282663896679878,nan,nan,-5.284614869886281
00003.mp4,real,True,0.19054733267179302,0.7264461283738034,1.7552012205123901,0.03676486015319824,nan,nan,-6.687150434033691
00004.mp4,real,True,0.19456479345804603,0.536975618226316,3.41862154006958,0.04744267091155052,nan,nan,-7.671779212043342
00005.mp4,real,True,0.031399339556344046,0.10205358438558981,1.9497495889663696,0.0212847962975502,nan,nan,-5.293285787414166
00006.mp4,real,True,0.030247031098551418,0.12366310607783623,1.0436955690383911,0.019480718299746513,nan,nan,-4.389301583809624
00007.mp4,real,True,0.02331226008686511,0.09010952863042564,2.2811169624328613,0.05237657576799393,nan,nan,-3.596187017044797
00008.mp4,real,True,0.017794397117373868,0.07205829189849652,7.18681526184082,0.06698175519704819,nan,nan,-3.355375271053666
00009.mp4,real,True,0.05671118030160873,0.1997678449193927,3.8584249019622803,0.07036423683166504,nan,nan,-4.751015294814426
0001.mp4,real,True,0.0875981828511236,0.3210605111052369,1.3599234819412231,0.01175090204924345,nan,nan,-6.442822930775223
00010.mp4,real,True,0.007598298637247463,0.02729021082281562,6.46593713760376,0.043496716767549515,nan,nan,-3.853169267864607
00011.mp4,real,True,0.027320017326194372,0.0927313030718031,1.7582337856292725,0.03189942613244057,nan,nan,-6.137665438631715
00012.mp4,real,True,0.10269783135931325,0.3357587563491887,1.3887344598770142,0.05279961973428726,nan,nan,-3.82998539865897
00013.mp4,real,True,0.03755610142964879,0.12409562559144713,2.0027594566345215,0.032356176525354385,nan,nan,-7.08949169268887
00014.mp4,real,True,0.1606541947977485,1.054516695908054,3.331906795501709,0.05590612068772316,nan,nan,-0.0015905406231046704
00015.mp4,real,True,0.05005957919276527,0.16620804210911594,2.3716824054718018,0.04200657457113266,nan,nan,-6.524015273671262
00016.mp4,real,True,0.026125373845675516,0.09776171175517913,4.6018805503845215,0.03274839371442795,nan,nan,-5.652154725011017
00017.mp4,real,True,0.06283171207115151,0.2369006622158115,1.2361291646957397,0.07994309067726135,nan,nan,-8.008921403480068
00018.mp4,real,True,0.010311741377041902,0.04431060952288064,1.5503188371658325,0.04430822283029556,nan,nan,-5.071788185214049
00019.mp4,real,True,0.004584264568526337,0.020196211933527716,2.120363235473633,0.07971446216106415,nan,nan,-5.691894742082967
0002.mp4,real,True,0.011584365934891662,0.04176260391007309,1.0174156427383423,0.01483927946537733,nan,nan,-6.841972490017899
00020.mp4,real,True,0.012784220310727254,0.0425866855353736,3.0736076831817627,0.031117193400859833,nan,nan,-3.8543786321891256
00021.mp4,real,True,0.020239823184676545,0.07782791854728846,2.3568837642669678,0.08208709955215454,nan,nan,-2.5064775149941942
00022.mp4,real,True,0.007236935873977581,0.03298473010722844,1.5759414434432983,0.01633155532181263,nan,nan,-6.946038682983001
00023.mp4,real,True,0.06157771044771126,0.1990947188559921,4.157008647918701,0.06419070065021515,nan,nan,-3.557793903910542
00024.mp4,real,True,0.010938352896516722,0.04805135172659468,2.649094581604004,0.043122194707393646,nan,nan,-5.2946360068036835
00025.mp4,real,True,0.008586823480335189,0.0345400818461513,1.2896451950073242,0.0682852491736412,nan,nan,-5.6933258673694
00026.mp4,real,True,0.04389697319052344,0.19316195793316043,2.8084893226623535,0.0359627939760685,nan,nan,-1.5657205221015789
00027.mp4,real,True,0.034566911633154285,0.10361719700422974,3.344391345977783,0.05472809076309204,nan,nan,-7.873265544542672
00028.mp4,real,True,0.00569965164013576,0.019036222993432616,6.947869300842285,0.028478318825364113,nan,nan,-5.985454621513023
00029.mp4,real,True,0.035412455898467976,0.14093317248779166,1.3866045475006104,0.04870013892650604,nan,nan,-5.169509633184584
0003.mp4,real,True,nan,nan,1.075125813484192,0.017007976770401,nan,nan,nan
00030.mp4,real,True,0.002696676790336169,0.010446215019082836,1.3093303442001343,0.029255643486976624,nan,nan,-7.334145295298777
00031.mp4,real,True,0.011437043285949768,0.053173380256831215,1.367615818977356,0.01801098883152008,nan,nan,-3.3143283538228463
00032.mp4,real,True,0.014598829657736226,0.060149161990431035,1.4600733518600464,0.015794578939676285,nan,nan,-4.615694253957493
00033.mp4,real,True,0.004252353633474138,0.01989895587869819,1.9747356176376343,0.029042929410934448,nan,nan,-4.770205716004851
00034.mp4,real,True,0.021657056300360977,0.08948151348408893,1.894487977027893,0.03394549712538719,nan,nan,-4.675476767563735
00035.mp4,real,True,0.03252488959121448,0.15702191849117622,1.0975176095962524,0.01823275350034237,nan,nan,-2.7200708109479117
00036.mp4,real,True,0.06492300345234965,0.2834071338455379,1.8928662538528442,0.02535146102309227,nan,nan,-3.676622541040512
00037.mp4,real,True,0.007994556991723967,0.02965207711177652,4.9629058837890625,0.03283296898007393,nan,nan,-4.669665789407072
00038.mp4,real,True,0.006601245058465941,0.03041342682135624,1.8644460439682007,0.028660733252763748,nan,nan,-3.35283217101908
00039.mp4,real,True,0.11128300154212696,0.35285751526285597,3.2288386821746826,0.030684510245919228,nan,nan,-4.7373632587685055
0004.mp4,real,True,nan,nan,2.9134345054626465,0.015436881221830845,nan,nan,nan
00040.mp4,real,True,0.012706252573304181,0.04314568403950557,1.8918830156326294,0.048456981778144836,nan,nan,-7.385557363128807
00041.mp4,real,True,0.22614515857834486,0.8036837758681123,2.3020575046539307,0.06846854090690613,nan,nan,-2.8695878426102857
00042.mp4,real,True,0.005715312862370561,0.024941393673471986,2.3951826095581055,0.04708552733063698,nan,nan,-3.806401104561145
00043.mp4,real,True,0.07962541120485685,0.24842639496421534,3.148667573928833,0.026157887652516365,nan,nan,-6.182114543479753
00044.mp4,real,True,0.03117512009371326,0.10245622134291817,0.633119523525238,0.02036277949810028,nan,nan,-3.500894624388356
00045.mp4,real,True,0.053476505949291146,0.17907278047110517,5.083077430725098,0.03723027929663658,nan,nan,-5.33722351633206
00046.mp4,real,True,0.027311870609433353,0.11061087880396503,2.103233814239502,0.04228819161653519,nan,nan,-4.6886611734096935
00047.mp4,real,True,0.006294397722933698,0.020915042841896398,2.7614545822143555,0.031115612015128136,nan,nan,-3.3688166947872835
00048.mp4,real,True,0.00580168090572443,0.022974110681603505,0.7924878597259521,0.025447750464081764,nan,nan,-6.203493559710768
00049.mp4,real,True,0.09974769907300939,0.32504679885812265,2.570070505142212,0.024186039343476295,nan,nan,-5.927589018694603
0005.mp4,real,True,0.21164984383938662,0.954670989630224,4.924585819244385,0.036093227565288544,nan,nan,-4.8277766761564935
00050.mp4,real,True,0.008156961636291765,0.03651664817319132,1.1536563634872437,0.025322601199150085,nan,nan,-8.791889245733564
00051.mp4,real,True,0.11053243231065203,0.6311604142465603,2.282633066177368,0.02525968849658966,nan,nan,-1.9897730112490573
00052.mp4,real,True,0.005980180468689874,0.0287060980940686,1.8138483762741089,0.02662825398147106,nan,nan,-0.8412944568281377
00053.mp4,real,True,0.017232015465824157,0.06730072720267866,1.3263907432556152,0.03267217054963112,nan,nan,-4.829186369531088
00054.mp4,real,True,0.030404863296539457,0.08913172793984038,1.724946141242981,0.016073141247034073,nan,nan,-6.303703256819919
00055.mp4,real,True,0.0045392734995375154,0.022518140044559633,1.6179691553115845,0.06680095195770264,nan,nan,-2.23740962993938
00056.mp4,real,True,0.00847965249206717,0.04009365353479827,0.8598496317863464,0.018793074414134026,nan,nan,-0.3803240400011261
00057.mp4,real,True,0.034374146395561876,0.142974222306798,1.2711900472640991,0.03229730948805809,nan,nan,-2.3067696808802842
00058.mp4,real,True,0.012705940126015038,0.05695874929625074,2.2703206539154053,0.017584942281246185,nan,nan,-5.491718156209538
00059.mp4,real,True,0.013454364418639604,0.03802144136549528,6.584862232208252,0.019999895244836807,nan,nan,-6.722045299087631
0006.mp4,real,True,nan,nan,1.331860899925232,0.015542333014309406,nan,nan,nan
00060.mp4,real,True,0.02276237293802498,0.11015356268713279,2.146103858947754,0.02740367315709591,nan,nan,-0.9402611001580586
00061.mp4,real,True,0.004546925523071231,0.02030841399689923,2.6537389755249023,0.04126399755477905,nan,nan,-2.730131568161486
00062.mp4,real,True,0.009500336247343765,0.03278812387875412,2.8459291458129883,0.029237620532512665,nan,nan,-6.281232271907404
00063.mp4,real,True,0.016779792264384558,0.08663187763183576,1.8055695295333862,0.029850013554096222,nan,nan,3.2991037969598076
00064.mp4,real,True,0.03395797679067183,0.15266113371947457,0.9196323752403259,0.02036627195775509,nan,nan,-2.5616132754441487
00065.mp4,real,True,0.027039182540881727,0.1279791564494602,2.111307382583618,0.06309358775615692,nan,nan,-3.9669339937101085
00066.mp4,real,True,0.01899350921887382,0.10451550956364192,1.0330451726913452,0.07746150344610214,nan,nan,-3.2230486221343524
00067.mp4,real,True,0.010252514865258472,0.0398708296480655,2.3326005935668945,0.03512843698263168,nan,nan,-3.4930423596234212
00068.mp4,real,True,0.01143590743179822,0.04428500898849109,1.0559260845184326,0.11101534217596054,nan,nan,-4.78305767930607
00069.mp4,real,True,0.12074406086064174,0.7159024066146343,3.2974653244018555,0.021833842620253563,nan,nan,-4.126342773877611
0007.mp4,real,True,0.0791765966012972,0.2741495895445642,3.7338881492614746,0.016835298389196396,nan,nan,-4.821644415162231
00070.mp4,real,True,0.02153284257396984,0.09607248661639793,2.04351544380188,0.04624947905540466,nan,nan,-3.3576308582700514
00071.mp4,real,True,0.11059474045683287,0.4035809745871112,2.5659565925598145,0.04666692018508911,nan,nan,-4.765581443142794
00072.mp4,real,True,0.026421693558836112,0.10145600606800623,2.1245577335357666,0.022959934547543526,nan,nan,-5.973427810809784
00073.mp4,real,True,0.00329223901916818,0.01616029263788301,1.5926003456115723,0.036738574504852295,nan,nan,-3.154167360664214
00074.mp4,real,True,0.01666846067433768,0.06148921103536418,2.3039474487304688,0.022091619670391083,nan,nan,-2.273401260892576
00075.mp4,real,True,0.011542450752782377,0.04824370607343176,2.0181469917297363,0.035059791058301926,nan,nan,-5.521477568478112
00076.mp4,real,True,0.01937594319611301,0.08122181363417055,2.4159250259399414,0.05329648777842522,nan,nan,-5.333175306184134
00077.mp4,real,True,0.011526630245579553,0.03808457816519797,1.3557871580123901,0.03417133912444115,nan,nan,-5.340329211810033
00078.mp4,real,True,0.021755139898415526,0.09323096623074661,1.8486932516098022,0.042612358927726746,nan,nan,-2.70111350210879
00079.mp4,real,True,0.016210049835182223,0.07009730490890036,2.579468011856079,0.09436657279729843,nan,nan,-5.778725872313651
0008.mp4,real,True,0.011532936071949076,0.04386707174766881,1.7535401582717896,0.020153410732746124,nan,nan,-6.274079220620034
00080.mp4,real,True,0.005502548507488479,0.023282039655860627,2.2664101123809814,0.017516285181045532,nan,nan,-5.1413334973397395
00081.mp4,real,True,0.02280562080560923,0.07690669912014803,3.03326153755188,0.02074774168431759,nan,nan,-5.593219820219993
00082.mp4,real,True,0.01314724204364058,0.04968813646978776,2.233414888381958,0.027357442304491997,nan,nan,-5.492923133938941
00083.mp4,real,True,0.007275221319425637,0.03848422573747147,2.253081798553467,0.02491270937025547,nan,nan,0.43249327756324196
00084.mp4,real,True,0.01800232447863325,0.04453986208662688,1.3057506084442139,0.10943610966205597,nan,nan,-6.659627032470677
00085.mp4,real,True,0.022964391440934217,0.08886945639132351,1.8888109922409058,0.04293467476963997,nan,nan,-5.416503857678794
00086.mp4,real,True,0.03513011741020695,0.11960676828826172,1.6509774923324585,0.0682285726070404,nan,nan,-3.771280688040039
00087.mp4,real,True,0.01695473909713408,0.07638882923491301,1.9233708381652832,0.09553173929452896,nan,nan,-4.3022781661234255
00088.mp4,real,True,0.008239781408302246,0.03250192839420237,1.5856952667236328,0.026864660903811455,nan,nan,-4.6266584820527505
00089.mp4,real,True,0.019314208112830713,0.07382940668853148,1.582761526107788,0.06506005674600601,nan,nan,-3.8147677420781796
0009.mp4,real,True,0.013558311597088058,0.05429634671453,1.9352965354919434,0.02032897248864174,nan,nan,-4.668920811736074
00090.mp4,real,True,0.019219169668668854,0.08010809023969513,1.368585228919983,0.022237470373511314,nan,nan,-0.839922523861255
00091.mp4,real,True,0.11570041067458062,0.304153135846803,0.4896353483200073,0.04461556673049927,nan,nan,-5.233249498312654
00092.mp4,real,True,0.027243731695629634,0.11622914762534105,2.368130683898926,0.05146613344550133,nan,nan,-4.667763927267085
00093.mp4,real,True,0.06973868518187404,0.26840715824616157,3.2882139682769775,0.0490603893995285,nan,nan,-5.254473824169935
00094.mp4,real,True,0.547458770771595,1.8823087575905513,1.8859632015228271,0.08516324311494827,nan,nan,-3.3903431092381893
00095.mp4,real,True,0.021994178089377273,0.0884308510233975,2.4456863403320312,0.04220733791589737,nan,nan,-6.609789748680836
00096.mp4,real,True,0.01618277047111436,0.05815059655118116,1.5462678670883179,0.06975167989730835,nan,nan,-3.170074824911864
00097.mp4,real,True,0.007002216820227624,0.0287036308136229,1.7729008197784424,0.04534945636987686,nan,nan,-3.9299450917268453
00098.mp4,real,True,0.011255834391020113,0.04133098859354961,1.5789175033569336,0.03137022256851196,nan,nan,-4.588787973487009
00099.mp4,real,True,0.01132926817808469,0.034535723974403916,4.571115016937256,0.025890611112117767,nan,nan,-4.0604134666026335
0010.mp4,real,True,0.019415427929772112,0.08903081202891976,1.560426950454712,0.017425065860152245,nan,nan,0.4534321454974505
00100.mp4,real,True,0.005853527288171046,0.026210457765806827,2.0449788570404053,0.029391715303063393,nan,nan,-3.7518781415589215
00101.mp4,real,True,0.004205276843150822,0.019496443054308345,1.3348028659820557,0.048841442912817,nan,nan,-2.763931903332619
0011.mp4,real,True,0.008620218255677816,0.044895152038942315,0.9086007475852966,0.04038051515817642,nan,nan,-0.7646503871561035
0012.mp4,real,True,0.017811368079302045,0.05818993055705475,1.260641098022461,0.017351996153593063,nan,nan,-8.15082274873371
0013.mp4,real,True,0.03187123372698333,0.16605879967561787,1.3843104839324951,0.019267108291387558,nan,nan,1.3062166687001548
0014.mp4,real,True,0.014822771091583323,0.055384300265921116,1.2975780963897705,0.007905672304332256,nan,nan,-6.1916606177854225
0015.mp4,real,True,0.011018052279648466,0.03970689877135651,1.8661919832229614,0.007446014788001776,nan,nan,-7.159019172592091
0016.mp4,real,True,nan,nan,1.1293740272521973,0.01713487133383751,nan,nan,nan
0017.mp4,real,True,nan,nan,1.3885328769683838,0.029528118669986725,nan,nan,nan
0018.mp4,real,True,0.021419757895642242,0.06603032967158015,1.4587340354919434,0.00837249867618084,nan,nan,-4.0785648186532635
0019.mp4,real,True,0.012425025400449445,0.057134657552024626,1.143570065498352,0.018892839550971985,nan,nan,-5.9496678923659445
0020.mp4,real,True,nan,nan,0.46935442090034485,0.027950424700975418,nan,nan,nan
0021.mp4,real,True,nan,nan,1.0732371807098389,0.02839917130768299,nan,nan,nan
0022.mp4,real,True,0.008028113518467725,0.028847522719649462,0.8942491412162781,0.029438288882374763,nan,nan,-3.2370785690069908
0023.mp4,real,True,0.028818675758522223,0.11547561340476142,2.158705472946167,0.025042643770575523,nan,nan,-5.259529874321335
0024.mp4,real,True,0.06322844357035493,0.22899291978573558,1.228947639465332,0.01843464933335781,nan,nan,-8.366855385501145
0025.mp4,real,True,nan,nan,0.8914568424224854,0.01074184663593769,nan,nan,nan
0026.mp4,real,True,0.012037371653559052,0.041789703138982615,1.243391752243042,0.013356789015233517,nan,nan,-8.14785044005458
0027.mp4,real,True,0.04781396397693191,0.13018841426312422,1.8406083583831787,0.018643995746970177,nan,nan,-6.596988192711804
0028.mp4,real,True,nan,nan,7.014299392700195,0.01901225559413433,nan,nan,nan
0029.mp4,real,True,0.01660059566303012,0.06262879690589636,0.7024890780448914,0.025927744805812836,nan,nan,-3.9814551972322905
0030.mp4,real,True,0.0053320338426527435,0.021408615996235277,0.6414253115653992,0.045605454593896866,nan,nan,-7.841937795266444
0031.mp4,real,True,0.009900610946300178,0.03740793859935511,1.1033744812011719,0.07244785875082016,nan,nan,-5.948696243754025
0032.mp4,real,True,0.03435920981897422,0.1623211674103503,2.619114637374878,0.03151734173297882,nan,nan,-3.6833781871784854
0033.mp4,real,True,nan,nan,1.9429703950881958,0.025332890450954437,nan,nan,nan
0034.mp4,real,True,0.16775055635083694,0.42977789679050593,1.1623485088348389,0.04807331785559654,nan,nan,-6.0662567825308855
0035.mp4,real,True,nan,nan,1.4342232942581177,0.04784633219242096,nan,nan,nan
0036.mp4,real,True,nan,nan,4.287354469299316,0.013467971235513687,nan,nan,nan
0037.mp4,real,True,nan,nan,1.257627248764038,0.034748151898384094,nan,nan,nan
0038.mp4,real,True,nan,nan,1.1950547695159912,0.019262883812189102,nan,nan,nan
0039.mp4,real,True,nan,nan,1.8316832780838013,0.02376263216137886,nan,nan,nan
0040.mp4,real,True,0.042477638798174816,0.18582455198086928,2.0449717044830322,0.04768252372741699,nan,nan,-5.438700238645385
0041.mp4,real,True,0.013417907796243573,0.06150657533511515,1.511388897895813,0.059604983776807785,nan,nan,-4.331720187315036
0042.mp4,real,True,0.11206913877954526,0.518203305920202,2.245727062225342,0.22375327348709106,nan,nan,-6.4411599660061665
0043.mp4,real,True,0.006352315297557455,0.023598738656947126,1.4881103038787842,0.030994979664683342,nan,nan,-4.573322554964636
0044.mp4,real,True,0.010755570550597482,0.04941696695956754,2.922910213470459,0.06621033698320389,nan,nan,-2.9201126013757035
0045.mp4,real,True,0.01085063672294126,0.04938599454726953,2.132999897003174,0.11918467283248901,nan,nan,-5.211233599531608
0046.mp4,real,True,0.028064506942491758,0.10836893662588172,3.9223673343658447,0.09471561759710312,nan,nan,-0.9787941499744018
0047.mp4,real,True,0.012173061714362806,0.04978980447781161,1.4436782598495483,0.0245768204331398,nan,nan,-7.111765771175066
0048.mp4,real,True,0.01760232545767151,0.06811694507577748,1.7298789024353027,0.047646697610616684,nan,nan,-5.941088937128094
920.mp4,real,True,0.022596507541413676,0.0765403730938708,1.7367165088653564,0.061356499791145325,nan,nan,-3.200042020966865
921.mp4,real,True,0.030994844627775714,0.1386865254384645,1.604595422744751,0.045511987060308456,nan,nan,-3.4064350387518267
922.mp4,real,True,0.009856954818991934,0.04734777326881684,1.723453402519226,0.052377860993146896,nan,nan,-3.277792115512599
923.mp4,real,True,0.008385263765038821,0.024261108427301004,1.2556705474853516,0.07988946884870529,nan,nan,-9.225025772855224
924.mp4,real,True,0.016102859353135022,0.051809337567906594,1.0415382385253906,0.07077284157276154,nan,nan,-4.941094609020183
925.mp4,real,True,0.013303622420073146,0.06596007444719561,0.7606098055839539,0.09428862482309341,nan,nan,-3.9173325861884574
926.mp4,real,True,0.007715071001690106,0.037158771813335656,1.1084094047546387,0.04529009014368057,nan,nan,-0.32986919435536355
927.mp4,real,True,0.005599194672475166,0.019669497722282714,1.7953943014144897,0.058918680995702744,nan,nan,-4.567160355035307
928.mp4,real,True,0.008282468890046451,0.03389492148404743,1.5583120584487915,0.14031705260276794,nan,nan,-7.756302934875698
929.mp4,real,True,0.10003076858187519,0.3215983347643538,2.6514923572540283,0.036766063421964645,nan,nan,-3.131675639047211
930.mp4,real,True,0.033861730121707206,0.1450679480254848,1.9969353675842285,0.18484103679656982,nan,nan,-2.4010109839269163
931.mp4,real,True,0.015121715460975616,0.04973656050676551,1.0403465032577515,0.049160752445459366,nan,nan,1.166601442320542
932.mp4,real,True,0.01505866133698504,0.05170284089091704,1.4409513473510742,0.11218119412660599,nan,nan,-4.445310966874317
933.mp4,real,True,0.005451503232844754,0.019684719746663186,1.0585864782333374,0.06120830029249191,nan,nan,-7.303855001850035
934.mp4,real,True,0.008908149543042383,0.028514763376322583,2.2773401737213135,0.06239394098520279,nan,nan,-6.777993699155337
935.mp4,real,True,0.0174516848854011,0.06180461441548376,2.2324976921081543,0.02580312266945839,nan,nan,-4.932882899542666
936.mp4,real,True,0.013768142975786714,0.04120451272096442,2.3286397457122803,0.03975692391395569,nan,nan,-3.498516305736303
937.mp4,real,True,0.009910609735648007,0.03367801827956565,2.063884973526001,0.09633684903383255,nan,nan,-4.497462946283385
938.mp4,real,True,0.014230229672918322,0.058556780818457624,2.7648043632507324,0.11534248292446136,nan,nan,-3.6184626773584085
939.mp4,real,True,0.004633565674603581,0.018914098129875705,2.2563228607177734,0.06309293210506439,nan,nan,-2.1881761363097993
940.mp4,real,True,0.013413095150065104,0.047313516290130246,2.5430688858032227,0.043940603733062744,nan,nan,-2.6608606219015227
941.mp4,real,True,0.008815287230010656,0.028848470690598593,2.216229200363159,0.035897959023714066,nan,nan,-6.115414050061583
942.mp4,real,True,0.004666910408264594,0.021510876508174195,3.2264623641967773,0.04445578530430794,nan,nan,-1.6876962383885998
943.mp4,real,True,0.004473009629973379,0.01410942434513888,1.4961210489273071,0.031268566846847534,nan,nan,-3.200939938716994
944.mp4,real,True,0.01858752223832987,0.06330959753662906,1.2168611288070679,0.035179752856492996,nan,nan,-4.365816786805906
945.mp4,real,True,0.00807039878468716,0.02768019762405108,2.363711357116699,0.04912573844194412,nan,nan,-6.373923901992597
946.mp4,real,True,0.02031143422644923,0.08194108158069556,2.13655424118042,0.02930135652422905,nan,nan,-6.22499341512621
947.mp4,real,True,0.0063530796573234025,0.02856409160919034,1.5901085138320923,0.04587860405445099,nan,nan,-4.688977589360101
948.mp4,real,True,0.12254909563145001,0.3076763838057088,2.060878276824951,0.06585084646940231,nan,nan,-8.024398624038389
949.mp4,real,True,0.008617544993805884,0.04280810408757248,1.1018311977386475,0.15461577475070953,nan,nan,-3.883003232398074
950.mp4,real,True,0.017916683211563148,0.05876875497128898,2.2078309059143066,0.02475639432668686,nan,nan,-7.427641393257048
951.mp4,real,True,0.03345613589325097,0.10065489288369359,6.412665367126465,0.07692316919565201,nan,nan,-6.490525439144372
952.mp4,real,True,0.010184967236441186,0.042666429653814925,2.199444532394409,0.01962321810424328,nan,nan,-6.3188316165174125
953.mp4,real,True,0.034410189823550576,0.09638119870538565,6.645238399505615,0.14762166142463684,nan,nan,-3.912143302157725
954.mp4,real,True,0.020542259501838165,0.07174047024104242,1.0666686296463013,0.03357988968491554,nan,nan,-5.400980105095238
955.mp4,real,True,0.015788029391933214,0.05526034973519323,1.622024655342102,0.0489700622856617,nan,nan,-5.8573285233917325
956.mp4,real,True,0.009228372996305613,0.031210958359950434,1.0323688983917236,0.07629631459712982,nan,nan,-6.759258799179286
957.mp4,real,True,0.030207303883733258,0.11627998390198224,3.2064878940582275,0.05737684294581413,nan,nan,-6.306586335750623
958.mp4,real,True,0.06541763937299021,0.1481433351136372,1.216007113456726,0.1895846724510193,nan,nan,-4.306108951334803
959.mp4,real,True,0.00907567756762802,0.03579983688251241,1.9360109567642212,0.06643293797969818,nan,nan,-7.667270216804636
960.mp4,real,True,0.027501341746466994,0.09990244282137686,2.5126688480377197,0.08018620312213898,nan,nan,-3.6768375892975946
961.mp4,real,True,0.0041717135408505185,0.020252042875435635,2.168186902999878,0.016630016267299652,nan,nan,-0.20607677481889686
962.mp4,real,True,0.004468736708451631,0.01768808658707693,1.5150524377822876,0.06185517832636833,nan,nan,-6.458509690378801
963.mp4,real,True,0.004471085159464915,0.018960166531830858,1.1369860172271729,0.09674694389104843,nan,nan,-1.6082574009281811
964.mp4,real,True,0.014916973323585249,0.058630871608927465,2.3759028911590576,0.0623246505856514,nan,nan,-4.090099106652374
965.mp4,real,True,0.004535699870070502,0.01949902801613943,2.1580235958099365,0.045886021107435226,nan,nan,-2.2082328951146755
966.mp4,real,True,0.017008020751048843,0.04617846578362659,1.2904877662658691,0.11060646921396255,nan,nan,-4.510528025200654
967.mp4,real,True,0.010520860628216295,0.032119386892891205,3.065032720565796,0.0834118202328682,nan,nan,-4.422617357782838
968.mp4,real,True,0.007293913791435583,0.020416167270784276,1.1073168516159058,0.11418721824884415,nan,nan,-2.5494875376486767
969.mp4,real,True,0.013841408184276134,0.04573285015080731,1.2388302087783813,0.10168235003948212,nan,nan,-2.8815625199082695
970.mp4,real,True,0.0039624396026220095,0.013111595754012429,1.53414785861969,0.08575458824634552,nan,nan,-6.954815206042566
971.mp4,real,True,0.03288609761487684,0.12001772333524643,1.498610496520996,0.025329945608973503,nan,nan,-4.115700126100014
972.mp4,real,True,0.0038340572104519697,0.01154912435829465,1.0171147584915161,0.02994968369603157,nan,nan,-6.900556398540195
973.mp4,real,True,0.006631550495051752,0.02113539856014456,1.581681728363037,0.06581044942140579,nan,nan,-5.917563495614228
974.mp4,real,True,0.007105561323136003,0.020408090846311792,2.0429704189300537,0.051314231008291245,nan,nan,-3.916715524823817
975.mp4,real,True,0.006756484176851784,0.026957822489406282,1.6065574884414673,0.06458288431167603,nan,nan,-4.564468891740653
976.mp4,real,True,0.020463782183698268,0.07709253993614452,1.952483892440796,0.04418448358774185,nan,nan,-5.28570225393472
977.mp4,real,True,0.01255807264989434,0.0461277279550468,1.0114996433258057,0.015326051972806454,nan,nan,-5.073982023775422
978.mp4,real,True,0.009093883293937127,0.03641367094967351,1.8824996948242188,0.10395064949989319,nan,nan,-6.892711407419917
979.mp4,real,True,0.016274929055213456,0.08763098651351325,1.1729512214660645,0.10311324894428253,nan,nan,2.308417474651195
980.mp4,real,True,0.0025769151326818056,0.00900447291347571,2.5829527378082275,0.08461698144674301,nan,nan,0.4968562138683438
981.mp4,real,True,0.010596577227940818,0.03737661524126739,1.5619755983352661,0.08382145315408707,nan,nan,-3.432124033875266
982.mp4,real,True,0.0028098633973953854,0.008656727699619365,1.3969011306762695,0.11126486957073212,nan,nan,-7.44180595848856
983.mp4,real,True,0.0107352999511913,0.04669451346132839,1.8021492958068848,0.09649062901735306,nan,nan,2.0179816726250106
984.mp4,real,True,0.021766067653379274,0.0878568909212913,2.032214641571045,0.12069734930992126,nan,nan,-0.9253652640938635
985.mp4,real,True,0.010075378161140234,0.0309928485519924,1.737055778503418,0.07302727550268173,nan,nan,-3.041597947850124
986.mp4,real,True,0.011918391922600356,0.048929971950841165,1.1008871793746948,0.0957094207406044,nan,nan,-0.4865723330045064
987.mp4,real,True,0.01747628482919654,0.06553525360972583,1.0756267309188843,0.04330362752079964,nan,nan,1.0799491628057951
988.mp4,real,True,0.006514371035853425,0.022947439314139416,0.5725524425506592,0.07010345906019211,nan,nan,-3.8030752853897876
989.mp4,real,True,0.008330569049094197,0.03252706428732638,2.081155776977539,0.07786373049020767,nan,nan,-6.080543915530871
990.mp4,real,True,0.006550093402231123,0.02046137150793681,1.6879169940948486,0.08988049626350403,nan,nan,-2.1106533549543043
991.mp4,real,True,0.012252551443511483,0.05016376325129438,0.850487470626831,0.029705947265028954,nan,nan,-2.3977317639699693
992.mp4,real,True,0.043396086267922906,0.15418967698414474,2.952056407928467,0.08596938848495483,nan,nan,-3.3414356488301484
993.mp4,real,True,0.028637832568806573,0.08739735548303924,1.1055854558944702,0.048691555857658386,nan,nan,-8.091218833480477
994.mp4,real,True,0.007342570508414668,0.02475193260046426,1.2601637840270996,0.09163275361061096,nan,nan,-6.12832562555909
995.mp4,real,True,0.03848950641863336,0.17446518974236605,1.9809926748275757,0.09906645864248276,nan,nan,-6.793085644623035
996.mp4,real,True,0.007318307107399351,0.02851182425388771,1.5477014780044556,0.10812174528837204,nan,nan,-3.5152598572522993
997.mp4,real,True,0.00810193111635302,0.029241728201603482,1.690793514251709,0.08196442574262619,nan,nan,-4.853930228958502
998.mp4,real,True,0.01496487160658013,0.06963667737007269,0.7098407745361328,0.09171316772699356,nan,nan,-3.5430857073240736
999.mp4,real,True,0.011938626902426355,0.042579610589016076,0.9321099519729614,0.018089551478624344,nan,nan,-6.996150796350805
id16_0000.mp4,real,True,0.01137776594437826,0.047378653477093836,1.327738642692566,0.024901574477553368,nan,nan,-4.510414093753986
id16_0001.mp4,real,True,0.03170481028344384,0.11453902807382223,1.9604835510253906,0.015282198786735535,nan,nan,-6.679053713867847
id16_0002.mp4,real,True,0.009915760088943843,0.04034557098082756,1.5841580629348755,0.014954425394535065,nan,nan,-1.599284629420354
id16_0003.mp4,real,True,0.021502697076895193,0.07844093184439171,2.1109678745269775,0.02809084951877594,nan,nan,-5.119608288154773
id16_0004.mp4,real,True,0.012237889732192732,0.051390177355144936,3.044011116027832,0.023492131382226944,nan,nan,-2.8093368929063667
id16_0005.mp4,real,True,0.020871056833456917,0.06658638333310088,3.0533082485198975,0.024599401280283928,nan,nan,-6.542332672720176
id16_0006.mp4,real,True,0.01598943638491027,0.06076302809634047,2.528104066848755,0.018998296931385994,nan,nan,-6.669856422795199
id16_0007.mp4,real,True,0.005220718448209051,0.02293317118217577,1.5477125644683838,0.04005075618624687,nan,nan,-7.132675640321335
id16_0008.mp4,real,True,0.006252448203900015,0.024020294589806642,1.0580605268478394,0.04882795363664627,nan,nan,-4.153598844044792
id16_0009.mp4,real,True,0.04501194024574673,0.13798362002330478,1.5884647369384766,0.026066118851304054,nan,nan,-7.830738086608892
id16_0010.mp4,real,True,0.007384430646494711,0.03056643876508601,0.8433688879013062,0.017074471339583397,nan,nan,-6.271332642082935
id16_0011.mp4,real,True,0.008096140181332452,0.03705082923702864,1.2427659034729004,0.049319759011268616,nan,nan,-3.9521437272815323
id16_0012.mp4,real,True,0.022056023084873224,0.09937365561888788,1.3698738813400269,0.03377295285463333,nan,nan,-1.9374634804406068
id16_0013.mp4,real,True,0.0071674515005293446,0.033427781374983104,0.8595442771911621,0.01822219043970108,nan,nan,-4.596570340982791
id17_0000.mp4,real,True,0.016129680893246474,0.0859166370640843,1.267289400100708,0.04265318438410759,nan,nan,1.5163738998599576
id17_0001.mp4,real,True,0.017364209603016077,0.0602264355752757,1.7843496799468994,0.03062327578663826,nan,nan,-2.8993253359160236
id17_0002.mp4,real,True,0.10453510297302333,0.5165208633383234,2.8028383255004883,0.025461381301283836,nan,nan,1.5604577616575317
id17_0003.mp4,real,True,0.006723352178615642,0.02198540787727484,1.376218557357788,0.041688092052936554,nan,nan,-7.546423216981047
id17_0004.mp4,real,True,0.021211878311291267,0.08526074323201847,2.235098123550415,0.01924951560795307,nan,nan,-4.300701505518127
id17_0005.mp4,real,True,0.009280974841238111,0.032923346011812196,1.9022462368011475,0.050084732472896576,nan,nan,-6.19265482288982
id17_0006.mp4,real,True,0.014501138005978376,0.07887746959399843,1.1931726932525635,0.021250730380415916,nan,nan,-0.611994813705954
id17_0007.mp4,real,True,0.013849651903806898,0.06103196932956591,1.786012887954712,0.025529010221362114,nan,nan,-10.237392078264126
id17_0008.mp4,real,True,0.007576794510367558,0.040300690649399375,2.777503490447998,0.037595294415950775,nan,nan,-5.297989922453908
id17_0009.mp4,real,True,0.011635333969977771,0.04531423823108498,1.6939029693603516,0.030849415808916092,nan,nan,-7.360568240492222
id19_0000.mp4,real,True,0.033248859230462766,0.14946041009321337,3.096557378768921,0.020641153678297997,nan,nan,-2.4008222519964666
id19_0001.mp4,real,True,0.014048453239648125,0.052323195630688185,1.3813241720199585,0.02701994776725769,nan,nan,-7.316921489105146
id19_0002.mp4,real,True,0.018659386039922603,0.07471268735399489,1.8276219367980957,0.020238738507032394,nan,nan,-3.277330580880664
id19_0003.mp4,real,True,0.102545069979769,0.2964988574312119,3.771580696105957,0.03603498637676239,nan,nan,-3.100718641327709
id19_0004.mp4,real,True,0.020992866088770573,0.08704195465820301,0.885747492313385,0.0238801296800375,nan,nan,-1.2382024407439343
id19_0005.mp4,real,True,0.015871933679015963,0.06692565253019286,0.516686201095581,0.05638202279806137,nan,nan,-6.742878900745807
id19_0006.mp4,real,True,0.007710822419471525,0.02817898009111872,0.878878116607666,0.01403075736016035,nan,nan,-6.4043729248293735
id19_0007.mp4,real,True,0.014015559030960169,0.057792438671889185,1.857611894607544,0.03898745775222778,nan,nan,-5.008116183412109
id19_0008.mp4,real,True,0.004921966416081396,0.018050388490254816,1.6225615739822388,0.05597887560725212,nan,nan,-7.172834446420532
id19_0009.mp4,real,True,0.022595901477903413,0.09402478153371059,1.3902488946914673,0.02940257452428341,nan,nan,-6.670802592893823
id20_0000.mp4,real,True,0.07374597894850218,0.38083821202078366,2.4907002449035645,0.012511556036770344,nan,nan,2.036699693839434
id20_0001.mp4,real,True,0.019189285085112313,0.0861337803676084,1.8681693077087402,0.026807965710759163,nan,nan,-4.253956335878212
id20_0002.mp4,real,True,0.028104248625795386,0.12130643836970519,2.8770344257354736,0.024119313806295395,nan,nan,-0.49197510324604465
id20_0003.mp4,real,True,0.11728497787944833,0.5124325499229428,1.0434725284576416,0.024991203099489212,nan,nan,-2.370566655343927
id20_0004.mp4,real,True,0.23357580221043775,0.7383478231369761,2.2072858810424805,0.040375836193561554,nan,nan,-3.0816818013874334
id20_0005.mp4,real,True,0.12255342719337427,0.4127723715450345,3.543287754058838,0.016839148476719856,nan,nan,-7.64815994372815
id20_0006.mp4,real,True,0.01611521922693344,0.07057311858345515,0.8752328157424927,0.03271139785647392,nan,nan,-5.857352536984229
id20_0007.mp4,real,True,0.026698474213942096,0.10101115417205164,1.6020206212997437,0.07143128663301468,nan,nan,-5.38098741119377
id20_0008.mp4,real,True,0.009158016479590423,0.03792935753337911,1.5224616527557373,0.031748514622449875,nan,nan,-5.097703515745473
id20_0009.mp4,real,True,0.028362356223320662,0.13074725600104548,1.206438422203064,0.033141013234853745,nan,nan,-3.2043591396976927
id21_0000.mp4,real,True,0.019182442874904938,0.06900736075546086,3.55572772026062,0.022666772827506065,nan,nan,-8.967188855052093
id21_0001.mp4,real,True,0.009793290354569538,0.04731534681073976,3.3052189350128174,0.02272970601916313,nan,nan,-5.000687842445901
id21_0002.mp4,real,True,0.008465694591760707,0.041277866808175974,3.6408956050872803,0.013521630316972733,nan,nan,0.017472126292911793
id21_0003.mp4,real,True,0.03708988544655433,0.17926273139100854,4.074062347412109,0.01321546919643879,nan,nan,-5.492348720726819
id21_0004.mp4,real,True,0.04749962046682445,0.23516344370172781,1.7721102237701416,0.010579310357570648,nan,nan,-3.9023156916438055
id21_0005.mp4,real,True,0.016889872518424973,0.06991633486531472,1.0476455688476562,0.014742688275873661,nan,nan,-4.30889873806364
id21_0006.mp4,real,True,0.014532854059617033,0.05845129498557084,1.2664228677749634,0.024807054549455643,nan,nan,-3.0161769522233466
id21_0007.mp4,real,True,0.007317042364661457,0.03388071440525353,1.520981788635254,0.040743935853242874,nan,nan,-3.0124324379404355
id21_0008.mp4,real,True,0.022925828007470464,0.10290937637878818,0.9925743937492371,0.013348274864256382,nan,nan,-7.430384925637794
id21_0009.mp4,real,True,0.014514733020482092,0.0583336926291283,1.762000560760498,0.024121761322021484,nan,nan,-6.491446415613968
id22_0000.mp4,real,True,0.06881892019608908,0.29324316728291017,3.744752883911133,0.01764041744172573,nan,nan,-4.7334011526607656
id22_0001.mp4,real,True,0.01670821151239546,0.06052673680465458,7.305947303771973,0.016116561368107796,nan,nan,-7.840787988063029
id22_0002.mp4,real,True,0.054359110328296975,0.1993872670936883,6.062206268310547,0.06596074998378754,nan,nan,-8.27545086325009
id22_0003.mp4,real,True,0.0107803305288358,0.046150567809608536,1.6868880987167358,0.04004102945327759,nan,nan,-6.4658908880948465
id22_0004.mp4,real,True,0.01774857111709982,0.08995248306108175,1.218328833580017,0.023289917036890984,nan,nan,-2.339646547823067
id22_0005.mp4,real,True,0.018920437576799926,0.08293760612554572,1.978088617324829,0.08719047904014587,nan,nan,-5.272616804596137
id22_0006.mp4,real,True,0.007177472282254394,0.02954957749928349,3.4328107833862305,0.01109850499778986,nan,nan,-0.5974937953718161
id22_0007.mp4,real,True,0.041436262692815584,0.14231400005986725,0.968411922454834,0.015462778508663177,nan,nan,-4.001735199650878
id22_0008.mp4,real,True,0.006607723850217159,0.026910962069551996,0.9691938161849976,0.025844989344477654,nan,nan,-6.27613200016584
id22_0009.mp4,real,True,0.015479009474605484,0.0628400892810096,2.8705527782440186,0.04173672944307327,nan,nan,-5.9317248082544545
id23_0000.mp4,real,True,0.005364722931533571,0.021719427324184568,1.6670904159545898,0.037647660821676254,nan,nan,-4.675612295608252
id23_0001.mp4,real,True,0.019086796933761738,0.07945386891787326,1.573590636253357,0.039054375141859055,nan,nan,-7.141721319509509
id23_0002.mp4,real,True,0.021654627557913652,0.09655363619639862,2.5122430324554443,0.02675090730190277,nan,nan,-5.881862354573952
id23_0003.mp4,real,True,0.01484953752305217,0.05355079358463194,3.69377064704895,0.02217346988618374,nan,nan,-5.711842617052599
id23_0004.mp4,real,True,0.08588877535895308,0.2965139391007931,2.237574338912964,0.03135033696889877,nan,nan,-7.5646372833163875
id23_0005.mp4,real,True,0.028168392415796883,0.11816236011607856,1.1587495803833008,0.014087832532823086,nan,nan,-5.974118493199535
id23_0006.mp4,real,True,0.06279031337294516,0.26959338275954975,2.219618558883667,0.035193461924791336,nan,nan,-2.300741908739863
id23_0007.mp4,real,True,0.016834959423502233,0.07340398294086084,1.9305469989776611,0.023322969675064087,nan,nan,-6.6556737376774695
id23_0008.mp4,real,True,0.011659114134226942,0.05402551250265354,0.9719500541687012,0.05284670367836952,nan,nan,-1.1936020959908973
id23_0009.mp4,real,True,0.011826724656965819,0.04826526916819886,2.860304832458496,0.018595177680253983,nan,nan,0.6056335505855961
id24_0000.mp4,real,True,0.03771559338895809,0.1680364392517778,3.0980424880981445,0.025047514587640762,nan,nan,-4.341755151282359
id24_0001.mp4,real,True,0.009720236918029807,0.038918031674353495,1.5098111629486084,0.011944231577217579,nan,nan,-4.310861609772109
id24_0002.mp4,real,True,0.02392765475109803,0.12411210084422408,1.638641595840454,0.02896789088845253,nan,nan,-2.5012452238252902
id24_0003.mp4,real,True,0.0580914205162147,0.19571937274987208,2.3985297679901123,0.0394260436296463,nan,nan,-4.051825575557505
id24_0004.mp4,real,True,0.02781060480256594,0.10767146586702415,2.18058180809021,0.024670332670211792,nan,nan,0.20841002460810826
id24_0005.mp4,real,True,0.011944090607995778,0.048096441011530974,1.6746928691864014,0.01552171353250742,nan,nan,-4.3563918715159025
id24_0006.mp4,real,True,0.021060103567609123,0.07957539421299238,1.5396877527236938,0.018632609397172928,nan,nan,-0.7348140215468844
id24_0007.mp4,real,True,0.00593166432438293,0.02563070852527927,3.2454941272735596,0.03841998800635338,nan,nan,-2.3573118440927328
id24_0008.mp4,real,True,0.012527818948346309,0.051480952307970985,0.974259614944458,0.05451123043894768,nan,nan,-8.692292292602932
id24_0009.mp4,real,True,0.008029294244336098,0.03028599121624447,1.0581917762756348,0.04119941219687462,nan,nan,-6.8375683684727
id25_0000.mp4,real,True,0.05077844363765549,0.2630825213525121,3.66082501411438,0.03494597598910332,nan,nan,-6.688317252705545
id25_0001.mp4,real,True,0.008650208165535151,0.03421745232816168,1.9595723152160645,0.043810877948999405,nan,nan,-5.2717821227472905
id25_0002.mp4,real,True,0.015407693544965663,0.06141167821862697,1.7781257629394531,0.015597942285239697,nan,nan,-4.300576235680065
id25_0003.mp4,real,True,0.014062061691790289,0.04538452091022348,1.584032654762268,0.060724515467882156,nan,nan,-7.459616244459606
id25_0004.mp4,real,True,0.006852612646021783,0.028411917013983955,3.272056818008423,0.022457120940089226,nan,nan,-8.39286295517962
id25_0005.mp4,real,True,0.04541002471173736,0.1490930300360021,1.7911696434020996,0.023114671930670738,nan,nan,-6.883027089308239
id25_0006.mp4,real,True,0.0027192498090204717,0.011531371502811064,1.1319470405578613,0.04064125567674637,nan,nan,-3.2750717219021124
id25_0007.mp4,real,True,0.04239262055557284,0.144662657893082,4.714667320251465,0.11448478698730469,nan,nan,-7.600016351512639
id25_0008.mp4,real,True,0.026750578405239776,0.10572017992891951,1.2353482246398926,0.06287416815757751,nan,nan,-3.5910438046679083
id25_0009.mp4,real,True,0.02041841658719871,0.08866496472319824,1.7328720092773438,0.02231069654226303,nan,nan,-6.1174764894827405
id25_0010.mp4,real,True,0.005787911115307853,0.02688924787617876,2.075761318206787,0.07054495066404343,nan,nan,-3.170734817248391
id26_0000.mp4,real,True,0.01249570047796073,0.054392656203046,2.4332737922668457,0.04142656922340393,nan,nan,-6.542719324171693
id26_0001.mp4,real,True,0.017583460392999573,0.07457409613444306,1.790927529335022,0.07230640947818756,nan,nan,-1.31170244557126
id26_0002.mp4,real,True,0.029212365760912972,0.12691801568229522,3.22322416305542,0.02010713703930378,nan,nan,-1.7010099682808608
id26_0003.mp4,real,True,0.019686539382060005,0.06570712768505733,1.3276463747024536,0.04089207947254181,nan,nan,-6.554196129895552
id26_0004.mp4,real,True,0.007793237960531936,0.030134029659673267,4.574620246887207,0.013984747231006622,nan,nan,-3.248550394540125
id26_0005.mp4,real,True,0.01738647388739112,0.0492851347795216,2.952622652053833,0.021114667877554893,nan,nan,-3.2520172584040963
id26_0006.mp4,real,True,0.007555679055889895,0.03794045088205028,1.1003446578979492,0.02615981176495552,nan,nan,-7.86252320649278
id26_0007.mp4,real,True,0.01192372541687174,0.05502771209413062,1.906827688217163,0.0128434207290411,nan,nan,-5.145854662410626
id26_0008.mp4,real,True,0.008941861200523609,0.03470992252605287,1.1001871824264526,0.02594243548810482,nan,nan,-7.392623531723526
