video_name,label,success,absdiff_std,bvp_std,d3_temporal_score,highfreq_score,patch_corr_mean,patch_signal_std_mean,pseudo_snr_db
id0_id16_0001.mp4,fake,True,0.17396811806834442,0.6381003551213583,1.9674222469329834,0.0074073816649615765,0.2359007928472974,1.0097584912387434,-2.7423761610761876
id0_id16_0002.mp4,fake,True,0.15984318931676483,0.6876899843821421,1.8657073974609375,0.014920912683010101,0.2574777856854756,1.05246647556014,-3.794986990174929
id0_id16_0003.mp4,fake,True,0.1323811080327825,0.5495060789744373,3.470059394836426,0.01133209839463234,0.10277197617339213,1.6012095108954492,-4.230705571559122
id0_id16_0004.mp4,fake,True,0.42743402991366203,1.9516569867553006,3.1086647510528564,0.014706372283399105,0.12129553507486114,3.5081076851973703,0.7561890534891108
id0_id16_0005.mp4,fake,True,0.2697321945772785,1.1949056089565802,2.551276922225952,0.01573934033513069,0.21947380859201557,2.6509722580560737,-3.8627913876493998
id0_id16_0006.mp4,fake,True,0.09640475749921214,0.4334492252483766,2.4859325885772705,0.009315738454461098,0.32186720659153845,0.4749885411672822,-3.367077757196303
id0_id16_0007.mp4,fake,True,0.07203214958666493,0.33701326890940164,3.398151397705078,0.013518265448510647,0.09118382604669424,0.8679983833550198,-1.808197421818978
id0_id16_0008.mp4,fake,True,0.30001381316446724,1.4400078339051874,3.0092084407806396,0.026490498334169388,0.1897667504024714,2.4406663437561154,-7.807669209747114
id0_id16_0009.mp4,fake,True,0.17834803800108157,0.8609344570842993,3.2085018157958984,0.01020183227956295,0.2516825235578867,1.3586951862096905,-2.459493196301017
id0_id17_0000.mp4,fake,True,0.1833738559784469,0.5993393207256852,2.7425849437713623,0.012929408811032772,0.1857545055676682,0.7638883971893651,-5.133049135402928
id0_id17_0001.mp4,fake,True,0.17782143527504113,0.6469605976686877,2.385058641433716,0.007502891588956118,0.22648461787874688,1.0369525573720937,-7.23354697869751
id0_id17_0002.mp4,fake,True,0.1699943669222052,0.7027328752674529,1.5240002870559692,0.014956903643906116,0.27880874278080164,1.0782442506006515,-4.210815417366697
id0_id17_0003.mp4,fake,True,0.12086225807274106,0.5170234508065618,3.2376084327697754,0.011516750790178776,0.10501449200637279,1.6305425555916,-6.519926217434321
id0_id17_0005.mp4,fake,True,0.2983514589637271,1.3258458118432341,2.728109121322632,0.015886982902884483,0.23171191540896907,2.673785051995193,-3.2445086666030782
id0_id17_0006.mp4,fake,True,0.09345386669107372,0.42618923315583784,1.9692097902297974,0.00929279625415802,0.3302225057271967,0.48311501246275756,-3.1945998856749402
id0_id17_0007.mp4,fake,True,0.07909782256376378,0.40718734989811184,3.3188016414642334,0.013500260189175606,0.1423115883711368,0.9000416135326943,-4.860544448375766
id0_id17_0009.mp4,fake,True,0.16677003960412742,0.8956153507783515,3.8210906982421875,0.010292545892298222,0.29424749505432396,1.3112819185612195,-3.621086056104563
id0_id1_0000.mp4,fake,True,0.11579564598907414,0.4187777592133381,2.0928401947021484,0.012841248884797096,0.15919391037021424,0.7919384539744163,-2.6421149707945473
id0_id1_0001.mp4,fake,True,0.18508719074095534,0.6680372434316084,2.3390865325927734,0.007423138711601496,0.22722742385861078,0.9994962015820968,-2.3210494038996856
id0_id1_0002.mp4,fake,True,0.14646158916603091,0.6213389052304015,1.4184316396713257,0.01488059014081955,0.23550069659651965,1.0796590903805117,-4.708094875439135
id0_id1_0003.mp4,fake,True,0.14105119620928291,0.563290448048788,3.1645102500915527,0.011115025728940964,0.10078012843071603,1.658315776710371,-2.2023665298499258
id0_id1_0005.mp4,fake,True,0.2806432773386157,1.1453659830860878,2.327314615249634,0.015744134783744812,0.2085609941472475,2.5848814775829174,-4.331995508189093
id0_id1_0007.mp4,fake,True,0.08853598906059065,0.37141338926513184,2.949685573577881,0.01349570881575346,0.10698945157705982,0.9553983027770375,-3.8798181504133233
id0_id1_0009.mp4,fake,True,0.1846977486091951,0.8905266540459388,3.8882663249969482,0.010145609267055988,0.2775079528712671,1.3140026023296965,-2.5253654366410307
id0_id20_0000.mp4,fake,True,0.1143622308274313,0.44721316970913105,3.0247156620025635,0.01245184801518917,0.18685785371743563,0.7548962374802239,-1.8645790207043489
id0_id20_0001.mp4,fake,True,0.18723455332963085,0.6770191952704556,2.657641649246216,0.007234560791403055,0.2636659714763324,0.9896420118932111,-8.240962387684212
id0_id20_0002.mp4,fake,True,0.17244134062032945,0.7624541919742742,1.9819278717041016,0.013944225385785103,0.29163359944820744,1.0545592676906679,-3.4910541568705735
id0_id20_0003.mp4,fake,True,0.14728357808585255,0.6238233881899451,4.103290557861328,0.01122693158686161,0.1478890650049096,1.5991141818794035,-3.463651123012715
id0_id20_0004.mp4,fake,True,0.4306881689693699,2.175410680303529,2.912459135055542,0.013679365627467632,0.14686911686354065,3.317217682336898,0.9467341007798468
id0_id20_0005.mp4,fake,True,0.26641580992882186,1.201286986351518,2.502547025680542,0.015351902693510056,0.22527082378121027,2.505755088751941,-3.0603934445223735
id0_id20_0006.mp4,fake,True,0.09387507667173019,0.4493515073051107,2.4617435932159424,0.009048627689480782,0.36110556300652724,0.457404787634741,-4.007880323860174
id0_id20_0007.mp4,fake,True,0.07219963053338076,0.31583242735306366,3.25521183013916,0.013152888976037502,0.1044780581255181,0.8721023376460219,-1.7956872967629476
id0_id20_0009.mp4,fake,True,0.19177620865963163,0.9863392724915403,2.940687417984009,0.00976171251386404,0.3231806183482239,1.3145172040520865,-2.7354666105635923
id0_id21_0000.mp4,fake,True,0.12424441368717473,0.4251997602266698,3.329871416091919,0.012471914291381836,0.18790816084955905,0.8042394223701765,-4.076878355380866
id0_id21_0001.mp4,fake,True,0.1489146165845914,0.6190672523757506,2.235818862915039,0.007226298563182354,0.24730093379302753,0.9517106118854232,-2.779653661444291
id0_id21_0002.mp4,fake,True,0.14929580430149073,0.6925052027409347,1.5891504287719727,0.013959710486233234,0.26329996524682525,1.0551443881942866,-4.364556589510181
id0_id21_0003.mp4,fake,True,0.14524058978213264,0.5894564197996472,3.4214205741882324,0.011459492146968842,0.12654890101338215,1.5575152421243494,-5.388035470506111
id0_id21_0004.mp4,fake,True,0.4087616159055317,1.930227953509277,3.4171130657196045,0.013874740339815617,0.14843587238571868,3.3642533066313627,1.863121898532538
id0_id21_0005.mp4,fake,True,0.2858441537065053,1.2609219686768138,2.193376064300537,0.01538943313062191,0.239964833154643,2.455343267733707,-3.7562896199890643
id0_id21_0006.mp4,fake,True,0.08706834078019716,0.4080780952527235,2.6927080154418945,0.008634435944259167,0.34362858691344117,0.4500388977185543,-6.037393861720943
id0_id21_0007.mp4,fake,True,0.06743263187449083,0.28702766230752486,2.8438355922698975,0.013035165145993233,0.06801648404934983,0.9355644546402381,-4.27672563703465
id0_id21_0009.mp4,fake,True,0.16591996109281137,0.8623279454319672,3.7133944034576416,0.00970209389925003,0.30593944821195873,1.3085180189658612,-4.156237977271869
id0_id23_0000.mp4,fake,True,0.1252012186109001,0.45414948166221353,2.458768844604492,0.012263290584087372,0.1561148207316353,0.8037736210137961,-4.43440963019991
id0_id23_0001.mp4,fake,True,0.19848334604350215,0.7315533496674231,2.4698140621185303,0.007174805272370577,0.27628713879837535,1.0108209421888394,-4.41573146732444
id0_id23_0002.mp4,fake,True,0.15845404741331648,0.7337712868348633,1.5192064046859741,0.013622792437672615,0.2838458975522182,1.0227523609749327,-2.424756386146686
id0_id23_0004.mp4,fake,True,0.44103611395327647,2.0222752533679142,3.2762670516967773,0.013562059961259365,0.12423811586429216,3.4772508607841948,-0.9482709272034278
id0_id23_0005.mp4,fake,True,0.27236975449985235,1.2081864185407365,2.35322904586792,0.01499395351856947,0.2402144636455069,2.4449695442288877,-4.648816372389653
id0_id23_0007.mp4,fake,True,0.07680374999981156,0.320755073954203,2.7862138748168945,0.012847012840211391,0.08849628874282528,0.914962814832469,-3.8222219819746996
id0_id23_0009.mp4,fake,True,0.22123508426965302,1.014688599934256,4.119574069976807,0.00950033962726593,0.321003761284458,1.2937979281346457,-3.634645113725447
id0_id26_0000.mp4,fake,True,0.21942705384407024,0.6978139139012896,2.938631296157837,0.012327415868639946,0.1700394727709162,0.8106944191560849,-3.055753948429116
id0_id26_0001.mp4,fake,True,0.16573207196248094,0.6227896254700234,2.6681625843048096,0.007083151955157518,0.24320938531414385,0.9855464275057289,-2.8664840624312533
id0_id26_0002.mp4,fake,True,0.15515444594406483,0.6683877021086096,1.929595708847046,0.01380798127502203,0.22718271304670176,1.0718442279781437,-3.1405545805975836
id0_id26_0003.mp4,fake,True,0.15406243127334535,0.6379688992406358,3.5301806926727295,0.010957860387861729,0.1414339236113785,1.6341586881496215,-3.3407053920537093
id0_id26_0004.mp4,fake,True,0.46151107797779045,2.2008374747513613,3.4771499633789062,0.013298435136675835,0.14927519989741922,3.4011667753846333,2.656094407468117
id0_id26_0005.mp4,fake,True,0.29821246493524417,1.2310101400817381,2.617950677871704,0.014970269985496998,0.22547533622548194,2.66683558970056,-3.8605504299589413
id0_id26_0006.mp4,fake,True,0.0965440402822511,0.46443412892079017,2.3103044033050537,0.009007424116134644,0.32974785928243777,0.49797212514710315,-3.2169714270667473
id0_id26_0007.mp4,fake,True,0.06821942032949119,0.3169677155132299,3.256861448287964,0.012741784565150738,0.07921074437213137,0.9334944491351181,-3.5294976759839503
id0_id26_0008.mp4,fake,True,0.31197241577845647,1.4823828098858722,3.634357452392578,0.02464989945292473,0.18259217619221907,2.6051500740527036,-5.4778275779168375
id0_id26_0009.mp4,fake,True,0.19370965824476624,0.9257158332225652,2.3589534759521484,0.00924365222454071,0.28825833948203955,1.3220140420782103,-2.636056882330316
id0_id28_0000.mp4,fake,True,0.11900331946241142,0.46502793139363646,2.9654250144958496,0.012424277141690254,0.20271659404917097,0.768160029454898,-1.8126999725978128
id0_id28_0001.mp4,fake,True,0.17673247417351615,0.6507148184037594,2.285641670227051,0.007233580574393272,0.23204775288940832,1.0392822014822085,-3.3859495883421737
id0_id2_0000.mp4,fake,True,0.14325234032411296,0.5036389204850129,2.573072671890259,0.012890222482383251,0.20764384488418897,0.7344289179005492,-3.639023977160898
id0_id2_0001.mp4,fake,True,0.1870700566903282,0.6716050291958435,2.4957382678985596,0.0076191783882677555,0.20554731163713016,1.0276266636835427,-3.270831109984593
id0_id2_0002.mp4,fake,True,0.15968840501503573,0.6834954387458543,1.6635711193084717,0.015356401912868023,0.23341820345385103,1.0879523073975546,-4.607646788630564
id0_id2_0003.mp4,fake,True,0.12435002421773822,0.5319906871723408,3.2850499153137207,0.011972938664257526,0.1112655989678409,1.5721642706489571,-5.375431273885027
id0_id2_0004.mp4,fake,True,0.44343261651612126,2.4133464752350147,3.6560964584350586,0.015186472795903683,0.16042101825829372,3.3749983797053873,4.097805114849494
id0_id2_0005.mp4,fake,True,0.26649845454229665,1.2092397397569064,2.4496042728424072,0.01606757938861847,0.22196573127730118,2.611219218967172,-4.160390430837229
id0_id2_0006.mp4,fake,True,0.11562639832055885,0.5040178860912936,2.9141223430633545,0.008978204801678658,0.3522365223567069,0.45997700618129933,-4.005083982694929
id0_id2_0007.mp4,fake,True,0.07661438367648947,0.35973141482095505,2.831122875213623,0.013743702322244644,0.09055805282862756,0.9013802762306394,-4.014613923636071
id0_id2_0008.mp4,fake,True,0.24626646481398592,1.1829425589467655,2.987550735473633,0.026870187371969223,0.18342945901421795,2.28154881458055,-6.00718751875867
id0_id2_0009.mp4,fake,True,0.231811698415823,1.0717160197541369,3.566859483718872,0.010402699932456017,0.29514557689978493,1.3711873693536496,-2.8873672146581275
id0_id3_0000.mp4,fake,True,0.1117227743731609,0.3872301481478691,3.3207414150238037,0.012916097417473793,0.16520674882309674,0.7811892972593838,-6.289342821881463
id0_id3_0001.mp4,fake,True,0.1792656324649874,0.6160869218500773,2.279494524002075,0.007442525587975979,0.22507178170995218,1.001899001838971,-3.39652129732712
id0_id3_0002.mp4,fake,True,0.15003105419436022,0.6747186142485008,1.934097409248352,0.015084628947079182,0.2729911452591806,1.0803292122124117,-3.5848235241020667
id0_id3_0003.mp4,fake,True,0.1493615644310474,0.6349382174321778,3.593219518661499,0.011760655790567398,0.12869431906071452,1.701785783187123,-4.320063061543596
id0_id3_0004.mp4,fake,True,0.46424566135474743,2.2358147611907935,3.4790894985198975,0.014814022928476334,0.15095362816181473,3.396366749177495,3.379448555585882
id0_id3_0005.mp4,fake,True,0.27216246490200785,1.1871416719319474,2.913550853729248,0.015907246619462967,0.22484200044658137,2.6508039327420496,-3.8122190483994487
id0_id3_0006.mp4,fake,True,0.11356993899450568,0.49471211201864335,2.4395925998687744,0.009223243221640587,0.3414443740656344,0.4774649103802777,-3.660716464304855
id0_id3_0007.mp4,fake,True,0.08108536563684485,0.3650822440476439,3.04927134513855,0.013675441965460777,0.10902196178073069,0.9120637060191799,-6.124807597859814
id0_id3_0008.mp4,fake,True,0.28554713147430133,1.2977525586833563,2.775257110595703,0.026270169764757156,0.16388910959382103,2.3146420715249154,-7.3864116324753795
id0_id3_0009.mp4,fake,True,0.1994019332817363,0.9976726656041752,3.659640073776245,0.010342690162360668,0.2839254489611844,1.406043728071981,-1.6432813129768264
id0_id4_0000.mp4,fake,True,0.0998330052354954,0.3769119914547006,3.043731689453125,0.013002810068428516,0.14912060126041324,0.8057158127271634,-5.030028892693746
id0_id4_0001.mp4,fake,True,0.17446948587270522,0.5981797155314105,2.0391149520874023,0.007308900356292725,0.1912491565992134,1.0340949007664852,-9.600452675299765
id0_id4_0002.mp4,fake,True,0.1534632300853607,0.6606960935018118,1.8621047735214233,0.01485754270106554,0.25708039339014127,1.1393103404619427,-3.9454795749222313
id0_id4_0003.mp4,fake,True,0.15045139492114631,0.6222310359149595,3.1006598472595215,0.011469030752778053,0.11701356295945795,1.6794391159185873,-4.740624360048887
id0_id4_0004.mp4,fake,True,0.4672243386189859,2.1878677967130975,3.122742176055908,0.01448766514658928,0.13287361490014102,3.606885241683909,2.4272184538130896
id0_id4_0005.mp4,fake,True,0.2801367691323975,1.1888480321472532,2.2527003288269043,0.015701066702604294,0.2102497078031644,2.7558366355055717,-5.177161459503932
id0_id4_0006.mp4,fake,True,0.10463913408080995,0.4789863796215486,2.8259449005126953,0.009004749357700348,0.35279663893744145,0.4832016961333135,-3.8696655822581407
id0_id4_0009.mp4,fake,True,0.19062927973820065,0.9149852887075239,3.789296865463257,0.010237976908683777,0.2815425974956771,1.4525010906067022,-2.8078663913159607
id0_id6_0000.mp4,fake,True,0.07108436331038441,0.3012241897104569,2.3606061935424805,0.012819943018257618,0.15835739956901912,0.7488457586910093,-5.778060859473603
id0_id6_0001.mp4,fake,True,0.2081668297005978,0.7011984282582939,2.243187427520752,0.007385124918073416,0.2457246756799835,0.9925701316630151,-9.973855618265787
id0_id6_0002.mp4,fake,True,0.1668955736043681,0.704860924290374,1.8899250030517578,0.014555360190570354,0.2648053341575761,1.1007141851166728,-3.3770111485044234
id0_id6_0006.mp4,fake,True,0.099203814364382,0.4283656937953406,2.485886573791504,0.008461947552859783,0.3071462822605671,0.48264909515159554,-5.896289805000325
id0_id6_0007.mp4,fake,True,0.07305158894493015,0.34079006674977025,3.1399714946746826,0.013431407511234283,0.08336102900037018,0.9725854507047642,-3.6779619585857803
id0_id6_0009.mp4,fake,True,0.18393739770620315,0.9460723103757954,3.2210068702697754,0.01030363142490387,0.301153402822796,1.3380393381550888,-3.9827671510817315
id0_id9_0000.mp4,fake,True,0.12491269963279462,0.44390685934913776,2.7943568229675293,0.013074218295514584,0.18366251919163626,0.7718786834950482,-5.963187899959829
id0_id9_0001.mp4,fake,True,0.17640137124945218,0.6521615225575891,2.347776174545288,0.007683370262384415,0.2482923626151495,0.9358963826294532,-2.84626007831461
id0_id9_0002.mp4,fake,True,0.1490884675964154,0.630298746852703,1.4362882375717163,0.015493635088205338,0.23515929698580781,1.0754714538405157,-3.2253447662738455
id0_id9_0003.mp4,fake,True,0.13946304665018766,0.5722695804250222,2.9926257133483887,0.01224606018513441,0.11477044447700023,1.5791763969261037,-4.084930949185906
id0_id9_0005.mp4,fake,True,0.26636616409543873,1.200186091328322,3.027195930480957,0.016263259574770927,0.21857190840517535,2.645531693535548,-6.40660411028779
id0_id9_0006.mp4,fake,True,0.09039118218116494,0.4208363608955442,2.160639762878418,0.00901506096124649,0.3262795735801869,0.48109965139804167,-4.630737399229781
id0_id9_0007.mp4,fake,True,0.07255434167810466,0.3795066100128436,3.146500587463379,0.013661547563970089,0.11604087598507991,0.9248520059025557,-0.885393595828431
id0_id9_0008.mp4,fake,True,0.3249570810056789,1.5254605664916652,3.0772221088409424,0.026302816346287727,0.17107532715155863,2.7069404804426056,-5.776908884867826
id0_id9_0009.mp4,fake,True,0.19805953633829837,0.9266302527010679,2.9023873805999756,0.010524889454245567,0.28193622665103163,1.3361617158099397,-2.853632493815339
id16_0000.mp4,real,True,0.18030442530010798,0.6533859990865016,3.0155158042907715,0.012661624699831009,0.1532414882923506,1.2513914948019391,-3.6619989070154557
id16_0001.mp4,real,True,0.11963654568378194,0.4786733789169496,2.193117141723633,0.008245455101132393,0.09387683485860478,1.312547491445884,-4.976482831019119
id16_0002.mp4,real,True,0.14162973998926956,0.44623229675442827,3.4834320545196533,0.007799286395311356,0.07508726267531016,1.2961067520707932,-5.929725446634087
id16_0003.mp4,real,True,0.08380553281889626,0.31651615549276074,2.81524395942688,0.012910299003124237,0.06413217956588871,0.9449136376555661,-4.665859684529294
id16_0004.mp4,real,True,0.17246347365479348,0.7506102757094829,3.210825204849243,0.009185499511659145,0.07883710972318071,2.2702837388777963,-3.021104325381554
id16_0005.mp4,real,True,0.22965529404119525,1.0913954600904179,1.7210724353790283,0.013768821023404598,0.18931863377140698,2.2804576846729625,1.501099096152973
id16_0006.mp4,real,True,0.07242204117402344,0.27784651111946435,2.439591407775879,0.007081801071763039,0.08623042871605069,1.0025068362609282,-5.4234923788461575
id16_0007.mp4,real,True,0.06255634217875415,0.25571431880144463,1.513763666152954,0.013306599110364914,0.06925185348444653,1.461474478728929,-3.303103800287674
id16_0008.mp4,real,True,0.16438733419725574,0.6849567991785446,1.7506147623062134,0.006212281994521618,0.15299554767569196,1.2565086645799242,-3.9519051169083603
id16_0009.mp4,real,True,0.3035689800655017,1.1365963485438264,1.595221996307373,0.012732593342661858,0.10083153030309838,1.6048702072970733,-5.156670295520708
id16_0010.mp4,real,True,0.11041397639124922,0.46709298597806304,1.9904190301895142,0.006615607533603907,0.12449933909595585,1.3181432756630762,-0.12104957082852599
id16_0011.mp4,real,True,0.14024972030565372,0.6192791807692877,1.8997470140457153,0.003846233943477273,0.2071267955196668,1.4280857828830253,-6.094776223315846
id16_0012.mp4,real,True,0.10904501878046699,0.5021469100636508,1.304728627204895,0.012627439573407173,0.09774721264950961,1.1558797991860086,-3.4294848999536303
id16_0013.mp4,real,True,0.0982632622461858,0.4137408583443878,1.6542282104492188,0.008701518177986145,0.15136235006601303,1.3154357383371988,-5.61032736773337
id17_0000.mp4,real,True,0.11990526136922253,0.57837603673737,1.6389563083648682,0.011114983819425106,0.2754832719774654,1.1201558846994593,-4.1566261528678785
id17_0001.mp4,real,True,0.1767377399395552,0.6841436722759396,2.1888821125030518,0.009208344854414463,0.1249394271622919,1.6317637553504523,-3.0820947059889687
id17_0002.mp4,real,True,0.10603190929827525,0.40454016849398,1.5965025424957275,0.0074446541257202625,0.11506680263916508,1.2535500967346578,-3.475566945775885
id17_0003.mp4,real,True,0.06448341783518782,0.25320900569087934,1.7697606086730957,0.018247177824378014,0.09435578817026283,0.8467411790047213,-4.369105650880018
id17_0004.mp4,real,True,0.20842762871548273,0.7361782873899784,2.3342416286468506,0.007305423263460398,0.16637945110855148,1.8013310497223205,-6.219424772585732
id17_0005.mp4,real,True,0.10133394218993046,0.37098602614840653,2.7140402793884277,0.007147045806050301,0.09311704655150128,1.032180754033088,-4.295150051440503
id17_0006.mp4,real,True,0.15331897989431673,0.8175149235558866,2.2317206859588623,0.011621035635471344,0.40954825132414524,1.174736949055273,-2.8673318821034326
id17_0007.mp4,real,True,0.16275426198842172,0.7701653164689007,2.909916639328003,0.012975560501217842,0.22564196318697505,1.4606189211924054,-7.080264516746859
id17_0008.mp4,real,True,0.1007680693041672,0.45314879150711285,3.439878225326538,0.008824385702610016,0.12927949470410416,1.342941375976474,-4.984230291073979
id17_0009.mp4,real,True,0.13626297494223086,0.5748339393803439,1.5955084562301636,0.006864737719297409,0.14467255925879519,1.30289174281038,-5.682736543688152
id19_0000.mp4,real,True,0.19135066059897196,0.8650909282235416,2.3136379718780518,0.014305360615253448,0.16386018198464364,1.186927932713271,-5.403856200713861
id19_0001.mp4,real,True,0.09230128094059202,0.3768598324060527,1.278672218322754,0.0063706026412546635,0.13963605778977267,0.90161304604106,-1.946147687624775
id19_0002.mp4,real,True,0.13269039619745712,0.5808663161635116,4.467891693115234,0.005694671534001827,0.15771282118557,1.2865910713455502,-3.725632010248791
id19_0003.mp4,real,True,0.25023720054212695,1.1337680249932522,3.4562714099884033,0.014999969862401485,0.41913275379738013,1.5059852982727828,-3.632621318204865
id19_0004.mp4,real,True,0.06131981227572559,0.27582041617089315,1.4949884414672852,0.014643574133515358,0.19924519324411075,0.6044262179430858,-2.2139281896186067
id19_0005.mp4,real,True,0.045048064815864944,0.1953929487587693,0.5979648232460022,0.01499817706644535,0.12821403207453894,0.6503253505779097,-4.006103163441184
id19_0006.mp4,real,True,0.08115476388798024,0.30039863554833934,1.8052520751953125,0.005792669486254454,0.12754613542500795,0.4659972036481467,-4.454772856440385
id19_0007.mp4,real,True,0.10194329688342971,0.39763522634586446,2.042076826095581,0.013923754915595055,0.10549606682676248,1.2640513859545355,-6.389269755227654
id19_0008.mp4,real,True,0.16373977247794722,0.6487465509516706,3.3213672637939453,0.00846607144922018,0.22396373375485537,1.002373806378959,-0.8703384275149973
id19_0009.mp4,real,True,0.06911819880378417,0.3041375666118601,1.4718989133834839,0.014021974056959152,0.12525631685945385,0.7742667187641908,-6.85781452921899
id20_0000.mp4,real,True,0.12195180765762957,0.6239406067498935,2.8117001056671143,0.00808222871273756,0.2049007292161713,1.4293830523045563,2.993924742502986
id20_0001.mp4,real,True,0.16097673502516024,0.565225211155008,1.6407979726791382,0.00592703465372324,0.12062103105510472,1.325077049479208,-8.488199514225418
id20_0002.mp4,real,True,0.2829045989462326,0.9184344849062273,1.633507490158081,0.0073246280662715435,0.12368651484729445,2.5893733428113657,-4.9375556590277885
id20_0003.mp4,real,True,0.16649849572428418,0.6992584430194481,1.8451592922210693,0.010547737590968609,0.23119653920482275,1.4839072146434311,-3.6274076510505044
id20_0004.mp4,real,True,0.17250462579674516,0.8122441749046316,1.979635238647461,0.012313305400311947,0.20650033318917166,1.426639237703301,-6.334415105476385
id20_0005.mp4,real,True,0.10145124839950581,0.4745814406981819,1.6162875890731812,0.014247091487050056,0.12447268216270571,1.2870481852761175,-7.459449033239017
id20_0006.mp4,real,True,0.11755881424854658,0.5953462590502052,1.4823700189590454,0.011063141748309135,0.19370409789588738,1.132537883539237,-2.6200752698098393
id20_0007.mp4,real,True,0.1250255851153426,0.40826010777809085,3.195070743560791,0.016068391501903534,0.06451992186035342,2.5829617096029915,-1.3407311900137433
id20_0008.mp4,real,True,0.09789145808151023,0.37238333205565916,1.1015876531600952,0.010958678089082241,0.0762061621612598,1.5731687991585304,-3.499367107903611
id20_0009.mp4,real,True,0.1855411381450047,0.8383749413537949,2.6307876110076904,0.020037280395627022,0.2777810852727046,1.8418799600071303,-2.548320806678554
id21_0000.mp4,real,True,0.22192881329157985,1.003045750990332,1.999381422996521,0.01109358947724104,0.29739332241444133,1.6752339133535639,-5.33449038689474
id21_0001.mp4,real,True,0.12795712504269421,0.6122745978331398,2.400979995727539,0.011179789900779724,0.26511889808948735,1.1382362345579033,-1.5221313022519767
id21_0002.mp4,real,True,0.35402612495254326,1.2179191552845436,2.7888948917388916,0.006199836265295744,0.2703468500242555,1.0112408929043653,1.6585822427870713
id21_0003.mp4,real,True,0.37787764120566975,1.8666793725089403,3.3169593811035156,0.006774711422622204,0.16211697458153773,3.5763404957027776,-1.3753686102155396
id21_0004.mp4,real,True,0.31133408508420746,1.6954842480377492,2.51751971244812,0.010525211691856384,0.3506758398302246,1.5725708386457156,-5.714898404648147
id21_0005.mp4,real,True,0.1019553557777218,0.4529365845199457,1.45741605758667,0.012512031011283398,0.1713713603744459,1.0894317717648727,-2.923034936449511
id21_0006.mp4,real,True,0.226497155995743,1.10835096758866,3.178367853164673,0.009749042801558971,0.14779416448363578,1.958237680358065,3.8508538212968912
id21_0007.mp4,real,True,0.1559163599111148,0.62551859285253,2.3289878368377686,0.009687254205346107,0.14501249311852935,1.4982007772881545,-4.336906425723633
id21_0008.mp4,real,True,0.14845300065021808,0.7434535237411247,1.4440213441848755,0.00814206711947918,0.09771766948383892,1.5840106663447304,-5.571180644092156
id21_0009.mp4,real,True,0.1201095465158104,0.5261434853717433,2.4569292068481445,0.006437031552195549,0.16851389081534782,1.0036764388067818,1.0024590059074059
id22_0000.mp4,real,True,nan,nan,3.1040139198303223,0.006626148708164692,nan,nan,nan
id22_0001.mp4,real,True,0.07867886765294282,0.20698894704209464,4.796943187713623,0.005744717549532652,0.07616077890015012,0.639328050753214,-7.244294130499976
id22_0002.mp4,real,True,0.37540801141572117,1.2283693729558924,3.155970335006714,0.010754224844276905,0.16665444282636732,2.149480608509192,-8.297458385104346
id22_0003.mp4,real,True,0.15238500842409855,0.7949842472053472,1.651320457458496,0.006458208430558443,0.144441303858423,2.0638905744126563,-4.279046952856432
id22_0004.mp4,real,True,0.11855625185642778,0.4654411832017717,2.117791175842285,0.009125848300755024,0.07428288782798613,1.5404215880388932,-4.925670830974852
id22_0005.mp4,real,True,0.11082035387826997,0.4884727660300368,2.037935256958008,0.017038295045495033,0.09677131224332906,1.4763122335454613,-0.9409018924308699
id22_0006.mp4,real,True,0.08817708421300766,0.3545846411384936,1.4260811805725098,0.0035129678435623646,0.14694634985998387,1.010259648972399,-2.5150282599033917
id22_0007.mp4,real,True,0.23611693394596295,1.0119643114603296,1.967650294303894,0.006269174162298441,0.3808220468401972,1.2478437956459842,-0.33865982034856607
id22_0008.mp4,real,True,0.06729861220919467,0.254818111633095,1.7183945178985596,0.006213733926415443,0.05921421556968335,1.015923165007814,-7.211655453454386
id22_0009.mp4,real,True,0.18895179782592858,0.9158592090121307,2.2835195064544678,0.00713703827932477,0.27929088898086923,1.644953339109872,-1.3412998748107239
id23_0000.mp4,real,True,0.1277391164391098,0.4149091818536768,2.010200262069702,0.009527821093797684,0.09715628951120352,0.8743420839322554,-7.215150020784325
id23_0001.mp4,real,True,0.054445397642056824,0.17170592025757384,2.481161594390869,0.011055954732000828,0.055218530644109434,0.9016262918645506,-6.33154930233116
id23_0002.mp4,real,True,0.1309575444394031,0.4628527876306673,2.5174741744995117,0.011524940840899944,0.10634507533785602,1.576214974117579,3.3742381399024444
id23_0003.mp4,real,True,0.10895278454933474,0.4119528277045519,2.301568031311035,0.008231529034674168,0.07299274338699333,1.0296857965060513,-1.4148948035373388
id23_0004.mp4,real,True,0.4106630333760372,1.481631515868297,1.8643798828125,0.02166428044438362,0.1360157706975794,4.481189134797099,1.1141488337470575
id23_0005.mp4,real,True,0.2153359388007996,0.7930142823743425,1.5047473907470703,0.010800906457006931,0.22883510916721056,1.0024330840937163,-6.937833570920412
id23_0006.mp4,real,True,0.15629876160896136,0.6019672127939037,1.2126331329345703,0.006344982422888279,0.16279977474675608,1.6559397537204628,-4.42797039424362
id23_0007.mp4,real,True,0.16328510183718986,0.695270605831026,2.3633885383605957,0.009042765945196152,0.1711769011794687,1.4411236325873027,-3.128225345228662
id23_0008.mp4,real,True,0.2108681601491614,0.7763220950223092,1.7912219762802124,0.010139950551092625,0.1450735877445154,2.5924030105482494,-2.3666939608770368
id23_0009.mp4,real,True,0.12720283598450713,0.5538682908690635,1.7283413410186768,0.005838725250214338,0.17737026064920056,1.4691037474815085,-2.2266074893137056
id24_0000.mp4,real,True,0.39646264203672454,1.9936447444964813,1.7495518922805786,0.007722956128418446,0.4077162907378877,2.347984801299721,-3.248144896287412
id24_0001.mp4,real,True,0.12672236080011665,0.6419497015811834,2.0262629985809326,0.006415895652025938,0.24538078188812043,1.18514390082113,-2.2543300060599964
id24_0002.mp4,real,True,0.14109497298556267,0.4782626591555941,3.1995699405670166,0.009260251186788082,0.09747662636562485,1.1082072060793604,-4.463307658355822
id24_0003.mp4,real,True,0.1840209347085711,0.7603395652756081,1.987258791923523,0.006085088010877371,0.3128680115155058,1.987033228307688,-2.060004426010811
id24_0004.mp4,real,True,0.1020106993376903,0.3860647115908397,1.7020699977874756,0.012818033806979656,0.0985969991698016,1.2630196550349864,-6.093611331143897
id24_0005.mp4,real,True,0.12303917233638569,0.5695214397055678,1.845287799835205,0.010354903526604176,0.16526673024637664,1.3159352436200265,-4.650367122413895
id24_0006.mp4,real,True,0.10688995235621644,0.5381066257542148,1.9666543006896973,0.009924626909196377,0.13930032835241488,1.2748790254977769,1.7483777601852024
id24_0007.mp4,real,True,0.14262372127241726,0.6260452661622656,1.8839198350906372,0.011409416794776917,0.20021343055990354,1.7615021452607695,-1.4242880245635645
id24_0008.mp4,real,True,0.2565555844128365,0.9490753159761648,1.8707581758499146,0.008137447759509087,0.2622704371608802,1.1206331166810475,-7.764584729375925
id24_0009.mp4,real,True,0.11732820649637934,0.5645983875259875,1.624409794807434,0.011967671103775501,0.16366015074717147,1.047503526901655,-6.235348829297454
id25_0000.mp4,real,True,0.5673584322763857,2.1294841567114284,5.605228424072266,0.018728919327259064,0.11423282824827338,3.406643921195401,-3.544167229732482
id25_0001.mp4,real,True,0.10187671829073608,0.4858151280965447,2.1186957359313965,0.007864833809435368,0.16737195308646435,1.015578064693479,-4.510222025184566
id25_0002.mp4,real,True,0.2491103416464063,1.3245857726149968,2.9080326557159424,0.0062572224996984005,0.31365956396620137,2.1259846351636456,3.4081080621068653
id25_0003.mp4,real,True,0.28598688422928076,1.163218018128341,2.117243528366089,0.009778156876564026,0.23877253127990755,2.1146641525473164,-3.935417734924706
id25_0004.mp4,real,True,0.15270079425361005,0.7247932701563581,3.1323533058166504,0.007071520667523146,0.09293824284482904,1.7796576302024276,-4.6691244747022616
id25_0005.mp4,real,True,0.15030193294923994,0.5617136271387403,2.8098456859588623,0.012278277426958084,0.0526757412666548,2.2979920450512985,-2.946677690047875
id25_0006.mp4,real,True,0.054872452861588865,0.213880673597338,1.3150014877319336,0.02004813216626644,0.09091858754862397,0.8855453086052103,-4.422862000910176
id25_0007.mp4,real,True,0.34268031773232943,1.4662013406321557,3.964719295501709,0.01578555628657341,0.0885345603619855,3.5168261544316173,-5.378784597965531
id25_0008.mp4,real,True,0.1480616999906269,0.61810078093454,2.8605363368988037,0.009840987622737885,0.1649038335879713,1.57515960429503,-2.6028032083149744
id25_0009.mp4,real,True,0.13899388076616737,0.4591616319215788,1.7433347702026367,0.00865971390157938,0.09287914609872812,1.2726113709285205,0.4097104053252157
id25_0010.mp4,real,True,0.16920642002257036,0.7074434903702793,2.565955400466919,0.007108982652425766,0.11682390353071315,1.7707782690710485,-1.6154711662058694
id26_0000.mp4,real,True,0.18125553492031082,0.5739859653050913,1.7169181108474731,0.01201121136546135,0.30975361144313857,0.9021145258913846,-4.181188533571011
id26_0001.mp4,real,True,0.127747514602459,0.6324338291056658,2.0166804790496826,0.011370530351996422,0.1340271168262282,1.5394624422808108,-0.05793155060331642
id26_0002.mp4,real,True,0.5823598193715002,2.947265352932071,2.6058897972106934,0.014716438949108124,0.40077920585552756,3.868046570345029,3.0282628316777953
id26_0003.mp4,real,True,0.26319205280871705,1.108091031128394,2.323791742324829,0.019043313339352608,0.34660573452436155,1.8002490744512545,-7.034510143267875
id26_0004.mp4,real,True,0.21679023081496182,0.8628919059993707,3.2719438076019287,0.007390269078314304,0.1567894113896263,2.4006719970267127,-2.6861676855157635
id26_0005.mp4,real,True,0.09739126291902744,0.39512711107656406,1.8048341274261475,0.007453244179487228,0.1395013357480764,1.1815412934037453,-2.4530872920165177
id26_0006.mp4,real,True,0.5591897242798033,2.218453078966772,1.770033359527588,0.011003926396369934,0.201934777007551,4.071791118017707,-2.311927275323376
id26_0007.mp4,real,True,0.7241171233276125,1.659524290828967,1.7681366205215454,0.006579122506082058,0.22812091749645058,1.8971246255571996,-5.011588053012997
id26_0008.mp4,real,True,0.2824237683096003,1.051535523351373,1.7261754274368286,0.00960554275661707,0.22508387143240802,2.0349071315685237,-4.606142923651219
00000.mp4,real,True,0.10059294485959486,0.4584276534367344,2.114863157272339,0.01245188806205988,0.1478941986628039,1.220973580520063,-1.6636699097939527
00001.mp4,real,True,0.20333397742860487,0.9614895387187968,2.3193604946136475,0.010909242555499077,0.30097656240537857,1.362864360853664,-0.5236833481594266
00002.mp4,real,True,0.1338637966141938,0.489301107927446,1.982816219329834,0.010359428822994232,0.06129448468396293,1.8771646571516831,-3.9529203253237783
00003.mp4,real,True,0.37843588439480275,1.06197591603333,2.8655359745025635,0.009376891888678074,0.0889761971381138,3.3586528114541783,-7.315305657255501
00004.mp4,real,True,0.09952362565131918,0.42537263447498247,1.0946214199066162,0.012141299434006214,0.05556605160374498,1.5604041402253304,-1.7026801772508873
00005.mp4,real,True,0.1022626140156117,0.43003586924753834,1.6067681312561035,0.014467279426753521,0.07758318451134762,1.6184588157367383,-3.827086340418513
00006.mp4,real,True,0.1167557684728449,0.451129864232138,1.6930673122406006,0.014213327318429947,0.0797035772352884,1.7243740071783822,-3.1298920730791027
00007.mp4,real,True,0.19367227701141027,0.7353507788362345,2.8785712718963623,0.01018956396728754,0.14788989019349097,1.723543389604978,-4.115526701327049
00008.mp4,real,True,0.25886079022308334,1.1642385699568032,4.3280439376831055,0.008546285331249237,0.2293799971251019,1.7670157264392,-6.664371619775365
00009.mp4,real,True,0.11348785434433563,0.5152954650200638,1.4367880821228027,0.009193292818963528,0.10954248061102748,1.6273353318888306,-1.9372672237457222
00010.mp4,real,True,1.0248527608354532,4.192718162531007,4.973963737487793,0.011537318117916584,0.6245240598837293,2.8870345001429554,-3.425290537216629
00011.mp4,real,True,0.1353844251439905,0.615041768020566,1.0985658168792725,0.013970519416034222,0.23695568225025068,1.118757368694114,-8.164664351373595
00012.mp4,real,True,0.41786193329511956,1.7011468609558298,2.23725962638855,0.016000213101506233,0.2674805639232769,3.0557970845424567,-0.3510106827287373
00013.mp4,real,True,0.29585992094946045,1.1753397897159812,1.7327454090118408,0.004869230091571808,0.3074121860296379,1.33675338842368,-3.00086658393016
00014.mp4,real,True,0.2140684356033878,1.1794967726617704,3.1662001609802246,0.016513878479599953,0.24273162828805991,2.85677204833318,-1.6795796992059573
00015.mp4,real,True,0.2005102677127681,0.8952429573081445,3.2586801052093506,0.011592193506658077,0.1535808459557498,2.4216466488241823,-0.10910788769945055
00016.mp4,real,True,0.24260462272485936,1.2414889596892567,4.549810409545898,0.009214706718921661,0.31835128877415153,2.2930638367598197,-2.153556612975281
00017.mp4,real,True,0.0702244832033084,0.26984662334607995,2.3709261417388916,0.009840056300163269,0.07332864955711481,0.915462036627212,-5.5843705677111055
00018.mp4,real,True,0.329138118189339,1.316404822734248,2.685678720474243,0.012802130542695522,0.1133853635863307,2.014774166572377,-1.2793853482988682
00019.mp4,real,True,0.49719410212661214,2.1316377893549716,2.513956069946289,0.010483399964869022,0.24661948091801192,2.505082862985264,-1.8680885953659099
00020.mp4,real,True,0.240356291690996,1.03971171989958,2.096168279647827,0.009935555048286915,0.1806053308176187,2.788535461693223,-5.776787978913958
00021.mp4,real,True,0.10371854678831229,0.4659311432424958,3.7105507850646973,0.00837467610836029,0.15002480718271602,1.0701628455728764,1.302917295670412
00022.mp4,real,True,0.12244071104946148,0.4477118258833888,2.1340491771698,0.012350467033684254,0.05260577698516547,1.9524216309228424,-3.576030229950894
00023.mp4,real,True,1.124998046582175,4.0662024321843635,3.1938059329986572,0.022751428186893463,0.3052079054191694,7.018265902679666,-4.532499241850784
00024.mp4,real,True,0.19554492615371596,0.7657722062955731,1.7762205600738525,0.011143991723656654,0.15471439373932525,1.606068466866714,-3.8013347412422274
00025.mp4,real,True,0.2751949143876474,1.1060375724740328,1.8346482515335083,0.00825081393122673,0.28665767173194306,2.161954181050263,-5.213938670163401
00026.mp4,real,True,0.1884273596129236,0.7845088468002895,2.3031885623931885,0.02093871496617794,0.03751959545533468,6.445958297397618,-1.11988901225575
00027.mp4,real,True,0.2284574716696789,0.7531524057330717,2.4898366928100586,0.012604812160134315,0.06632520265149565,2.976466586690153,-3.8475231266131784
00028.mp4,real,True,nan,nan,5.58823299407959,0.01422737818211317,nan,nan,nan
00029.mp4,real,True,0.10481741975857559,0.5184339446535833,3.724369525909424,0.01328897476196289,0.16056837706861024,1.250628382133035,-2.007297041631013
00030.mp4,real,True,0.24562743882706733,0.7848649839085367,1.3090620040893555,0.012563096359372139,0.11047273498659449,0.9056429982785216,-3.7919718024072866
00031.mp4,real,True,0.1534932087466784,0.6537096958973767,1.8432602882385254,0.00946179497987032,0.07497552146274387,2.656723638002696,-4.261222390825115
00032.mp4,real,True,0.14488181371172862,0.6412058979774646,1.644423484802246,0.00791497714817524,0.18686855394604512,1.6403122052276486,-1.4497437042021328
00033.mp4,real,True,nan,nan,1.629341721534729,0.005501252133399248,nan,nan,nan
00034.mp4,real,True,0.1560520525994961,0.6576493873141536,1.9959337711334229,0.010805205442011356,0.2083515392198225,1.2322064762750424,-2.5954232941503625
00035.mp4,real,True,0.19784913016742386,0.8940661359610512,1.5669196844100952,0.012605620548129082,0.11548116969081193,2.104200194800056,-2.018349619654636
00036.mp4,real,True,0.0913899488197376,0.47234594374468836,2.4503893852233887,0.012139316648244858,0.17355616416938374,0.9986607144209663,-5.322664395475844
00037.mp4,real,True,0.08580924288005531,0.3668149287906072,2.917851448059082,0.01619846560060978,0.06983599878566922,1.7039441415468322,-5.433524316902176
00038.mp4,real,True,0.2492453993822609,1.303958530947991,2.5257771015167236,0.00838334672152996,0.26803559425254403,1.720558555710939,0.8218684783661506
00039.mp4,real,True,0.29807272246952726,1.309249107482782,2.540973424911499,0.008640747517347336,0.35680234380076326,1.658301524533608,-2.3384580125791885
00040.mp4,real,True,0.10598918346801907,0.48715762401779167,1.587645173072815,0.003324791556224227,0.13658703807854106,1.12887630444778,-1.3944561699750369
00041.mp4,real,True,0.09938608352759558,0.3858361487210231,2.113339424133301,0.010848985984921455,0.09065624613956744,1.1176891471529011,-0.1464772273106699
00042.mp4,real,True,0.14112105324900145,0.709811375757191,2.521308183670044,0.011177385225892067,0.16489184427581602,2.058270010111279,2.3022236354013996
00043.mp4,real,True,0.14439782627674844,0.40517266813250713,2.202324151992798,0.010982759296894073,0.10349195259904766,0.955405150135998,-7.669986869083628
00044.mp4,real,True,0.1488256546301519,0.46970219693225074,1.6320416927337646,0.009279129095375538,0.1277404134769762,1.261584172077129,-5.429875289173993
00045.mp4,real,True,0.5210725244658065,1.699198021036602,2.526373863220215,0.013920998200774193,0.3626702653952937,1.9530035357682145,-4.712563063025758
00046.mp4,real,True,0.37989808065943104,1.8418981016662141,2.59411358833313,0.010273095220327377,0.4000498575189963,2.4141460918833224,-5.675979994075365
00047.mp4,real,True,0.2531943788770811,1.1527999624212777,3.1294267177581787,0.01033515390008688,0.1625520541503896,2.7310352366774238,-4.73645842299579
00048.mp4,real,True,0.054369750771478605,0.19432521095469132,1.459942102432251,0.006145232357084751,0.06937320348979914,0.7791484533367623,-4.403887347869604
00049.mp4,real,True,0.10810937312415073,0.43721862010938745,3.1824111938476562,0.00851855892688036,0.13500716940041152,1.3445238083739797,-1.6659243000516963
00050.mp4,real,True,0.18338815919365792,1.0231777561215762,1.6613787412643433,0.004847750999033451,0.32316349522940724,1.365009209550858,-3.3175133595771555
00051.mp4,real,True,0.09353985637744364,0.46778768694564254,1.5034717321395874,0.014334730803966522,0.204354622670846,1.2184470389118487,2.3451933324813306
00052.mp4,real,True,0.04910005181066714,0.24069941884871973,3.2669637203216553,0.011535441502928734,0.09328646420030774,0.7854058363989421,-4.635322309971972
00053.mp4,real,True,0.30115225766210435,1.2853724591289297,2.2365853786468506,0.011304314248263836,0.2996450205271763,2.0332043904405364,-4.339381136475054
00054.mp4,real,True,0.20912776251495874,0.797320790829654,2.3417298793792725,0.0077223461121320724,0.1430851901676358,2.278219235416713,-1.2668148394878718
00055.mp4,real,True,0.07161888086176679,0.23980428873154225,2.4676883220672607,0.010891974903643131,0.03909365977834812,1.0129722751509336,-3.469697860338635
00056.mp4,real,True,0.06994816771738926,0.34762693338629874,1.2707525491714478,0.009982763789594173,0.11267751147725637,1.1162076004606907,1.024928826033121
00057.mp4,real,True,1.9447946811206382,9.07230614100761,1.2394943237304688,0.018003355711698532,0.2769716731373909,11.278852515252476,-2.1734194347586104
00058.mp4,real,True,0.09920607060350364,0.3966542761314105,2.290517807006836,0.005617785267531872,0.07378858883604114,1.2911272961063476,-6.58677857113514
00059.mp4,real,True,0.0871046085530429,0.33671245139105643,1.3878207206726074,0.006347544491291046,0.07167032814258449,1.2412631811125088,-6.0898988761894355
00060.mp4,real,True,0.4647522905423282,2.6531361813336503,3.98522686958313,0.00996188074350357,0.3192726236232531,3.3731064123544723,1.234108615906788
00061.mp4,real,True,0.2070071727645131,0.7491731499608273,2.0461833477020264,0.014673938974738121,0.13134307993124186,1.7259417076334713,-2.990077998442539
00062.mp4,real,True,0.12123453195549078,0.5799930370377311,2.619708776473999,0.014263835735619068,0.22086228542590153,1.1924778807585381,-1.7987955587822224
00063.mp4,real,True,0.2387433667232162,1.4337170019136727,1.3597416877746582,0.005498385988175869,0.5668891501853368,1.2015007471388244,5.295279291728695
00064.mp4,real,True,0.3593114906519789,1.5212435850465582,1.5396676063537598,0.016325216740369797,0.1493204846829166,3.752000546258752,-2.567496249706225
00065.mp4,real,True,0.27168884590695197,1.1630029567565376,1.7069507837295532,0.014423159882426262,0.11472677871459451,3.804334481922955,-5.134785774244804
00066.mp4,real,True,0.08812786092238377,0.38359634585478514,1.729684591293335,0.010001459158957005,0.15503977475481173,1.1496910026522853,-4.055096104513767
00067.mp4,real,True,0.15859766202064643,0.6429796373432598,2.2068192958831787,0.004905355628579855,0.1519203006956546,1.2420947351951928,-3.283584003935331
00068.mp4,real,True,0.054345853983934295,0.25776781084388845,1.3220481872558594,0.010794702917337418,0.12722135026197853,0.8577500536573027,-2.679603218832482
00069.mp4,real,True,0.2805578622002679,0.9115505109559721,2.242281436920166,0.0064001078717410564,0.09148517023300176,2.5197481966927695,-0.29775535738938474
00070.mp4,real,True,0.3211651275534523,1.440239127988595,1.5075010061264038,0.012165538035333157,0.36968279797991105,2.1845185625071264,-0.4225384635709968
00071.mp4,real,True,0.2890300722659318,1.0450442356555258,4.049265384674072,0.009160170331597328,0.1767542074857335,2.3508467718803776,-5.317743103968459
00072.mp4,real,True,0.17980763137209602,0.9415658043422837,2.5667471885681152,0.008394738659262657,0.21819456026169817,2.001578118198307,-2.5246511208781786
00073.mp4,real,True,0.10465370990472908,0.47672132843195214,1.4706166982650757,0.013648966327309608,0.16098370024293973,1.26211261996779,-4.159079220684841
00074.mp4,real,True,0.15269091851162195,0.7080298938691018,1.634153962135315,0.008453167974948883,0.4146474419743378,0.8808140182365747,-1.333270374649036
00075.mp4,real,True,0.06688276812921073,0.22794142555737507,1.4325659275054932,0.013697687536478043,0.08092144763520638,0.9383595814905688,-4.541203565432577
00076.mp4,real,True,0.13140773636992095,0.6560151258102147,2.7837769985198975,0.009674141183495522,0.10160955629733988,1.6286212718466098,-3.4173028679584134
00077.mp4,real,True,0.14883780064884736,0.568231416096874,2.5049595832824707,0.012850776314735413,0.052404352182380105,2.552262519121298,-4.015583363444531
00078.mp4,real,True,0.09740651067992881,0.3735051721631708,2.419243097305298,0.008372827433049679,0.07531269239428418,1.379288818211985,-5.826665729306955
00079.mp4,real,True,0.25327911701009037,1.089904922790755,2.3767166137695312,0.012592921033501625,0.3253702477383909,1.4896118194361778,-2.0793083057440653
00080.mp4,real,True,0.4568660159896948,2.059672237644091,1.5761871337890625,0.007302538957446814,0.4365110686731143,2.1974480768040823,-1.240653789038773
00081.mp4,real,True,0.2774199618843307,1.110199217419449,2.5860795974731445,0.016018599271774292,0.134123412484184,2.2306453542977627,-0.8200590929064657
00082.mp4,real,True,0.08986069860890634,0.34564167679612545,1.462802767753601,0.009978440590202808,0.06485050115626881,1.4650903602837688,-3.1914078021742682
00083.mp4,real,True,0.0987559173968687,0.3376197590338325,2.5801444053649902,0.011351033113896847,0.04755438877875121,1.7431538883586482,-6.527159699009857
00084.mp4,real,True,0.1520985131826233,0.5326018162653962,1.1087864637374878,0.007677723653614521,0.13662884299649283,1.3349739409131005,-3.6547868472783325
00085.mp4,real,True,0.08901296002450801,0.2959407121355436,2.3303627967834473,0.010722525417804718,0.07920391016490526,0.8490756667124899,-4.827453763811651
00086.mp4,real,True,0.2985502440470851,1.0320086958421046,3.1718180179595947,0.01700507290661335,0.14826085670051398,2.424404825297353,-5.760962500265288
00087.mp4,real,True,0.11764409174652751,0.3760683035858986,1.918838381767273,0.007101330440491438,0.07352160434122798,1.4800654386004375,-7.427735472670318
00088.mp4,real,True,0.18041312701161935,0.7863432325955405,1.7525376081466675,0.005290059372782707,0.28048745093660776,2.0208587907132163,-0.978516572674843
00089.mp4,real,True,0.12371220260420272,0.5666954998073149,2.447338104248047,0.010083243250846863,0.14819007710592275,1.6617396682051586,-0.905571271943227
00090.mp4,real,True,0.1079962739494216,0.4617850474531998,2.702230930328369,0.007520015817135572,0.14138663849410946,1.2643068067183048,-1.997676827869829
00091.mp4,real,True,0.2336803933707596,0.8185668518739238,1.4889391660690308,0.01463033352047205,0.11602042461772556,1.2204678113875296,-1.5301991755279751
00092.mp4,real,True,0.15164918491375615,0.7031589699728603,3.57521915435791,0.006842895410954952,0.14397322828780493,1.3367346445260544,-2.998858793855902
00093.mp4,real,True,0.23043840738211352,0.7884871880897755,2.49429988861084,0.01834101229906082,0.17216968989480394,2.1934086029798996,-0.885736557529752
00094.mp4,real,True,0.08585781572085896,0.2977652214314812,0.9655244946479797,0.01724056527018547,0.06878459345180057,1.5197251520674873,-1.9178728313947668
00095.mp4,real,True,0.32924567193329535,1.4485713280267383,1.3222661018371582,0.008401596918702126,0.2499173282204559,2.366756496050588,-3.296101091863686
00096.mp4,real,True,0.17735887616553606,0.6633790655371895,1.74746835231781,0.013125717639923096,0.12424499757338742,1.979692278064746,-2.601888632102197
00097.mp4,real,True,0.2591963187529897,1.0739988387113333,0.7152141332626343,0.024022048339247704,0.10482641259541707,3.2138597130008884,-8.149105061469784
00098.mp4,real,True,0.23298187527881567,0.7667614114025264,1.8317574262619019,0.013630920089781284,0.10344767731801431,2.3631087628790053,-5.189046050811378
00099.mp4,real,True,0.14234190561494206,0.5125188480114586,2.3338279724121094,0.011182594113051891,0.04451110777686621,2.508869086846862,-5.686947407418702
00100.mp4,real,True,0.4267890538858764,2.285458561861616,1.6120083332061768,0.009266164153814316,0.45731638217782067,3.615015263213301,-1.0986552970444252
00101.mp4,real,True,0.2536713692172973,1.4011646260137625,1.8610947132110596,0.008145040832459927,0.32954669642517037,1.8929248329920456,-0.9651755263685109
02_09__walk_down_hall_angry__6KUOFMZW.mp4,fake,True,nan,nan,3.010462522506714,0.007880104705691338,nan,nan,nan
02_09__walking_down_street_outside_angry__6KUOFMZW.mp4,fake,True,0.3847585390213831,0.7181222317055949,2.2811362743377686,0.010692835785448551,0.18071491975804227,0.5530712825296165,-2.4904007966466515
02_11__meeting_serious__NZJ1YEWE.mp4,fake,True,nan,nan,2.6578216552734375,0.008701019920408726,nan,nan,nan
02_12__podium_speech_happy__9D2ZHEKW.mp4,fake,True,0.45250772053680266,1.6101648156514217,2.1781997680664062,0.009340062737464905,0.31934944248434655,2.2635971731411466,-4.7515289056384615
02_12__walking_and_outside_surprised__9D2ZHEKW.mp4,fake,True,0.995723632313482,3.0925626793610426,5.058253288269043,0.01613679900765419,0.43692365914732034,3.3417004343983754,-5.461356486746687
02_13__exit_phone_room__CP5HFV3K.mp4,fake,True,nan,nan,1.992029070854187,0.012177523225545883,nan,nan,nan
02_13__hugging_happy__PLNVLO74.mp4,fake,True,0.8042050147663434,2.154428201314363,4.147200107574463,0.010701516643166542,0.24806999086862247,3.914240920992606,-6.0741112858903366
02_13__kitchen_pan__2YSYT2N3.mp4,fake,True,0.3452831556805114,0.8974277958502366,4.6531476974487305,0.011780587956309319,0.2013383596367235,3.3736746568848623,-6.848783214102482
02_13__meeting_serious__CP5HFV3K.mp4,fake,True,nan,nan,7.079703330993652,0.008785000070929527,nan,nan,nan
02_13__outside_talking_pan_laughing__2YSYT2N3.mp4,fake,True,0.7692155241017666,2.7904461077798977,3.129028081893921,0.01141348760575056,0.37442097894158444,4.145183795468406,-3.9043562711110233
02_13__outside_talking_still_laughing__CP5HFV3K.mp4,fake,True,1.0090969025794403,3.748420934214445,1.9347097873687744,0.012515432201325893,0.328981134589662,4.978850991580951,-5.354148837208933
02_13__podium_speech_happy__2YSYT2N3.mp4,fake,True,0.41350303763709817,1.4793460035759747,2.696363687515259,0.009355160407721996,0.2533710406046049,2.4571574616440706,-5.342138220899431
02_13__secret_conversation__CP5HFV3K.mp4,fake,True,nan,nan,3.900751829147339,0.010854359716176987,nan,nan,nan
02_13__secret_conversation__PLNVLO74.mp4,fake,True,0.6797743673737171,1.6546982931927987,2.485405206680298,0.011517337523400784,0.22850897784696667,3.591570849345069,-5.773458621790729
02_13__walking_and_outside_surprised__CP5HFV3K.mp4,fake,True,1.3252543358432782,3.865598658224271,4.924835681915283,0.013722953386604786,0.49815957405556954,3.301102918715673,-8.13048466045407
02_14__outside_talking_pan_laughing__3IUBEKCT.mp4,fake,True,0.8025193854326276,2.8292531935320873,1.9955658912658691,0.011045923456549644,0.35534776315724065,4.238135077858868,-5.052095689845854
02_15__exit_phone_room__I8G2LWD1.mp4,fake,True,nan,nan,1.7365715503692627,0.012435619719326496,nan,nan,nan
02_15__exit_phone_room__MZWH8ATN.mp4,fake,True,nan,nan,2.064256191253662,0.011602390557527542,nan,nan,nan
02_15__hugging_happy__MZWH8ATN.mp4,fake,True,0.9317877450774871,2.1524449928335816,4.151999473571777,0.009144624695181847,0.28541180658930054,3.488001482446432,-6.9521796038268535
02_15__hugging_happy__XNJIS4S3.mp4,fake,True,0.782301352031734,2.2795487712090665,3.8048489093780518,0.009915251284837723,0.32355358867399814,3.4540768683755143,-5.562425926571436
02_15__kitchen_still__XNJIS4S3.mp4,fake,True,0.20448354553140374,0.7334336398427326,3.106431484222412,0.014158807694911957,0.1517596420973549,1.5312449455296737,-2.8536553497940327
02_15__meeting_serious__MZWH8ATN.mp4,fake,True,nan,nan,7.229707717895508,0.008704420179128647,nan,nan,nan
02_15__outside_talking_pan_laughing__I8G2LWD1.mp4,fake,True,0.7582860916490638,2.7455630068181356,4.010075092315674,0.010723426938056946,0.35760921804042306,4.182140664585228,-4.229479360184457
02_15__outside_talking_pan_laughing__SB6PMCO0.mp4,fake,True,0.8052748372111659,2.792096945456472,2.0866587162017822,0.012101360596716404,0.35410512919083964,4.249115902242471,-4.545166242346699
02_15__podium_speech_happy__MZWH8ATN.mp4,fake,True,0.4120104533801565,1.5124802632813512,2.4784469604492188,0.009002462029457092,0.3009641488779265,2.333706348139137,-3.038436360506482
02_15__secret_conversation__MZWH8ATN.mp4,fake,True,nan,nan,3.867323637008667,0.010646688751876354,nan,nan,nan
02_15__talking_against_wall__HTG660F8.mp4,fake,True,0.06435342413335035,0.21441986296727816,1.0969337224960327,0.010077075101435184,0.05694883524911167,1.0935711404937434,-5.170782469298917
02_15__talking_angry_couch__HTG660F8.mp4,fake,True,0.42100212222685185,1.3686232792067243,2.074418783187866,0.01357947662472725,0.19617789120483056,3.383424653067345,-3.0900013434758473
02_15__talking_angry_couch__I8G2LWD1.mp4,fake,True,0.4065561920320548,1.338888315339714,2.5149641036987305,0.013108666986227036,0.19271083380339699,3.3263210336191844,-2.3873017753861587
02_15__walk_down_hall_angry__TN2CWM3K.mp4,fake,True,nan,nan,2.4851043224334717,0.007950481958687305,nan,nan,nan
02_15__walking_and_outside_surprised__HTG660F8.mp4,fake,True,0.944952137033989,3.176284917681679,5.210409164428711,0.01625462807714939,0.44613902067095,3.3539874768309463,-3.486104650309593
02_15__walking_and_outside_surprised__I8G2LWD1.mp4,fake,True,0.9577348744741145,3.309208695729584,5.552530288696289,0.016637908294796944,0.4605409438143252,3.27489850254334,-2.9344428683975
02_15__walking_and_outside_surprised__MZWH8ATN.mp4,fake,True,1.333761403394905,3.8954123671039413,5.225555419921875,0.016055632382631302,0.46940036505540506,3.4165230574082512,-5.710623528158907
02_15__walking_outside_cafe_disgusted__MZWH8ATN.mp4,fake,True,nan,nan,1.3836958408355713,0.009892527014017105,nan,nan,nan
02_18__exit_phone_room__OXMEEFUQ.mp4,fake,True,nan,nan,2.1166865825653076,0.011615006253123283,nan,nan,nan
02_18__outside_talking_pan_laughing__OXMEEFUQ.mp4,fake,True,0.7584079171121475,2.7670614559135576,3.222764015197754,0.010638060979545116,0.3402583388262597,4.383642928781635,-5.8133467680012485
02_18__secret_conversation__B95S4G6F.mp4,fake,True,0.5377138575921127,1.4138804944522239,3.6697072982788086,0.009955782443284988,0.24702547198813385,3.1358618692066185,-8.109651221299028
02_18__walk_down_hall_angry__B95S4G6F.mp4,fake,True,nan,nan,2.6373276710510254,0.008926905691623688,nan,nan,nan
02_18__walking_down_street_outside_angry__21JTDDEL.mp4,fake,True,0.4149821789623845,0.7839515736039709,1.858546257019043,0.01073518954217434,0.12548690001455415,0.5936823567151222,-4.506611116006644
02_21__kitchen_pan__Z0XHPQAR.mp4,fake,True,0.1752340750631162,0.5516195571093331,4.991202354431152,0.011891599744558334,0.12798291570173423,2.619233071590692,-3.897917882644096
02_21__talking_angry_couch__Z0XHPQAR.mp4,fake,True,0.47749435290248343,1.4727338530062006,2.956768035888672,0.012960268184542656,0.18585388191024185,3.9290248698029933,-4.189391915924819
02_25__talking_against_wall__Z7FQ69VP.mp4,fake,True,0.09936179453689055,0.2783876126858842,1.1442896127700806,0.010450621135532856,0.06130577504805689,1.5975714283304496,-7.16793042416465
02_27__hugging_happy__GVFLSZD5.mp4,fake,True,0.7822417685293029,2.288379676565172,4.108217239379883,0.010219493880867958,0.3386351098295394,3.1896984800897634,-7.176282922131407
02_27__walk_down_hall_angry__78M8S6M6.mp4,fake,True,nan,nan,3.094743013381958,0.007869239896535873,nan,nan,nan
02_27__walking_down_indoor_hall_disgust__YQX5Z8GN.mp4,fake,True,0.9798196589899743,3.50877040146419,3.1304588317871094,0.011762452311813831,0.2867003217432858,5.201860792131266,-2.3474100383662937
02_27__walking_down_street_outside_angry__3L1MLH3D.mp4,fake,True,0.1904872610317764,0.75216674369163,2.162775993347168,0.010383893735706806,0.17305435814268663,0.39999067516822695,-1.8731582371449373
03_01__meeting_serious__JZUXXFRB.mp4,fake,True,nan,nan,2.5244476795196533,0.009585961699485779,nan,nan,nan
03_01__outside_talking_still_laughing__JZUXXFRB.mp4,fake,True,1.174686222781943,4.6521908098903335,2.594799518585205,0.011204511858522892,0.4675564255274813,5.667525173899953,-0.8681351357812445
03_01__podium_speech_happy__JZUXXFRB.mp4,fake,True,0.6558104898923829,2.336303378483668,1.6238049268722534,0.01271296851336956,0.3971794637640713,3.080980033181279,-7.776270110306851
03_01__walking_and_outside_surprised__JZUXXFRB.mp4,fake,True,0.5972820243680551,1.8526578516695584,3.6797256469726562,0.012042297050356865,0.23035062425486122,4.136223130474856,-7.558366687757432
03_04__outside_talking_pan_laughing__T04P6ELC.mp4,fake,True,0.9785278209504251,3.565245288464089,2.0355682373046875,0.014477782882750034,0.4965041478816837,4.029113557389168,-2.227027075204285
03_04__talking_angry_couch__T04P6ELC.mp4,fake,True,0.7844473770837282,2.909273838740748,2.970093250274658,0.016523223370313644,0.46336016229266896,3.5004360392631457,-6.077298999320853
03_06__exit_phone_room__1IXGY2FK.mp4,fake,True,0.3930559030204216,1.5779412481911501,3.9287796020507812,0.012650719843804836,0.37064056445338067,1.6777923661519178,-3.7310898243879898
03_06__hugging_happy__2XWC5JED.mp4,fake,True,1.0492187194637133,3.5472421461733004,2.2278542518615723,0.009824940003454685,0.5467680772265616,3.0319339076448055,-6.628338237172042
03_06__meeting_serious__83ABVHC3.mp4,fake,True,nan,nan,4.12302303314209,0.008401419967412949,nan,nan,nan
03_06__podium_speech_happy__83ABVHC3.mp4,fake,True,0.6967096451220177,2.46768476940714,1.1790287494659424,0.011422947980463505,0.3801539019866483,3.486980884277295,-6.298830656259905
03_07__exit_phone_room__6PHZRQ4H.mp4,fake,True,0.34347772940815197,1.5378239437641974,3.7101657390594482,0.01298971101641655,0.3565349539040184,1.6972398192181473,-1.9040858916842094
03_07__hugging_happy__BKLOCI1M.mp4,fake,True,1.0111624980478737,3.427052664094165,2.294065237045288,0.010230244137346745,0.4898724446596574,3.1966820941502414,-6.064547394934175
03_07__kitchen_pan__WPT3Z2KN.mp4,fake,True,0.5107844537937898,1.538593151440002,1.6790350675582886,0.01297371182590723,0.33476706010627455,2.605010398592014,-3.836894941195979
03_07__talking_against_wall__PWXXULHR.mp4,fake,True,0.21986501951203458,0.6021069611849619,1.5286685228347778,0.011677472852170467,0.11940140912530979,1.879779229870734,-3.9261209040523006
03_07__walk_down_hall_angry__6PHZRQ4H.mp4,fake,True,nan,nan,3.396597385406494,0.010238117538392544,nan,nan,nan
03_07__walk_down_hall_angry__IFSURI9X.mp4,fake,True,nan,nan,4.01745080947876,0.010206116363406181,nan,nan,nan
03_07__walking_down_indoor_hall_disgust__PWXXULHR.mp4,fake,True,1.3866898321558832,3.3894784660958304,3.8218801021575928,0.009594677947461605,0.3556948621067545,4.511028296635259,-6.370076507149044
03_07__walking_outside_cafe_disgusted__CDSNLDQ8.mp4,fake,True,0.5632383628221498,2.0730231054845305,2.0307013988494873,0.013447005301713943,0.4217805576372197,1.8422326046307522,-4.019835712596235
03_07__walking_outside_cafe_disgusted__IFSURI9X.mp4,fake,True,0.44236581976372913,1.9915636285628995,1.712652564048767,0.014087737537920475,0.44748655403898674,1.8305109143543146,-4.081843983417131
03_07__walking_outside_cafe_disgusted__PWXXULHR.mp4,fake,True,0.46253454518188164,2.0832169074111664,2.120497465133667,0.012805952690541744,0.44951480040610237,1.9096810354238314,-3.4059691540591963
03_09__kitchen_pan__8DTEGQ54.mp4,fake,True,0.5058923896588143,1.7381369564341491,1.0368949174880981,0.012865698896348476,0.31771368965550695,2.6264391933603317,-2.610003348902005
03_09__outside_talking_still_laughing__RCETIXYL.mp4,fake,True,1.1923900007214983,4.135530283930012,2.288465738296509,0.010390635579824448,0.4173085855053274,5.516433675839507,-2.818277537447883
03_09__secret_conversation__RCETIXYL.mp4,fake,True,0.6092354574783229,1.9709703242833079,3.6328577995300293,0.014982713386416435,0.18357824387370442,4.613556282199763,-1.6108954181344723
03_11__exit_phone_room__P08VGHTA.mp4,fake,True,0.3984501647361032,1.576597803833269,3.7069928646087646,0.012572347186505795,0.39468533555046975,1.7291791730664297,-3.440372577840201
03_11__talking_against_wall__P08VGHTA.mp4,fake,True,0.2852315737998336,0.8265621698821025,1.6300112009048462,0.011706705205142498,0.14416384365485796,2.517466868330958,-8.519199231426871
03_11__walk_down_hall_angry__P08VGHTA.mp4,fake,True,nan,nan,4.654259204864502,0.010306432843208313,nan,nan,nan
03_13__exit_phone_room__GBYWJW06.mp4,fake,True,0.38899982496004265,1.5082344824542795,3.9462602138519287,0.012562386691570282,0.3587731698853012,1.6557563456759135,-3.985231182342614
03_13__kitchen_pan__GBYWJW06.mp4,fake,True,0.5690949421143964,1.6036399001668957,1.1856647729873657,0.012144525535404682,0.23974541143325467,2.8217465812237155,-5.353742463703033
03_13__meeting_serious__GBYWJW06.mp4,fake,True,nan,nan,2.505680799484253,0.008816593326628208,nan,nan,nan
03_13__meeting_serious__T3MZOI8X.mp4,fake,True,nan,nan,1.8724479675292969,0.00899340771138668,nan,nan,nan
03_13__outside_talking_still_laughing__GBYWJW06.mp4,fake,True,1.0673279087779564,4.212220698804493,2.50229549407959,0.01073644869029522,0.4370384968442114,5.443792358505987,-0.5314144133278559
03_13__talking_against_wall__GBYWJW06.mp4,fake,True,0.20571723363659633,0.5995286764252005,1.206862449645996,0.01159689761698246,0.10800448821657388,2.222501865517909,-4.014319382526511
03_14__exit_phone_room__H0VQHGS3.mp4,fake,True,0.40945556567593044,1.6361564919339724,3.8686792850494385,0.012347746640443802,0.396738828280942,1.623212281920484,-3.6192660204119838
03_14__meeting_serious__KJ221YN0.mp4,fake,True,nan,nan,3.80397367477417,0.008563721552491188,nan,nan,nan
03_14__meeting_serious__PLCQJM81.mp4,fake,True,nan,nan,3.1870765686035156,0.008334845304489136,nan,nan,nan
03_14__podium_speech_happy__Q9NSXM88.mp4,fake,True,0.6679295188139662,2.351644913007435,1.2942723035812378,0.011682027019560337,0.40107357955231615,3.0063104926010555,-6.283806964284731
03_14__talking_against_wall__ZC2KYASW.mp4,fake,True,0.1927536156591379,0.6145580419243656,1.1767221689224243,0.011679789051413536,0.14001190164543334,1.9488447627909475,-6.312956585603773
03_14__walk_down_hall_angry__P1L5PF4I.mp4,fake,True,nan,nan,4.496357440948486,0.010259909555315971,nan,nan,nan
03_14__walking_down_indoor_hall_disgust__KJ221YN0.mp4,fake,True,0.6860592282277008,2.3024843716552983,3.839040994644165,0.009278123266994953,0.25484776028929634,5.205310141568335,-1.9147202171177777
03_14__walking_down_street_outside_angry__H0VQHGS3.mp4,fake,True,nan,nan,2.6705520153045654,0.011770247481763363,nan,nan,nan
03_15__kitchen_pan__AIOM1U5V.mp4,fake,True,0.5229004663893388,1.7040014715549225,1.5104397535324097,0.012561200186610222,0.3006556562842749,2.56732337816615,-4.295371622084769
03_15__kitchen_pan__DNUJD8M2.mp4,fake,True,0.4896869744879073,1.4736235464688436,1.166624903678894,0.012559155002236366,0.33642978055654194,2.0926023094290147,-2.853328114087599
03_15__meeting_serious__DNUJD8M2.mp4,fake,True,nan,nan,2.8576557636260986,0.00863641407340765,nan,nan,nan
03_15__meeting_serious__OY4I7ZU8.mp4,fake,True,nan,nan,3.211867094039917,0.009180886670947075,nan,nan,nan
03_15__outside_talking_pan_laughing__Y11NT1YX.mp4,fake,True,1.1654227318529926,4.288495639122614,1.3490545749664307,0.011377300135791302,0.43544782063898885,4.3671452703924745,-6.060415481478778
03_15__outside_talking_still_laughing__DNUJD8M2.mp4,fake,True,1.043271756565404,4.065095555256636,1.9273027181625366,0.01161930151283741,0.4338362870330449,5.421884514575437,-0.3715591155631784
03_15__podium_speech_happy__DG8ITQO3.mp4,fake,True,0.7012094956449098,2.4208253606255092,1.791668176651001,0.012437145225703716,0.4070728330294234,3.1478683824765694,-6.062315466353835
03_18__kitchen_pan__22UBC0BS.mp4,fake,True,0.5430069725052503,1.6218453165104671,1.7258923053741455,0.011876261793076992,0.32594714388237156,2.3110990227749983,-5.26130254426775
03_18__walking_and_outside_surprised__8HNSXOBW.mp4,fake,True,0.6574032616823495,1.848253834153494,4.154826641082764,0.01209859736263752,0.20498792650486616,4.308347944037978,-4.140312191111918
920.mp4,real,True,0.12610311487896034,0.5983775936991862,1.6195176839828491,0.01503304298967123,0.18851214681640097,1.4524972186786966,-7.563877725753655
921.mp4,real,True,0.238759739936698,1.0790396363196681,2.314302444458008,0.01579802855849266,0.1624696250759311,3.140260241684541,-2.2430793843025922
922.mp4,real,True,0.10168211828301585,0.3238400062816875,3.0419840812683105,0.0033833361230790615,0.12103385993266338,0.766638345410829,-5.902697836650283
923.mp4,real,True,0.34684657119786555,1.1407452631334996,1.9566062688827515,0.009640839882194996,0.08234391636699241,1.5196193279336898,-3.4529901861464736
924.mp4,real,True,0.13191407091886642,0.3829296704073108,1.9228341579437256,0.01145175751298666,0.08671561605284071,1.9194703289019264,-9.221296134050348
925.mp4,real,True,0.1057822971059536,0.3828493556470905,1.8716096878051758,0.022221120074391365,0.052971177067252566,1.8773582375377857,-2.213263476061903
926.mp4,real,True,0.0889790987130556,0.3824259635733482,2.371567726135254,0.015520735643804073,0.21237567227218676,0.949654478475112,-1.2791172943590612
927.mp4,real,True,0.0611539387684344,0.20939436617238455,0.8410400152206421,0.010675518773496151,0.09538913238206637,0.7424440109255075,-5.114855433725119
928.mp4,real,True,0.1371110752991711,0.4582907329087703,2.157893180847168,0.03101266920566559,0.051039891604032064,1.9958342510585432,-6.486910733773433
929.mp4,real,True,0.08844791697139205,0.36749204762001886,1.4931029081344604,0.013163408264517784,0.11853806323121492,1.109662034552765,-5.30035606644934
930.mp4,real,True,0.13515036166146896,0.4525157682863309,3.7306671142578125,0.016650479286909103,0.14744958058295776,1.9004246290871598,-4.429520231353431
931.mp4,real,True,0.1167443004330729,0.33828017158777435,1.6854487657546997,0.006739781703799963,0.06496329034644542,1.4597764000017073,-4.3310990287823365
932.mp4,real,True,0.09148749774188393,0.2587379375513342,1.749137282371521,0.08136261254549026,0.022232668855761535,3.0821935016495203,-5.2397517783285785
933.mp4,real,True,0.05821146162656152,0.26803035977208417,1.7533131837844849,0.03018944337964058,0.1404667901111959,0.969028876846466,-4.581912295002064
934.mp4,real,True,0.08024691624057631,0.2201839363562926,1.5843807458877563,0.015236875042319298,0.036226284808027684,1.5245680455814439,-6.906594537692029
935.mp4,real,True,0.10487443038166805,0.40668568518506576,2.291393995285034,0.011180360801517963,0.08615292971851676,1.8721644519425409,-0.1564793060389226
936.mp4,real,True,0.13825779509635022,0.5437206816367985,1.6442692279815674,0.005871640983968973,0.27525464607647154,1.128780249580835,-2.7765414646720554
937.mp4,real,True,0.10803396733505945,0.4146510400500931,1.831137776374817,0.017082562670111656,0.22483970446362708,0.9684933195348978,-1.2953216668652778
938.mp4,real,True,0.05988224775719526,0.21644951255832523,0.8911973834037781,0.011250960640609264,0.12822346634912962,0.5941305429298775,-1.5305310771157203
939.mp4,real,True,0.22971535255811332,0.7608700168688868,1.5102671384811401,0.015089474618434906,0.1710786945448031,1.2094700076835319,-2.387408226176678
940.mp4,real,True,0.6986428711233184,3.1759024030942236,1.6791231632232666,0.009496761485934258,0.6951437512400356,1.9783028167982986,3.9885112553920314
941.mp4,real,True,0.09957787583741146,0.3217693202850802,1.4027764797210693,0.007896536029875278,0.08800997639874505,1.2182127932709959,-6.923852062192966
942.mp4,real,True,0.057975436721648885,0.18713296800907026,1.5492686033248901,0.015300611034035683,0.08676644761710098,0.8162174398295003,-4.830361964521832
943.mp4,real,True,0.10725796010080275,0.3776637031191945,3.5232417583465576,0.014955654740333557,0.08724270017047121,2.009905122210006,-5.938895460308164
944.mp4,real,True,0.12726207243114435,0.4670333582421392,2.453216314315796,0.012202069163322449,0.11040608624344365,1.3275991521737898,-5.99130638743551
945.mp4,real,True,0.17315236474670764,0.9228979768556812,2.4902968406677246,0.015864050015807152,0.124573901686003,3.4148026758795096,1.4768304502610148
946.mp4,real,True,0.2435049259679819,0.9197815985982515,3.19950008392334,0.013539046980440617,0.1242062899065682,2.411218044505455,-6.595032126398283
947.mp4,real,True,0.13989588838084863,0.6619349478452171,1.4159272909164429,0.013940303586423397,0.22272659241207107,1.5103692009403218,-6.575041817827401
948.mp4,real,True,0.29417948274671796,1.0881257922640672,1.9138813018798828,0.024534747004508972,0.07470037864387433,3.922798807896015,-5.302092529569908
949.mp4,real,True,0.1840199446838056,0.7284407237900992,1.6655323505401611,0.008020401000976562,0.10214571295383318,2.331706392119025,-5.024571522121933
950.mp4,real,True,0.14372485585663353,0.6477334201189585,1.8091708421707153,0.0076489802449941635,0.08002587395935763,2.4364157711519,-3.349581189195923
951.mp4,real,True,0.2443275365815075,1.0913478118756874,1.6799054145812988,0.012201417237520218,0.20675871127926723,2.263174344985971,-3.9509616326622927
952.mp4,real,True,0.08417750576865587,0.3587220426175278,1.938083529472351,0.011783923022449017,0.0818991965450794,2.0283586007093923,-2.608936793391975
953.mp4,real,True,0.2286773976850385,0.8773915958386946,1.845395565032959,0.008055365644395351,0.20507222605195854,1.9008569972262976,-2.2639863963092357
954.mp4,real,True,0.13823274826976603,0.48493871373774505,1.5272387266159058,0.008035976439714432,0.17668194433531,1.3429379002430348,-6.881615978314547
955.mp4,real,True,0.12425933052664911,0.5591897549599748,1.6288915872573853,0.01955745555460453,0.1483627234406063,1.608827489776064,-1.5433922566251803
956.mp4,real,True,0.09921529528080712,0.30731309680358937,2.600649833679199,0.011662541888654232,0.09216755096467531,1.4945658581276011,-4.978970993340811
957.mp4,real,True,0.22532015509590242,1.1098386300051482,2.5152156352996826,0.01768256537616253,0.10295750707060403,3.2341544190470892,-5.517854559403739
958.mp4,real,True,0.11664282722713494,0.3874166717219098,1.5611152648925781,0.007052377797663212,0.11854022827104745,1.3081305421589644,-6.684339437793936
959.mp4,real,True,0.2816502465709915,1.130780092234119,1.2633311748504639,0.018937919288873672,0.061429152829827555,4.07200149692574,-2.1721070041368042
960.mp4,real,True,0.3519223432008014,1.7883445466861074,4.015072822570801,0.007600387092679739,0.2918692220369516,2.58567686195069,-0.4221520924678318
961.mp4,real,True,0.13931077131300165,0.597520813918398,1.5077879428863525,0.01348855160176754,0.12151246501958128,1.7725327072645032,-2.104195056388208
962.mp4,real,True,0.07227128640625949,0.33684139154041265,1.3191797733306885,0.026624424383044243,0.12633468642645151,0.9086516990420906,-4.769153436920061
963.mp4,real,True,0.11277510502221448,0.42566996321682843,1.5304412841796875,0.017830999568104744,0.07930053062132104,1.6295023918973732,-4.83109851858379
964.mp4,real,True,0.14916083372080075,0.656465062909406,1.3168295621871948,0.01429508626461029,0.229053883920754,1.3520580178756016,-1.5896130146870138
965.mp4,real,True,0.15952824777258418,0.4945804293225402,4.188171863555908,0.01884634792804718,0.040612143033786394,2.331682890135221,-4.617989949540228
966.mp4,real,True,0.2622225348060106,0.8166242312286773,1.5784680843353271,0.014913046732544899,0.17577811714385652,1.4074389583919407,-3.9793408993456554
967.mp4,real,True,0.08354490418725323,0.2811009416451711,1.746099591255188,0.011595095507800579,0.07295242003430864,1.1325212477165716,-1.7509792575527396
968.mp4,real,True,0.1326270551655479,0.4606243605034751,1.7203974723815918,0.01648566499352455,0.11631468022050935,2.0842320754919785,-7.372182335373049
969.mp4,real,True,0.1375890702558248,0.5704674353734874,1.757698893547058,0.012095418758690357,0.21764544436276742,1.2890507507139188,-3.322100085906338
970.mp4,real,True,0.2971682894478483,1.3637928676854552,2.6519060134887695,0.009694959037005901,0.5239990278124323,1.3064176060822454,-3.828012252647892
971.mp4,real,True,0.18558420706374856,0.6079831190332013,2.748350143432617,0.011798152700066566,0.11100648926440837,1.6993007695700268,-4.882356079910806
972.mp4,real,True,0.24570353946519355,1.0186942900446072,1.572786808013916,0.013547563925385475,0.1788223505383334,2.806040619766809,0.4331396483365051
973.mp4,real,True,0.09464450810909925,0.3728072368370667,2.5270228385925293,0.008582031354308128,0.1754981316382846,1.1599128195841582,0.6113428174270068
974.mp4,real,True,0.1192022457624203,0.43508694215954735,1.977007508277893,0.010949719697237015,0.07846683606804565,1.7879517584646745,0.1431610508068376
975.mp4,real,True,0.11317207338640003,0.38902675468032866,1.9327508211135864,0.010989531874656677,0.08190725540086659,1.5910196565388772,-4.274283494642198
976.mp4,real,True,0.10036061597127344,0.32609280444633737,1.4823733568191528,0.004896698519587517,0.17639667259214561,0.9484095249878248,-3.0258603584332517
977.mp4,real,True,0.08735283840229756,0.39673868186884953,0.8683738708496094,0.010630592703819275,0.10397780306985055,1.4793331965767729,-4.841099339543784
978.mp4,real,True,0.16637519169218,0.6586933816292992,1.7269742488861084,0.011124429292976856,0.1068564164688467,2.177038140586797,-7.071545494656447
979.mp4,real,True,0.12191500567041015,0.5706172529055931,2.1454875469207764,0.01904120296239853,0.15313239925811564,1.5386596520815716,-2.9469141836343726
980.mp4,real,True,0.12368574050735187,0.4456424049120006,1.9167730808258057,0.009465723298490047,0.17086040974264677,1.0495134381825926,0.004419989902011936
981.mp4,real,True,0.1356912500475053,0.5097640911387981,3.2050580978393555,0.009843133389949799,0.2806280512101825,0.9018693833789165,-1.9635286156039644
982.mp4,real,True,0.08193155022907145,0.2640555040320585,1.590185523033142,0.007844706997275352,0.08898610480446623,1.1751270505027571,-5.538321338981041
983.mp4,real,True,0.08783500297134723,0.29181515646509315,1.1729737520217896,0.0037480874452739954,0.14622163218864948,0.9808216320792565,-5.6192416409484425
984.mp4,real,True,0.1337706471211949,0.4187252996595942,1.3617159128189087,0.012348329648375511,0.11357637820507138,1.3911848048141773,-3.7308424952767503
985.mp4,real,True,0.16172458907089496,0.49903907315984425,2.9280152320861816,0.007566027343273163,0.2718325096347622,0.9538416299785855,-1.5119133459341858
986.mp4,real,True,0.11827442583022421,0.41975006331906456,2.3878273963928223,0.007629736792296171,0.14422388714201345,0.9097828209240902,-3.824933008898554
987.mp4,real,True,0.07663106256238014,0.26422098659851756,1.870950698852539,0.015118492767214775,0.1188480496304778,1.0865514362324835,-3.9872371257951684
988.mp4,real,True,0.08822172442995373,0.3199369835250111,1.257806658744812,0.010342994704842567,0.13642036739465163,0.8323061603734582,-4.167814357484219
989.mp4,real,True,0.16343307280417654,0.5576860110602507,2.673736810684204,0.013009408488869667,0.13662532101890812,1.5366297459730387,-7.303653705986003
990.mp4,real,True,0.11083585765600833,0.419495627213815,1.8530253171920776,0.008004053495824337,0.18406814311918435,0.9896761948100156,-5.438906935022825
991.mp4,real,True,0.05874809170971253,0.23992017192784337,1.8253728151321411,0.014352086000144482,0.15206262345865687,0.6823347277084688,-2.3151729651424353
992.mp4,real,True,0.23302538463835315,0.8498745472640888,1.6394256353378296,0.010231327265501022,0.2501618299048075,1.47082452262532,-3.553647753850523
993.mp4,real,True,0.1271456010337858,0.4866312471984684,1.2325894832611084,0.009981651790440083,0.2688055114128052,0.8124978381144548,1.739751707235049
994.mp4,real,True,0.16616180927279947,0.7703063847598026,1.1313780546188354,0.009080780670046806,0.25756083345733893,1.33753699305987,4.501614462795185
995.mp4,real,True,0.0779936320717359,0.32272975617369265,4.14956521987915,0.019306348636746407,0.11075492897168172,0.9520157694929754,-4.544466632328717
996.mp4,real,True,0.21336238954756548,0.8439488242520836,2.627530813217163,0.012991703115403652,0.08423713347357215,1.9931381813374418,-2.717953644992174
997.mp4,real,True,0.17080988962577787,0.48119028698003397,1.7826018333435059,0.012484931387007236,0.07769948016785956,1.9312163163506177,-8.036680027226671
998.mp4,real,True,0.13597693706685907,0.564077966819633,1.5584725141525269,0.009575859643518925,0.27066742556455137,1.3733507804316338,-5.753469352894134
999.mp4,real,True,0.18249809741748138,0.8643645620966333,1.4384206533432007,0.0055916812270879745,0.3015261355171384,1.657223046500905,-2.141040657181427
Grok_0001.mp4,fake,True,0.172887525938996,0.573691190212444,1.8726277351379395,0.01062854379415512,0.07303882836110002,2.2235845802110563,-0.9038215747197681
Grok_0002.mp4,fake,True,0.20505652636224023,0.8208701038873168,1.9294939041137695,0.004835822619497776,0.1655365673084065,2.9192939433855862,-2.7163013146217434
Grok_0003.mp4,fake,True,0.10102380122723914,0.25509615846627315,2.1364901065826416,0.010677444748580456,0.022205584782623734,1.8151462553992317,-5.757772881665215
Grok_0004.mp4,fake,True,0.37726834553423516,1.254878787422197,2.7436611652374268,0.007605111692100763,0.20140940097722532,3.2564999133075636,-7.363558090625725
Grok_0005.mp4,fake,True,0.5980371981774306,2.632601280183453,1.8882226943969727,0.016282223165035248,0.2778450220261944,5.066958080595271,-0.8584782202531882
Grok_0006.mp4,fake,True,0.36560378656766684,1.3883286055023814,1.4781540632247925,0.010779817588627338,0.2573970548836602,3.221061955674738,-1.8915798753964073
Grok_0007.mp4,fake,True,0.15250454378012868,0.5871978781799664,1.9191477298736572,0.0075412956066429615,0.13560182169720614,1.5211579722732518,-2.3790566029660325
Grok_0008.mp4,fake,True,0.1712302538320935,0.4791302669880025,1.8793548345565796,0.010309169068932533,0.06893162982062492,2.5522174687333115,-5.541380333365708
Grok_0009.mp4,fake,True,0.327862334378238,1.2347746833823978,2.010931968688965,0.0071833571419119835,0.09845060241457002,2.8652491838685212,0.29603247733461613
Grok_0010.mp4,fake,True,0.1848743754886853,0.5491396754383517,1.9745099544525146,0.005283730570226908,0.11206812633493456,1.7748428411852308,-4.134249572895461
Grok_0011.mp4,fake,True,0.15472950744646655,0.47579882775781007,1.2936797142028809,0.014833550900220871,0.0525683656157133,2.368446663037268,-3.3115530694717092
Grok_0012.mp4,fake,True,0.06573672828306082,0.17879503594473953,1.0040850639343262,0.02431308664381504,0.0666546823975993,1.2123597681326157,-7.4488543628614785
Grok_0013.mp4,fake,True,0.15447799446082322,0.45902429641850745,1.5936942100524902,0.017769448459148407,0.077325909313337,2.120098605873116,-10.157833011155207
Grok_0014.mp4,fake,True,0.22174238167979116,0.6335278933741526,1.233652949333191,0.014049513265490532,0.16752562092265597,1.7968483358243705,-6.394237245050647
Grok_0015.mp4,fake,True,0.5161989732295567,1.5611461583666602,1.3119347095489502,0.014789260923862457,0.20273264121035026,3.167543044150407,-2.5909189300294204
kling_0001.mp4,fake,True,nan,nan,4.0965962409973145,0.012735431082546711,nan,nan,nan
kling_0002.mp4,fake,True,nan,nan,2.1965484619140625,0.02101406268775463,nan,nan,nan
kling_0003.mp4,fake,True,0.1920242924600831,0.9856784481767983,1.0956287384033203,0.029537640511989594,0.40721581055549977,1.1350552469699733,-2.798953688277273
kling_0004.mp4,fake,True,0.1598807498215312,0.45919719588825214,1.6570734977722168,0.02714761346578598,0.19731611395538035,0.9644797192814328,-5.054600283686616
kling_0005.mp4,fake,True,nan,nan,1.5600765943527222,0.021666981279850006,nan,nan,nan
kling_0006.mp4,fake,True,0.48222431542682587,1.7710039795942418,1.6239218711853027,0.0211788322776556,0.11706045502801019,5.6716232705624945,-2.3130623041335774
kling_0007.mp4,fake,True,0.8515453110150063,5.156313512764668,2.7142789363861084,0.010549573227763176,0.26744068195934256,8.299431484582126,0.6407429105503215
kling_0008.mp4,fake,True,0.05942873908494571,0.21481268236593112,2.2329471111297607,0.01659751869738102,0.06486630973512529,1.9397615123301748,-2.1012692628240797
kling_0009.mp4,fake,True,0.9959390132181379,4.281608131895352,2.708521604537964,0.02120012417435646,0.5359488248042334,3.980605300832403,-4.31601207824345
kling_0010.mp4,fake,True,1.21676329324405,3.0713880700976453,3.0979597568511963,0.02643098123371601,0.15109911266192194,6.867266683166029,-3.508107856313976
kling_0011.mp4,fake,True,0.5759764035931527,1.1831110010023353,2.7494521141052246,0.019164759665727615,0.25937627549558223,2.838975773496642,-4.930035325506211
kling_0012.mp4,fake,True,0.1328831785989909,0.35978059588913736,1.0493059158325195,0.009373195469379425,0.10380236920636703,1.860357260366472,-8.551187378393479
kling_0013.mp4,fake,True,0.11417537977590372,0.34627577263014925,1.0760700702667236,0.01518282014876604,0.07995104323609184,1.6389655110672627,0.6127208335471533
kling_0014.mp4,fake,True,0.2120452248163114,0.6772083934238734,1.704997181892395,0.01708127371966839,0.1491505528077447,1.9519144712038838,-3.389966707877395
kling_0015.mp4,fake,True,0.16475940363697503,0.5265805854964352,2.077334403991699,0.018238840624690056,0.15893126777994404,1.6799101343466665,0.11286778748522243
kling_0016.mp4,fake,True,0.3216899896794651,1.007302354052869,1.1164076328277588,0.011042047291994095,0.19355712039590772,3.16244530245988,-3.6520222784253953
kling_0017.mp4,fake,True,0.1637496173179904,0.5523799354772578,2.3255367279052734,0.011914013884961605,0.09991310535510346,2.267571033419277,-1.183049000100334
kling_0018.mp4,fake,True,0.14178114266365616,0.41222143736312516,1.4454694986343384,0.013513033278286457,0.11501499030671809,1.8080111973879842,-4.947677546615285
kling_0019.mp4,fake,True,1.1166499905069966,2.6911250141461607,5.115060806274414,0.016220442950725555,0.13163685162328018,3.960430062668094,-6.32370275156918
kling_0020.mp4,fake,True,0.3563007855371442,1.3851443856836814,1.7217590808868408,0.008358262479305267,0.27439684367225553,2.6512607332526565,-5.633781783947779
kling_0022.mp4,fake,True,0.31051973683165635,1.3064541406264063,1.0132014751434326,0.019651275128126144,0.18953758194548576,2.6098025054601033,-4.475303560757339
kling_0023.mp4,fake,True,0.21839678287244157,0.4626528525956692,1.5269578695297241,0.019115179777145386,0.05340380348010912,3.691795933184559,-6.53508557774048
kling_0024.mp4,fake,True,0.4277687088732849,1.2181826427006115,1.6408169269561768,0.013731074519455433,0.09678714074501046,4.681486165774053,-4.660810244963944
kling_0025.mp4,fake,True,0.2018352122357312,0.5922992569703931,1.5142393112182617,0.01666729338467121,0.1327365849591972,2.3223514581120064,-8.059983352782075
kling_0026.mp4,fake,True,0.17839720683538804,0.5990690060573611,2.392211675643921,0.020974230021238327,0.09271788479365113,3.1126956791397986,-4.300136003266318
kling_0027.mp4,fake,True,1.0517819711020613,4.116200250101439,2.7583961486816406,0.03232347592711449,0.2125132350641264,6.891985552780344,1.1352156734980068
kling_0028.mp4,fake,True,0.6865719825117963,1.9610410913680432,5.161247730255127,0.01296719815582037,0.1712743461296689,6.502420845431769,-6.26750289619792
kling_0029.mp4,fake,True,0.8173783300835932,3.245908387331308,1.863038182258606,0.018070364370942116,0.32279795978703657,4.861286921257889,-3.303933373552597
kling_0030.mp4,fake,True,0.24113674368990176,0.7921647479485266,1.0593153238296509,0.02432510070502758,0.05942859305963284,3.2458102404668265,-10.558254003955955
kling_0031.mp4,fake,True,0.20944634011548166,0.6506784827198534,1.1784745454788208,0.01566738821566105,0.11167340987794937,2.346441085503398,-1.5507511118731196
kling_0032.mp4,fake,True,0.17802047357358264,0.618817108256398,1.441422462463379,0.011469769291579723,0.17463031211074767,1.689765134763793,-6.143990156745303
kling_0033.mp4,fake,True,0.13157780277602582,0.4471949928568083,1.1442691087722778,0.01267263200134039,0.10300701516499733,1.5411333359958685,-5.112664117144655
kling_0034.mp4,fake,True,0.13744343170102075,0.43431774145520197,1.524397373199463,0.014612640254199505,0.07013312783667688,2.192683789898168,-2.8494429993429775
kling_0035.mp4,fake,True,0.14415618252124587,0.4270355745166077,1.2572368383407593,0.014777708798646927,0.1319428655071228,1.6621759663891276,-7.078794765865873
kling_0036.mp4,fake,True,0.15970822329385925,0.5680180608072766,1.073549509048462,0.01615116186439991,0.1935023594287609,1.2433802128328713,-6.234029676115094
kling_0037.mp4,fake,True,0.22211490824327668,0.726073958879985,1.4699690341949463,0.011400074698030949,0.32354670184216144,1.2611376757369945,0.856220288661691
kling_0038.mp4,fake,True,0.13319509949208064,0.40664307362719043,1.6513727903366089,0.012680940330028534,0.0823757834593584,1.5929987788894278,-7.596294199517798
kling_0039.mp4,fake,True,0.2828005201012821,1.0909670253401007,1.300685167312622,0.012317085638642311,0.26692922638579036,2.1465288962003535,-3.262012456241559
kling_0040.mp4,fake,True,0.2804600954585541,0.8409496853326052,0.9877519607543945,0.010915711522102356,0.13723559164016141,2.179835529779546,-5.691481302125656
kling_0041.mp4,fake,True,0.17916629385636784,0.6752092156991366,2.7619733810424805,0.012443295679986477,0.2682352573151684,1.3197771478945433,-2.166454228039251
kling_0042.mp4,fake,True,0.12486762171163308,0.3348242389557753,1.5023386478424072,0.014341258443892002,0.15913106987287634,1.34941371581743,-5.67532394142535
kling_0043.mp4,fake,True,0.18091436569448827,0.6023939272903269,1.3467671871185303,0.015289896167814732,0.0954282550783718,4.081325253949154,-3.0416427962121286
kling_0044.mp4,fake,True,0.19727037016368285,0.6208116192285615,2.209101438522339,0.013879228383302689,0.24072589753586882,1.6172925157506737,-5.307021679914428
kling_0045.mp4,fake,True,0.12352997951388607,0.40133964669875494,3.033853530883789,0.014577019959688187,0.11806321608397628,1.838636978955281,-1.8803131632245882
kling_0046.mp4,fake,True,0.16460156454508001,0.5721716122466823,2.02422833442688,0.018115410581231117,0.14814221107575873,1.6180932418672207,-3.794379869721125
kling_0047.mp4,fake,True,0.2683658401515244,0.8881240895972531,1.8365440368652344,0.011574742384254932,0.21001558215334026,2.2038493717241856,-4.243951624752703
kling_0048.mp4,fake,True,0.10886979018983697,0.3126146088270087,0.9371544122695923,0.014513429254293442,0.12259712708839453,1.0833921964356823,-6.823876313820244
kling_0049.mp4,fake,True,0.2502557204053142,0.6462292819920609,1.426981806755066,0.013023479841649532,0.11027378559771406,2.480140004226698,-6.421417675686386
kling_0050.mp4,fake,True,0.2106966255766915,0.7124232541915205,1.9373010396957397,0.01111750490963459,0.2963182968307306,1.0282329520253348,-8.082074455802733
kling_0051.mp4,fake,True,0.26002813472282554,0.9385202724132431,1.2358821630477905,0.01123396959155798,0.24043121405476545,2.060869843842986,-4.612163703348742
kling_0052.mp4,fake,True,0.15059847698197473,0.3678316103452857,1.0836936235427856,0.012209863401949406,0.07674047498901987,1.5916760458960784,-4.711161534290527
kling_0053.mp4,fake,True,0.153951225127855,0.5517880537988574,1.7184518575668335,0.019443955272436142,0.14713635056164534,2.0660200461826705,-3.0055107798898324
kling_0054.mp4,fake,True,0.19240307235517487,0.6049795992859277,0.8796526193618774,0.021214837208390236,0.12943955684167255,2.07293421609737,-0.4342743977047585
kling_0055.mp4,fake,True,0.17434383492256472,0.5645211189945111,1.6609623432159424,0.01849471777677536,0.12756511685474875,2.274884103057373,-3.1980663390763993
kling_0056.mp4,fake,True,0.16155206600403282,0.5867172131157716,1.2615773677825928,0.014193364419043064,0.17748549184885024,1.7789830132230564,-1.2704485386067867
kling_0057.mp4,fake,True,0.20878079522529355,0.6951051799171019,2.003793239593506,0.02076948992908001,0.09278434129899917,2.4044938832821607,-0.24876108116766044
kling_0058.mp4,fake,True,0.2534232505075214,0.8747264603050451,2.8067243099212646,0.017333297058939934,0.16264251309023242,2.662939331856394,-4.946825947017729
kling_0059.mp4,fake,True,0.22071529139004387,0.7198055600082782,1.6619375944137573,0.012194869108498096,0.10731306017640951,2.439255905999779,-3.2054418290330307
kling_0060.mp4,fake,True,0.24279278273062513,0.8524539859938911,2.277683973312378,0.019610930234193802,0.2702197476644509,1.4897328868160618,-2.0563398529757
kling_0061.mp4,fake,True,0.2400034510230157,0.727415460490282,2.6025774478912354,0.023138731718063354,0.07862707199052422,3.043988817364476,-8.89376294051497
kling_0062.mp4,fake,True,0.20692553054604076,0.7659185991424529,1.4993630647659302,0.013342010788619518,0.16341906948023352,2.23993858306994,-6.989377236334157
kling_0063.mp4,fake,True,0.15372852960724395,0.4014258589347868,1.0002778768539429,0.013794763945043087,0.14388836906761654,1.4668016131358395,-6.123262593801892
kling_0064.mp4,fake,True,0.23079116214413395,0.6516047182227391,1.4779531955718994,0.014536774717271328,0.13244763906806606,2.9466230360292616,-1.5921577806235045
kling_0065.mp4,fake,True,0.15080022232151083,0.7238154313347595,1.4770389795303345,0.019612185657024384,0.12237971815870441,2.332327657274294,-2.9213987411620095
kling_0066.mp4,fake,True,0.15976337117293718,0.48271628344527323,1.1673015356063843,0.013953404501080513,0.24045057683760349,1.239262974418798,-7.376005057605984
kling_0067.mp4,fake,True,0.29886450580282276,1.1621981703720359,1.105605125427246,0.014680670574307442,0.36389467588278973,1.9372543984578368,-0.3167953322158565
kling_0068.mp4,fake,True,0.34506556609137706,1.0755089526479173,1.3428157567977905,0.012899311259388924,0.200663721343273,2.3196673869186912,-7.662593998530983
kling_0069.mp4,fake,True,0.15179516488082823,0.46906939357474225,1.7233941555023193,0.01091238297522068,0.11959939416520891,1.7928783107717006,-4.401411856767096
kling_0070.mp4,fake,True,0.16057727041730965,0.5403622914660469,2.6229660511016846,0.019782358780503273,0.1402855581777553,1.6377014347837042,-5.711998010231883
kling_0071.mp4,fake,True,0.1602910998058623,0.5557068837104837,1.499422550201416,0.012164856307208538,0.14002670416184557,2.147892207753146,-2.7243599305336916
kling_0072.mp4,fake,True,0.3030225733404162,0.9416474642289919,2.050790548324585,0.015242994762957096,0.10144023945728768,3.325410468913542,-4.313233981699469
kling_0073.mp4,fake,True,0.2507128101170642,0.96811320700603,1.97712242603302,0.01302939373999834,0.20181917958200138,2.578563378387396,-1.3131192902401265
Seedance_0001.mp4,fake,True,0.14364611755374193,0.5865899426122672,1.489140510559082,0.015711165964603424,0.09129531148384212,2.2086642769443925,-6.241270447794697
Seedance_0002.mp4,fake,True,0.13338779215822924,0.407458291905879,2.3278064727783203,0.013814341276884079,0.06657636110746135,2.8640512113142416,-7.07648384186526
Seedance_0003.mp4,fake,True,0.09342951964506019,0.274240678356784,0.9889033436775208,0.02034793421626091,0.09389215410425712,1.7102169752685126,-4.720487843446714
Seedance_0004.mp4,fake,True,0.14144409449806497,0.39604774335343457,1.6241512298583984,0.019926363602280617,0.06689499318808136,3.0626280405812474,-4.810688240409066
Seedance_0005.mp4,fake,True,0.13136832683016667,0.33218907841337325,1.4833893775939941,0.024435244500637054,0.052233932443098645,2.2498968524522813,-7.441463174270822
Seedance_0006.mp4,fake,True,0.2450794206357238,0.6589839496280413,1.693197250366211,0.01724732294678688,0.09499034220429428,2.4807383311646656,-9.897198599433533
Seedance_0007.mp4,fake,True,0.134961224700517,0.500130559729621,2.0221707820892334,0.01857287809252739,0.054001386021825956,2.614351218004642,-1.0480759131742503
Seedance_0008.mp4,fake,True,0.14779897694785255,0.4483139165595764,1.5181101560592651,0.03063383139669895,0.04030701127960619,3.5608319584840435,-7.969940838659123
Seedance_0009.mp4,fake,True,0.17541578319431006,0.5601765524367673,1.6177725791931152,0.014307028613984585,0.10574532588664591,2.125255391437751,-7.539632033567273
Seedance_0010.mp4,fake,True,0.2625975219852737,0.9909146365524316,2.725090265274048,0.025605008006095886,0.0697727677527704,4.110654027911276,-2.2319747931719065
Seedance_0011.mp4,fake,True,0.15443564395975504,0.5906613095744944,1.6659423112869263,0.021919982507824898,0.14736865688517278,2.0739247702695973,-6.0754413428507075
Seedance_0012.mp4,fake,True,0.49268510514356145,1.2820163154947888,1.5811779499053955,0.01988114044070244,0.08810068116313752,2.6861730661483794,-6.355937159500808
Seedance_0013.mp4,fake,True,0.25534687764839725,0.9534419501477022,1.1165016889572144,0.023833658546209335,0.10387888264278897,2.640413505704841,-5.702170012825622
Seedance_0014.mp4,fake,True,0.2284447262988832,0.7571336314019809,2.13698148727417,0.03460032865405083,0.0772488112924448,3.2715216670311382,-1.7577106535950189
Seedance_0015.mp4,fake,True,nan,nan,0.9963074326515198,0.0040618060156702995,nan,nan,nan
Seedance_0016.mp4,fake,True,0.16868157791946342,0.4292386371299962,2.5688533782958984,0.017433147877454758,0.05208260933829741,2.599494745211389,-6.926783354449267
Seedance_0017.mp4,fake,True,0.27310657495736956,0.9554315050964116,1.4614189863204956,0.007915760390460491,0.22824740803487875,2.0691933723765317,-7.286860286669766
Seedance_0018.mp4,fake,True,0.2363860883508132,0.5754772665833432,1.2278316020965576,0.013682954013347626,0.09054539213449629,2.540410539362962,-6.747797282223841
Seedance_0019.mp4,fake,True,0.2743073301462485,0.8353727761384099,2.177661418914795,0.022714100778102875,0.09684000556394261,3.1386994380374733,-7.365669704413353
Seedance_0020.mp4,fake,True,0.1634057466531783,0.6689978917385698,2.0060958862304688,0.011427627876400948,0.18886235004387916,1.7133242551850276,-0.8439034852241074
Seedance_0021.mp4,fake,True,0.20536469152797898,0.6927946202957646,1.0630239248275757,0.014806905761361122,0.17387278161983125,1.7265438414643275,-5.297670891377793
Seedance_0022.mp4,fake,True,0.28329368945253314,0.8538344536504835,1.8179819583892822,0.016913237050175667,0.16462890408286987,2.5289129323154866,-7.252566213147337
Seedance_0023.mp4,fake,True,0.13594083392771458,0.4299110885541252,1.8609271049499512,0.02574906125664711,0.07513654212707367,2.245322323551695,-5.0589087528724175
Seedance_0024.mp4,fake,True,0.11720514414293946,0.3982331473183284,2.1089224815368652,0.013069975189864635,0.08855329718331678,1.5273168199292146,-2.2328958921933793
Seedance_0025.mp4,fake,True,0.23460085775911552,0.8324031161590562,1.6956583261489868,0.015951603651046753,0.14927064844103888,2.138471081357348,-1.1162705214871125
Seedance_0026.mp4,fake,True,0.2029065463440966,0.6991882547815509,1.503441333770752,0.014691651798784733,0.18633897596260482,1.6488698125726118,-3.9803106256340786
Seedance_0027.mp4,fake,True,0.27589460033184365,0.8049290814749237,2.8383209705352783,0.0121710654348135,0.13812264399439778,2.0577025860002576,-7.584994333107629
hf_20260810_113533_674f5bdc-9a68-4252-877b-376c901beb8f.mp4,fake,True,0.4278447500287161,1.1272060926581717,2.338099241256714,0.018050190061330795,0.19077699636913203,2.7962754457692047,-6.590529850228255
hf_20260810_113536_5300e85c-f6de-4b39-a178-6a63c6aa19d8.mp4,fake,True,0.3771888906797871,1.2554977369913416,2.148430585861206,0.015634387731552124,0.19828301620883032,3.326344178553547,-4.258202967348096
Veo_0001.mp4,fake,True,0.26816720438699804,0.812881357488024,1.132209300994873,0.017578033730387688,0.09277254187856612,4.481986776813665,-3.898451395999707
Veo_0002.mp4,fake,True,0.0872886626229735,0.3181433883889608,1.203975796699524,0.029845383018255234,0.0778237162980595,2.532401071342515,-2.7222267262795445
Veo_0003.mp4,fake,True,0.14457836888840914,0.38727203253744313,1.6742513179779053,0.029356226325035095,0.06957697210799195,2.492138748192812,-6.859840398314207
Veo_0004.mp4,fake,True,0.21310467944473635,0.8867388419655147,1.355320930480957,0.036384906619787216,0.11952172908594892,3.595276803554923,-4.51931843559176
Veo_0005.mp4,fake,True,0.12767702760765612,0.39766549704972187,1.1004621982574463,0.02569088339805603,0.07433649174800448,2.393827656075404,-7.1911927682839325
Veo_0006.mp4,fake,True,0.2220588640336109,0.7716808816284904,1.606742262840271,0.02072926238179207,0.08190081192654147,3.2338902068751425,-4.603733897424265
Veo_0007.mp4,fake,True,0.43392673569994833,1.544747925859559,1.9574568271636963,0.02079579047858715,0.18214144903341553,4.67101521609612,-3.6943026239475025
Veo_0008.mp4,fake,True,0.16526905993041077,0.7097679585982686,0.7895380258560181,0.03240445256233215,0.10647827471840261,4.184526881492958,-2.9966035690153965
Veo_0009.mp4,fake,True,0.12454643056088306,0.4007629610589033,1.4396133422851562,0.03422775864601135,0.059756528251426286,2.102462401828698,-4.0467934118951785
Veo_0010.mp4,fake,True,0.2399730996580718,1.0761009377197617,0.9227699041366577,0.025183841586112976,0.23466574838820145,2.4955944870891873,-3.0817654225716824
Veo_0011.mp4,fake,True,0.4316797229890854,1.2746008005637932,1.589168667793274,0.034637756645679474,0.07377862513610643,6.214430640600956,-7.693649807281684
Veo_0012.mp4,fake,True,0.34618430636046565,1.3972628413750172,1.8275789022445679,0.01856616884469986,0.1814645281776125,3.194041004514357,-1.1591180509451917
Veo_0013.mp4,fake,True,0.19070449843933596,0.6746955466003108,1.8714793920516968,0.020620305091142654,0.10030359458819045,2.7065260148797377,-4.537841469016708
Veo_0014.mp4,fake,True,0.7079365674228235,2.538430610721604,1.9770317077636719,0.01886066049337387,0.3721515588404439,3.224689419273376,-3.386671028322121
Veo_0015.mp4,fake,True,0.18527588702211392,0.6998455115582277,1.1560683250427246,0.0229132492095232,0.06042694774382647,3.2746170020271324,-3.533269114185335
Veo_0016.mp4,fake,True,0.2011057178935809,0.7389302542420187,2.191537857055664,0.03201744332909584,0.05874569453276304,2.9083903055220466,-6.147105403030918
Veo_0017.mp4,fake,True,0.4502673358689522,1.940317208507023,3.3905012607574463,0.015822356566786766,0.24706224306956728,3.7726613815511243,-5.851552499997376
Veo_0018.mp4,fake,True,0.34606948042023206,1.2705263852289816,3.211129903793335,0.02522292360663414,0.21035537740203317,3.106176076029281,-6.017902025986396
Veo_0019.mp4,fake,True,0.1546299409938756,0.4423608256475682,1.7145389318466187,0.03694320097565651,0.05594172202392533,2.7437584347722543,-7.849876265234705
Veo_0020.mp4,fake,True,0.49377145757485663,2.6263609286164575,2.2430553436279297,0.035345666110515594,0.30426323097252944,3.5491052024676506,-2.262377048123075
Veo_0021.mp4,fake,True,0.4212095293923124,1.8982962702035162,2.469376802444458,0.02634594403207302,0.2626654458445619,4.507881066346238,-4.3650196829797085
Veo_0022.mp4,fake,True,0.21606978053850653,0.7279772401134168,1.613110899925232,0.027738600969314575,0.07561547544122449,3.4094289828087225,-4.472313747935004
Veo_0023.mp4,fake,True,0.3770476949352393,1.4198020773480906,3.458096504211426,0.02176024205982685,0.18111827590503016,4.765828019462667,-3.23085537550392
Veo_0024.mp4,fake,True,0.37785912697519985,1.380636020184603,1.2338309288024902,0.015121927484869957,0.2223796718863518,3.8814749014529903,-5.209577908132942
Veo_0025.mp4,fake,True,0.21550691053950188,0.8230694288826703,1.7532485723495483,0.036151815205812454,0.09246995825823878,3.2592848437360518,-6.013424452555798
Veo_0026.mp4,fake,True,0.18481178352144886,0.5468126257389005,1.6660093069076538,0.028249064460396767,0.03492713731447098,3.1623310858329683,-1.6952783370260183
Veo_0027.mp4,fake,True,0.353230896387471,1.291855148097797,1.9570121765136719,0.017201649025082588,0.3297282252831322,2.234754985363142,-6.3489133764502625
Veo_0028.mp4,fake,True,0.2667458300574589,0.8810956018429611,1.3372303247451782,0.025949599221348763,0.10740849234485586,3.230823741792457,-5.433586103448268
Veo_0029.mp4,fake,True,0.5888485373362091,2.127064332022498,2.3244972229003906,0.026426658034324646,0.19394375879929313,3.3018747643378235,-2.507125845907296
Veo_0030.mp4,fake,True,0.48473796396232105,1.4585473261294537,2.3526816368103027,0.0251694917678833,0.1786755914535184,3.9743986251853203,-5.336433761035041
Veo_0031.mp4,fake,True,0.2126458475950145,0.7075330743235954,1.4283506870269775,0.02133713848888874,0.10045820404808567,2.66907453747004,-5.950882907798869
Veo_0032.mp4,fake,True,0.2376031273247156,1.0483052939197484,1.1775116920471191,0.03254019469022751,0.13939278790055776,4.367542472189795,-2.1653132779316793
Veo_0033.mp4,fake,True,0.4768020878954496,1.5602067457737168,2.0641801357269287,0.02155737578868866,0.16306652642282363,3.816125163945557,-4.562611681788862
Veo_0034.mp4,fake,True,0.15182702238603182,0.4834363852827348,1.4560953378677368,0.03159352391958237,0.05164079610494754,2.4513251084634713,-8.160917418459771
Veo_0035.mp4,fake,True,0.21927004730801417,0.7613112853779834,2.1391143798828125,0.017790324985980988,0.06186205083817056,3.3552230029899213,-7.7678564131532815
Veo_0036.mp4,fake,True,0.1903483955440478,0.6350603489010186,2.596705913543701,0.031975191086530685,0.06841422771176164,2.9111825926025396,-7.2771743120791355
Veo_0037.mp4,fake,True,0.41638289288440683,1.4110915412372196,1.7174274921417236,0.031799010932445526,0.2112561241831546,3.3661763936322684,-8.532805835444172
Veo_0038.mp4,fake,True,1.0371214865960863,2.925489340222405,2.0980703830718994,0.020010273903608322,0.1841920294070492,4.174522672904826,-6.181617789706059
Veo_0039.mp4,fake,True,0.5001154005874205,1.9529387048643314,2.613990306854248,0.026272522285580635,0.21374944495716164,4.392774875312329,-4.853306925875492
Veo_0040.mp4,fake,True,0.5178855783767569,1.8048921452698479,2.749709367752075,0.019725482910871506,0.20983851905217146,4.378240250781826,-7.428634437101229
Veo_0041.mp4,fake,True,0.42438098919599254,1.6299181345757454,1.9998975992202759,0.022711586207151413,0.21197453729537952,3.807752554859956,-4.184718463878695
Veo_0042.mp4,fake,True,2.569006961246453,8.840624032601482,2.9771006107330322,0.020703885704278946,0.3649370753033127,6.578546413136593,-1.4081618997291503
Veo_0043.mp4,fake,True,0.23627158606390353,0.748893085786309,nan,0.027906306087970734,0.05954510016031822,4.4922219543369595,-4.003405420016801
Veo_0044.mp4,fake,True,0.25368305890431636,1.0204469185733067,2.1614599227905273,0.031509820371866226,0.15184299394992656,4.815393577559847,-5.089833187779216
Veo_0045.mp4,fake,True,0.21410403853519086,0.645008346316555,2.271202564239502,0.02976101078093052,0.09164588657927811,2.792888718055595,-5.854395246274306
Veo_0046.mp4,fake,True,0.3410631433215535,0.9321081314824067,1.3475172519683838,0.015337069518864155,0.14630882537960574,4.090762309454966,-6.39749364830201
Veo_0047.mp4,fake,True,0.2249336711251859,0.7926797177663631,1.3703691959381104,0.015255419537425041,0.057914929007518934,3.486167857329644,-4.395112536639198
sora_0001.mp4,fake,True,0.6102679097279636,1.7763705264978953,2.463932991027832,0.011553940363228321,0.18247193140536003,3.5590487227944996,-6.135350578957507
sora_0002.mp4,fake,True,nan,nan,3.5391972064971924,0.008029533550143242,nan,nan,nan
sora_0003.mp4,fake,True,0.15548471580161782,0.5206433733109258,2.1322407722473145,0.007908065803349018,0.06425158950527893,2.0485356124416643,-8.718341973277653
sora_0004.mp4,fake,True,0.7256343922891596,4.226069119027866,2.417891502380371,0.014856860041618347,0.4252076735828419,5.608072122221809,1.575661185950262
sora_0005.mp4,fake,True,0.4902589264003117,1.6728318647348142,2.540588617324829,0.02548765204846859,0.10779068915805835,10.560905206032038,-3.3447898456580516
sora_0006.mp4,fake,True,0.5080221483671461,2.207922540848208,1.970278263092041,0.03228822350502014,0.1646677956988423,8.78316625035419,-4.61469974447495
sora_0007.mp4,fake,True,0.06181469763828717,0.2206994234434905,1.7256146669387817,0.03227844461798668,0.051000591858801375,1.243045880664919,-7.970671492531348
sora_0008.mp4,fake,True,0.1421010551962163,0.6174649901279663,1.6476589441299438,0.011362902820110321,0.11761029962450704,2.3379565186246785,-4.367126103116437
sora_0009.mp4,fake,True,0.2076980640635016,0.8068150175376549,1.147394061088562,0.015123392455279827,0.15333693426967632,3.2743082380807373,-4.051299158834329
sora_0010.mp4,fake,True,0.08955915073815783,0.35927624603240993,1.769881248474121,0.02252035401761532,0.1245550855814065,1.0007143054640935,-2.1398728677152707
sora_0011.mp4,fake,True,0.05724877254110029,0.20888964794022102,1.5473597049713135,0.015936003997921944,0.06698650745743259,0.8391863208432417,-6.504958656956519
sora_0012.mp4,fake,True,0.12175519139255482,0.572086084260685,1.720825433731079,0.013939488679170609,0.11998221437047452,2.187622309665381,-2.9141769161163316
sora_0013.mp4,fake,True,0.5150975959460223,2.724831698750928,1.5612462759017944,0.0156788919121027,0.1953861325816729,4.001266135646434,-3.6448024272126425
sora_0014.mp4,fake,True,0.11023043525873344,0.49477317522920894,2.169616460800171,0.014813991263508797,0.1016442114908813,1.8108725461745445,-2.5308562394756318
sora_0015.mp4,fake,True,0.12388075035694548,0.37310937827451324,1.7256029844284058,0.01667311042547226,0.12043208511084026,1.5331072443009877,-2.479870516150023
sora_0016.mp4,fake,True,0.17988203522736237,1.2540593606804762,2.5339741706848145,0.024698885157704353,0.26856593840460063,2.3583773004104662,4.455952531600394
sora_0017.mp4,fake,True,0.3040111403062715,1.2203698688532878,2.073723316192627,0.033782292157411575,0.12188739079836193,2.842845911880553,-2.6877406600991764
sora_0018.mp4,fake,True,0.24910409239274517,1.4176758199635415,2.818702459335327,0.02079271525144577,0.16384715922836593,2.478565262150652,-0.6937672742209433
sora_0019.mp4,fake,True,0.1851843996732307,1.1316485147978719,3.404493570327759,0.021162478253245354,0.07710763407409478,2.9896480815104063,-1.3485772002332888
sora_0020.mp4,fake,True,0.08943180267029491,0.4663546108339053,0.8560499548912048,0.019341032952070236,0.15810489926271196,1.1132369721118338,-1.8330494993560997
sora_0021.mp4,fake,True,0.1834898818473719,0.6941006652281478,1.9835058450698853,0.02271326258778572,0.09996266385597816,2.629281644977877,-4.1288955624699355
sora_0022.mp4,fake,True,0.04836823948455223,0.23875320760918883,1.381274938583374,0.016187185421586037,0.11761683027532392,0.8192848520792215,-0.8213488975722226
sora_0023.mp4,fake,True,0.1513204654606583,0.6929635593742925,2.056368350982666,0.019945213571190834,0.16037211201109305,2.6958297241615377,-3.583099929687385
sora_0024.mp4,fake,True,0.32018864152322374,1.1257217057462399,2.0193421840667725,0.01683144085109234,0.1953423899156318,2.7248050306763725,-1.4665635214494714
sora_0025.mp4,fake,True,0.1491435553073813,1.3169760944107203,2.064711570739746,0.014195425435900688,0.34740647772505207,1.820757009816785,3.2596065902698355
sora_0026.mp4,fake,True,0.23643306547772744,1.3123565244681863,1.6072556972503662,0.016519412398338318,0.23380361458919532,3.6596017135598293,-0.7286785450131656
sora_0027.mp4,fake,True,0.3075916826825161,0.7989109306527108,3.137376546859741,0.02407384105026722,0.005220292914398514,6.6727093265741475,-4.671627991995814
sora_0028.mp4,fake,True,0.2775012449831087,1.5458330180266406,1.8973901271820068,0.02086356282234192,0.29056219382955994,2.6879758741367854,2.20037153275478
sora_0029.mp4,fake,True,0.5767848856718097,2.641033461545333,2.9106805324554443,0.022191785275936127,0.12173594416049151,5.423940351560296,-5.569254094426437
sora_0030.mp4,fake,True,nan,nan,4.948675155639648,0.01065593771636486,nan,nan,nan
sora_0031.mp4,fake,True,nan,nan,2.8180222511291504,0.01595383882522583,nan,nan,nan
sora_0032.mp4,fake,True,nan,nan,nan,0.012333187274634838,nan,nan,nan
sora_0033.mp4,fake,True,0.8407080792235254,4.581219932885791,3.749988079071045,0.01265542022883892,0.6271507402725124,3.835218578779406,-0.4778095225020099
sora_0034.mp4,fake,True,0.4432861480582781,1.7589139028692404,2.3601930141448975,0.018314195796847343,0.08568643997929191,4.359820513975766,-0.9096545133077499
sora_0035.mp4,fake,True,0.576510153730277,2.4120450010403633,2.951164722442627,0.01770501397550106,0.19068681910610863,5.191713957299204,-4.782052379931165
sora_0036.mp4,fake,True,0.11359277167702678,0.6866153942899832,1.089365839958191,0.010666313581168652,0.3507877484025443,1.0749145940098483,-3.3116284735924455
sora_0037.mp4,fake,True,nan,nan,1.6676446199417114,0.013283176347613335,nan,nan,nan
sora_0038.mp4,fake,True,nan,nan,3.0392279624938965,0.009988900274038315,nan,nan,nan
sora_0039.mp4,fake,True,0.06886854980489446,0.19827684144476138,1.8084323406219482,0.01060789916664362,0.05470540260586462,0.7468081633694137,-7.068960912711589
sora_0040.mp4,fake,True,nan,nan,1.7638349533081055,0.010139910504221916,nan,nan,nan
sora_0041.mp4,fake,True,0.26980837594241747,1.0883611235566308,3.3070034980773926,0.015950988978147507,0.11730309270583028,3.569973205470047,-4.513867758652382
sora_0042.mp4,fake,True,0.5032990755946486,2.6068344627891533,1.482592225074768,0.015818793326616287,0.6689928239877511,2.6755400609918945,-6.524716166924192
sora_0043.mp4,fake,True,nan,nan,2.1055991649627686,0.013627958483994007,nan,nan,nan
sora_0044.mp4,fake,True,0.6117134206188416,2.9918664040079244,3.195293426513672,0.015917116776108742,0.22298056610490274,5.666941551372591,0.35242061511428424
sora_0045.mp4,fake,True,nan,nan,2.6082427501678467,0.014612182974815369,nan,nan,nan
sora_0046.mp4,fake,True,0.26497443524689573,1.443541160407261,3.1879100799560547,0.018216632306575775,0.2192701728220669,2.602441496701574,-5.159536910951904
sora_0047.mp4,fake,True,0.31233449606026664,1.5461893149721524,2.1497154235839844,0.019926486536860466,0.1330609366140467,4.632972426293821,1.2255679952993546
sora_0048.mp4,fake,True,0.3634454738808478,2.0012297535444277,1.5561646223068237,0.018262647092342377,0.4103160436346026,2.501640613673239,-0.7550886471123606
sora_0049.mp4,fake,True,0.119976456992811,0.46058892308824195,1.7264492511749268,0.016993582248687744,0.1146132188086873,1.5482183287406344,-3.9692893135198464
sora_0050.mp4,fake,True,0.6906104111797212,3.8815884449642124,2.920050859451294,0.02152338996529579,0.38587192374650425,5.783374675853573,0.9002860615911261
sora_0051.mp4,fake,True,0.5249786253344807,2.0876119680139844,1.2444006204605103,0.019483141601085663,0.2633258660677621,4.417028876062229,-1.5240379895596654
sora_0052.mp4,fake,True,0.11029142819069465,0.5320299751313409,1.9491156339645386,0.011367665603756905,0.09713132919034859,1.949613676049214,-0.5793512433603725
sora_0053.mp4,fake,True,0.34853454599610456,2.112881151058637,1.8143233060836792,0.011844457127153873,0.39164220065973854,2.842826315798093,-0.46297368676233736
sora_0054.mp4,fake,True,0.26228930800590916,1.0566842366014917,2.598099946975708,0.025811603292822838,0.08754998339304573,4.377661608151069,-4.858571596085378
0000_fake.mp4,fake,True,0.03833359111054294,0.16977109254264994,1.0377607345581055,0.019113818183541298,0.09647632715276808,0.6172294591840196,-5.940130125896367
0001_fake.mp4,fake,True,0.09175701383060203,0.3549718966005711,1.2700382471084595,0.009249798022210598,0.0846432484074247,1.471177977427133,-5.791423410341862
0002_fake.mp4,fake,True,0.08093372318122405,0.29156802281577976,1.3093799352645874,0.011159826070070267,0.09701619637943479,1.0419034423454527,-5.672923608561478
0003_fake.mp4,fake,True,0.17010674655602542,0.6143479888155948,1.3040955066680908,0.00949728861451149,0.18555219972019682,1.8107717789206277,-4.920751015972104
0004_fake.mp4,fake,True,0.21543088296751556,0.8638081644581448,2.41581130027771,0.007947620935738087,0.06636732000616619,3.1352091508984126,-2.58639674009635
0005_fake.mp4,fake,True,0.1376770671471567,0.8984454893292927,3.241182327270508,0.018177544698119164,0.6273241028325329,0.7931923561908876,-1.3937032330352865
0006_fake.mp4,fake,True,0.19430319534302953,0.7953510793780658,1.6698887348175049,0.01127356942743063,0.28546241890946616,1.1832430418832123,0.20692228597268145
0007_fake.mp4,fake,True,0.2545884135450032,0.9486423522812495,3.335468292236328,0.008721084333956242,0.25279736737388214,1.6174275755312901,-5.1871771425477
0008_fake.mp4,fake,True,0.12006990776204156,0.5378526244456179,1.022818922996521,0.01580050215125084,0.20807640831801266,1.0606777825489604,-3.325194801782365
0009_fake.mp4,fake,True,0.10277486660623439,0.4363257611231763,2.334332227706909,0.010737821459770203,0.19258523309682407,1.1199411656672913,-6.856369283004557
0010_fake.mp4,fake,True,0.03780036330397528,0.12465119926121492,2.68544602394104,0.01205130759626627,0.06764265776827469,0.3528025603850069,-5.805157934776658
0011_fake.mp4,fake,True,0.07625265700555525,0.2931603297942174,1.3102740049362183,0.023437388241291046,0.061501149566175875,1.3210229882932405,-4.341090460180472
0012_fake.mp4,fake,True,0.11692252459341108,0.4070626352957574,2.4008467197418213,0.01640024222433567,0.059773864033159846,1.5376966886480952,-5.726521041131941
0013_fake.mp4,fake,True,0.3608101198635325,1.6979419074850162,2.2023377418518066,0.014513913542032242,0.3679004421067272,2.7411467292310405,2.6984840931862193
0014_fake.mp4,fake,True,0.11078401622694316,0.49662408039562056,1.975037932395935,0.0064731165766716,0.0906948302371434,1.6320317484319595,-3.812602694581903
0015_fake.mp4,fake,True,0.0923722854593689,0.30689412598910004,2.0161845684051514,0.0065404195338487625,0.057704193951364766,1.260326037332537,-7.124671916001699
0016_fake.mp4,fake,True,0.17331094233846614,0.7643122661633823,1.7626478672027588,0.013901788741350174,0.13950101887133345,1.9010267467701356,0.12447751410334484
0017_fake.mp4,fake,True,0.08117176402653503,0.34111159479300746,3.2484190464019775,0.017548099160194397,0.08516746024203646,1.2450449260118128,-1.607714106807039
0018_fake.mp4,fake,True,0.08477526190415437,0.30651332280873145,2.2007155418395996,0.008474011905491352,0.09256787808555098,1.1340195240607636,-6.806047234566782
0019_fake.mp4,fake,True,0.20228237052868023,0.9926839530753159,1.793900728225708,0.013873613439500332,0.34295112160211433,1.056485481896634,-2.4615461934777763
0020_fake.mp4,fake,True,0.05668798408134733,0.23108446179945932,0.5285283923149109,0.02118857577443123,0.12124659048581411,0.7458727731606146,-3.1964493322050433
0021_fake.mp4,fake,True,0.07739958715100854,0.3560885521436979,1.0899243354797363,0.024913065135478973,0.12467098076661846,1.0911646774743755,-0.3169199803185423
0022_fake.mp4,fake,True,0.09134874743956642,0.3780403940633074,1.333972692489624,0.025698501616716385,0.19628188135003638,1.1364639147575697,-2.944872843373603
0023_fake.mp4,fake,True,0.1896882887437406,0.9644882913446204,2.3869762420654297,0.016971996054053307,0.3973073648349462,1.3313228341885623,-2.1793669644990943
0024_fake.mp4,fake,True,0.23707933804261028,1.0837274945792303,1.5860626697540283,0.01354247983545065,0.2967133135376346,2.0978184960402455,-4.039344547005369
0025_fake.mp4,fake,True,0.12031401192424077,0.5229591693060326,1.1729880571365356,0.008398901671171188,0.21306850809433647,0.9695484034890252,-6.27142413211827
0026_fake.mp4,fake,True,0.05458835082301914,0.20207429390757095,1.2576212882995605,0.006598580162972212,0.07847732327846187,0.8909635491791127,-8.064091812719775
0027_fake.mp4,fake,True,0.14373793821416478,0.4544366470473799,2.1012895107269287,0.014165913686156273,0.11977868740899271,1.3573064902360834,-7.12294333954555
0028_fake.mp4,fake,True,0.18554451364545205,0.5443941595115589,1.4778064489364624,0.013022711500525475,0.05148648811851627,1.7793393214884323,-4.807506621899519
0029_fake.mp4,fake,True,0.3120089406815943,1.4265834344638686,1.4697458744049072,0.008898711763322353,0.3466998677108169,1.9872351441377094,0.46311025569202
0030_fake.mp4,fake,True,0.04952528289294053,0.20832877757060533,0.8182486295700073,0.01307342853397131,0.09830947363582794,0.8302016812262468,-7.975768166824587
0031_fake.mp4,fake,True,0.12417512556988726,0.5656411460126678,2.43245792388916,0.012163767591118813,0.1589596427308331,1.5815947069444074,-1.5628167733371416
0032_fake.mp4,fake,True,0.2354332536194225,0.8629755465486963,4.172946929931641,0.011571191251277924,0.1895237970589232,2.0390957357380155,-4.654731147250114
0033_fake.mp4,fake,True,nan,nan,2.7592058181762695,0.01649726927280426,nan,nan,nan
0034_fake.mp4,fake,True,0.19354939439862806,0.8347844380615528,2.440284490585327,0.015249419026076794,0.1734468276994215,1.7530757713322387,-2.8326046428245073
0035_fake.mp4,fake,True,0.06340586946450434,0.22252031297029357,1.5978810787200928,0.00795011967420578,0.12545498235459202,0.5435980288317275,-4.41468067959475
0036_fake.mp4,fake,True,0.3166176358957479,0.7415507011385746,2.4932303428649902,0.006077873520553112,0.12349726335408592,1.4470210330937414,-6.357873542334437
0037_fake.mp4,fake,True,0.10852022922263865,0.4478734745033214,1.1519354581832886,0.014191471971571445,0.1493284348868031,1.3605817149480488,-1.4457161497817503
0038_fake.mp4,fake,True,0.4077175762783895,1.3483764658327415,1.9236618280410767,0.012028233148157597,0.2867384468581109,2.105086608192828,-6.5968565734793705
0039_fake.mp4,fake,True,0.2810417924741088,1.6915775284576438,1.172594666481018,0.014284184202551842,0.38646871720622716,2.1777765978615258,1.6378566299197896
0040_fake.mp4,fake,True,0.24029462425241593,0.9989531794525195,1.6732479333877563,0.010669508948922157,0.3258704446313798,1.4809124853189635,-5.196872270473537
0041_fake.mp4,fake,True,0.13886124135833375,0.5775943381741678,2.3560478687286377,0.011683941818773746,0.22430434198256646,1.1017922038102472,-5.240237583704868
0042_fake.mp4,fake,True,0.9612340170993958,2.826529713856713,2.212327480316162,0.008689973503351212,0.5201507033518321,2.850772705043654,-6.18677197474959
0043_fake.mp4,fake,True,0.22864195383294122,0.9423921563040212,1.9692082405090332,0.004725942853838205,0.3851638654686695,0.9159124376231119,-4.417418564933032
0044_fake.mp4,fake,True,0.1336891259219392,0.5244864396751312,2.1500489711761475,0.008020669221878052,0.19789212744488308,1.0606240940912282,-5.960994640506822
0045_fake.mp4,fake,True,0.2430945950685323,1.1514941454538399,3.0621285438537598,0.01176601741462946,0.4005400946959634,1.3377062755377656,0.49112072488946656
0046_fake.mp4,fake,True,0.12094652132689236,0.4888500641681156,2.85921311378479,0.007732948288321495,0.19233293674669685,1.1413173297515413,-4.512271584414517
0047_fake.mp4,fake,True,0.0756081826088201,0.24741924382237437,1.568382978439331,0.010527921840548515,0.09616897895235348,1.2420179165553251,-5.459762034488339
0048_fake.mp4,fake,True,0.12409168287307587,0.520719608945709,1.8961042165756226,0.012065432965755463,0.2111414788268887,1.2285291596496737,-3.6235209262199657
0000.mp4,real,True,0.028728083903278818,0.10226139731328068,1.3464361429214478,0.021772248670458794,0.05356146190134594,0.6323494877213218,-6.256413887073253
0001.mp4,real,True,0.0884294750088951,0.3740440514770885,0.9309809803962708,0.009426652453839779,0.08352720338755693,1.4071974710632784,-2.595837144143931
0002.mp4,real,True,0.05214637220227625,0.23191929410826292,1.289811372756958,0.01278653834015131,0.07649269568344415,0.9338959082318761,-3.80030835321834
0003.mp4,real,True,0.12315267288427881,0.542931338504359,1.477016806602478,0.010048892349004745,0.13076740315794297,1.8360526505919248,-4.172112935292711
0004.mp4,real,True,0.20618684405475665,0.8755660930586463,3.0632309913635254,0.009309135377407074,0.07568852460955061,2.9152623800473636,0.42285882706853906
0005.mp4,real,True,0.17658281084030047,1.2234765127286118,4.650359153747559,0.01868414506316185,0.6821605666264294,1.2706801370946865,-0.15271892818691912
0006.mp4,real,True,0.15685101623951,0.6097394673305819,1.540871024131775,0.01087148953229189,0.27549175345445465,1.128975987832099,-1.7396077726954329
0007.mp4,real,True,0.2036253032245716,0.8100986851865208,2.0457329750061035,0.008266662247478962,0.18374407916141933,1.7135128392584602,-4.416355214866003
0008.mp4,real,True,0.08086831250060493,0.3989139996781574,1.9213258028030396,0.017121026292443275,0.13913624469608454,1.255584337825708,-2.224846171485931
0009.mp4,real,True,0.1060965526419788,0.45948782529773874,1.7384663820266724,0.010899714194238186,0.19291235286870287,1.173882947935283,-6.023868568262335
0010.mp4,real,True,0.02665144995603766,0.08565801923687436,2.745969772338867,0.01174670085310936,0.052204669076474364,0.2691708008262728,-7.537131269893267
0011.mp4,real,True,0.08292542235319916,0.3210498683697835,1.532928466796875,0.0231938436627388,0.05971447280672404,1.316356714454473,-2.825091675942425
0012.mp4,real,True,0.09671859873628769,0.4439165263162852,2.4852383136749268,0.016200225800275803,0.12866367487311986,1.3552793461315893,-4.993923889680279
0013.mp4,real,True,0.30963985389358584,1.4329288005132614,1.961419939994812,0.016334423795342445,0.2858588675266571,2.931979084134756,3.852125414375729
0014.mp4,real,True,0.1105900150240863,0.5795950937601053,1.9722191095352173,0.007722595706582069,0.1164097134792514,1.556164649626756,-0.043975595022923565
0015.mp4,real,True,0.07837762721619461,0.2685159690893236,2.0479283332824707,0.007318955846130848,0.04865413595613742,1.2814180196564235,-7.144797931407773
0016.mp4,real,True,0.14238042709254878,0.7337588755524034,1.5074937343597412,0.015905674546957016,0.17926121243781273,1.8411398034737354,-2.222152163838793
0017.mp4,real,True,0.0925276749046871,0.25366772674308385,2.6691410541534424,0.02328934147953987,0.022148595567614563,1.5142527910784005,-3.149398245009243
0018.mp4,real,True,0.08488574926796066,0.2740930155458297,1.9296680688858032,0.008533182553946972,0.04104492965816374,1.1478709277177521,-4.585738110442163
0019.mp4,real,True,0.21153169711323133,1.014906688769278,2.560023546218872,0.012756342999637127,0.334807368527566,1.1929860257431033,-1.6755701994338947
0020.mp4,real,True,0.05597952392925738,0.2053246796059604,0.7460433840751648,0.0232638381421566,0.08939761429743963,0.9206446242896404,-0.07427892239809142
0021.mp4,real,True,0.07261010929509683,0.24279333813314163,1.917203426361084,0.02611462026834488,0.0644720451206668,1.0372108134651477,-6.222812053345673
0022.mp4,real,True,0.07388830802434478,0.2758826801986962,1.2539737224578857,0.026989711448550224,0.14281842061149722,1.1699038282033047,-4.264352642651063
0023.mp4,real,True,0.19803515322251564,1.0105597067680836,2.402524471282959,0.019329002127051353,0.3930392540674215,1.3473969106337536,-2.742858419690073
0024.mp4,real,True,0.21357839209583795,1.0770851770149383,1.2862255573272705,0.016519874334335327,0.2983475157169363,2.240056066426349,-4.304675547783974
0025.mp4,real,True,0.08172192826489143,0.3224779233901043,1.211560606956482,0.008534777909517288,0.10252305267618601,0.9459805199641053,-4.94866904210526
0026.mp4,real,True,0.055416839158041936,0.1844744872169542,1.9744855165481567,0.007421479560434818,0.07019196236224713,0.8645804287739844,-8.398027657502059
0027.mp4,real,True,0.1431256555999939,0.6233493908553761,2.335045099258423,0.014296742156147957,0.14302877914739934,1.3531074943088646,-1.1277027160710498
0028.mp4,real,True,0.15191007583728974,0.4718376192103888,1.949021577835083,0.01336412038654089,0.04870699577941986,1.767132253656334,-5.170990777836304
0029.mp4,real,True,0.33049541451275466,1.5750532063507154,1.299668312072754,0.009071952663362026,0.30954098807071107,2.256482191026449,1.1798619028421344
0030.mp4,real,True,0.04430128275375903,0.1462721014266415,0.8065105676651001,0.01421329565346241,0.07387015318116104,0.741920440946911,-7.718149402053181
0031.mp4,real,True,0.10628965534252431,0.3829328435886995,2.2595772743225098,0.012686243280768394,0.059673403366724734,1.6409897075332354,-6.825049367984998
0032.mp4,real,True,0.26808629434147635,0.8940105848358234,4.2386932373046875,0.01180701982229948,0.13256887451914023,2.272591942212376,-5.236724104794038
0033.mp4,real,True,nan,nan,1.8258410692214966,0.01712399162352085,nan,nan,nan
0034.mp4,real,True,0.15873539243879523,0.9346773309824219,2.3624141216278076,0.0151594839990139,0.28341466559807166,1.599132491220171,-1.860734032223144
0035.mp4,real,True,0.05172197318020354,0.19456065582055113,1.9850064516067505,0.008115719072520733,0.16243455993785771,0.44721752862776615,-5.066710562102962
0036.mp4,real,True,0.28287060627906513,0.6721957832464897,2.2932732105255127,0.005476353690028191,0.10537261198262579,1.3291898900721946,-5.276106376928357
0037.mp4,real,True,0.08513117959136668,0.3185371684137714,1.3222612142562866,0.014237717725336552,0.07240571124108647,1.4684535556445322,-3.0930494632203063
0038.mp4,real,True,0.3555777016337217,1.2453599544885414,2.310467004776001,0.011807501316070557,0.23886014336280806,2.1416413879779177,-6.92924644048027
0039.mp4,real,True,0.23118847397978817,1.6525431443999843,1.7744758129119873,0.014838619157671928,0.42203026763527085,1.9300968427177942,3.1622672759364834
0040.mp4,real,True,0.1526798949370133,0.726244357647902,2.5439510345458984,0.010656395927071571,0.26318545445367925,1.5610892860945726,-2.415383522359324
0041.mp4,real,True,0.13646994291067038,0.5417267626627275,3.136363983154297,0.012740261852741241,0.18358650116931,1.129876776053383,-3.107753147982681
0042.mp4,real,True,0.9463808358308674,2.775551441460105,1.474625587463379,0.0085305105894804,0.45867909476342444,3.248326364069139,-7.057931440353416
0043.mp4,real,True,0.17292779431537192,0.8436950537605512,2.3333988189697266,0.004148981533944607,0.42235394277210186,0.901250393839272,-4.086407694875347
0044.mp4,real,True,0.11498825273541821,0.478731913906342,2.5910511016845703,0.008602314628660679,0.17189727748188977,1.1182596049731155,-3.7634442656364704
0045.mp4,real,True,0.22528422582406887,1.0267959320092643,3.088886260986328,0.012821188196539879,0.32661345751764387,1.375169159974288,0.24657169970610288
0046.mp4,real,True,0.11216694418062222,0.4916043250263028,2.4299402236938477,0.008530030958354473,0.17598191950471231,1.1658992295701385,-6.07452032966516
0047.mp4,real,True,0.05431265973240871,0.18702123322255604,1.275749921798706,0.011093324981629848,0.06668277212433184,1.1931770218763231,-4.947408919391123
0048.mp4,real,True,0.1332181708747055,0.5767322504960646,2.9512197971343994,0.013106925413012505,0.235593160201725,1.230628973567545,-2.472274599092067
