video_name,label,success,absdiff_std,boundary_score_max,boundary_score_mean,boundary_score_std,bvp_std,d3_temporal_score,highfreq_score,identity_sim_mean,identity_sim_min,identity_sim_std,patch_corr_mean,patch_signal_std_mean,pseudo_snr_db
0000_fake.mp4,fake,True,0.025487933362837455,8.198717489242554,4.687875481362212,1.16278548183445,0.09858617449442086,0.8245664238929749,0.030066275969147682,0.9440804182135901,0.8749828737789241,0.016804432042620193,0.21757187481727785,0.21919760143793593,-5.8007224281507765
0001_fake.mp4,fake,True,0.03428944577292635,13.934905035495758,11.701902125527461,1.0250721958025946,0.11405771487235243,1.5276484489440918,0.011509688571095467,0.9267081167300608,0.8318760350842592,0.02476967495992002,0.09945628029486932,0.36860505538983035,-5.920412253628793
0002_fake.mp4,fake,True,0.022012561718978068,16.656212749481202,11.781231386583359,1.7925640259822881,0.0818745514352973,1.1539380550384521,0.013797882944345474,0.9215350607084914,0.7813423450377955,0.0336004316331147,0.12693610874198438,0.23399645972773883,-8.174243676003604
0003_fake.mp4,fake,True,nan,13.993703606128694,8.957207314935891,1.9357962933112856,nan,0.9855270981788635,0.016146332025527954,0.912877239738655,0.7935693804048857,0.03584558264292173,nan,nan,nan
0004_fake.mp4,fake,True,nan,9.793092184066772,4.320091980757385,2.0845316231952684,nan,2.6453425884246826,0.014862904325127602,0.8677662611878519,0.6443702418186655,0.08330666941991825,nan,nan,nan
0005_fake.mp4,fake,True,nan,56.45114170074463,5.323933361266788,4.932698613288038,nan,4.6577911376953125,0.03580424562096596,0.782923281457786,0.042790249680937455,0.16841307224756114,nan,nan,nan
0006_fake.mp4,fake,True,nan,5.897085928916931,2.6439734695197865,0.9829404356264426,nan,1.3098253011703491,0.015421387739479542,0.9094508068738295,0.6881411997701119,0.0433903123796199,nan,nan,nan
0007_fake.mp4,fake,True,0.01727049894040426,13.88657814502716,6.978387656547129,2.934907537510243,0.06194754789135833,3.196662664413452,0.016280053183436394,0.8970246858463939,0.41303277110353026,0.08644474642126866,0.055239093635472934,0.24990174339214982,-3.6006440991254522
0008_fake.mp4,fake,True,0.0290244170531898,14.064816069602967,8.981758790835451,2.1447826898639137,0.11316884136808848,1.2853353023529053,0.01867034286260605,0.9239847504583529,0.745640845688259,0.03866464508714707,0.2137843233710547,0.2657107239966314,-3.948385214653114
0009_fake.mp4,fake,True,0.021604748698275018,15.6931626701355,11.41280630101996,1.7996618624127179,0.08431064026541904,1.9295978546142578,0.019515153020620346,0.9530037299005027,0.894411115466879,0.017294331893084408,0.23851342527180874,0.1786505356515249,-7.438205243212054
0010_fake.mp4,fake,True,0.021321911778309995,17.44694160461426,10.56841821853407,2.6809604804377534,0.0867458277209002,1.475080966949463,0.01761319488286972,0.940158899925008,0.6044401123997799,0.09649491081325769,0.1204214984860699,0.3024795091874937,-7.962822802083547
0011_fake.mp4,fake,True,0.020253387927734193,12.190012488365173,7.391038567441014,1.489407907179922,0.08754591142560761,1.0334832668304443,0.0396176353096962,0.9152304477560397,0.7759071347353836,0.04017771816716671,0.11502605980392243,0.34092050956093756,-1.2773246436741956
0012_fake.mp4,fake,True,0.048634588863575696,18.999908580780026,9.727549886362894,2.9707848390469715,0.15487799168849795,1.1786714792251587,0.016350997611880302,0.8701926820232067,0.7288967714131016,0.05059022273378329,0.12397906529640086,0.41070827881190075,-8.895390972162327
0013_fake.mp4,fake,True,0.029268401251905073,24.039084358215334,17.428237037786186,3.6163206916555466,0.11536389163216243,1.5824151039123535,0.017895875498652458,0.9084747204342508,0.8171512683619068,0.02608685405668782,0.17930108931703984,0.4319885175253381,-1.1672097931901797
0014_fake.mp4,fake,True,0.026155166535978474,16.734692399501796,13.24069747092677,1.3659677118024085,0.07492090818581361,1.0852564573287964,0.006753806956112385,0.9360460179655397,0.85306998694934,0.022760275906998934,0.1559959754549538,0.18500543915493373,-6.282319660633563
0015_fake.mp4,fake,True,0.018326905227242136,17.109757370948792,13.015842439985496,2.0559014207890387,0.059862202979944566,1.4305295944213867,0.006719555240124464,0.931797294035592,0.8515227314562729,0.018837310060945914,0.11912293635596713,0.1976187028987601,-8.605306645586722
0016_fake.mp4,fake,True,nan,18.381844496726988,12.602116687094519,2.9322636897069807,nan,1.0850653648376465,0.016124969348311424,0.9447283569464361,0.872438153644521,0.02222941067497975,nan,nan,nan
0017_fake.mp4,fake,True,nan,17.556428022384644,10.407408159939589,2.717942149764467,nan,1.878479242324829,0.027598410844802856,0.9238650574903595,0.8604171161106087,0.03103399458559674,nan,nan,nan
0018_fake.mp4,fake,True,0.03566524933100328,6.96727968454361,2.4865747104257885,1.12086522958595,0.14964592912248376,1.6849946975708008,0.008477576076984406,0.907329991294442,0.76428587834874,0.0402157213352263,0.13897105246738561,0.40768619448702453,-1.1528400893894166
0019_fake.mp4,fake,True,0.033002662623310815,20.7917470908165,10.16971198912548,4.133035779938659,0.1419901703659906,1.2897961139678955,0.01863725669682026,0.9332895584166457,0.7861082893138274,0.03975068793559962,0.1838599942748361,0.3117787063218923,-4.500520307389292
0020_fake.mp4,fake,True,nan,36.00810167312622,31.956480892456334,2.6528858784050704,nan,0.4926489293575287,0.02670840546488762,0.9788464987248758,0.9418745531057852,0.00918844145254237,nan,nan,nan
0021_fake.mp4,fake,True,nan,23.004523758888244,7.342571651510996,3.770063850679749,nan,1.2419312000274658,0.027142254635691643,0.9371226674063572,0.87110858813173,0.021616045360320427,nan,nan,nan
0022_fake.mp4,fake,True,0.01662612316752229,19.65558789730072,7.585292756985926,3.205344090495961,0.05912413541640535,1.0000948905944824,0.02818196639418602,0.9357601139504415,0.8579998381359838,0.025585208154613685,0.10429869041019656,0.19427398680769825,-6.452396211345076
0023_fake.mp4,fake,True,0.027593484792142232,14.995024971961975,9.654304551339045,1.6476885289759393,0.09255390247440635,1.867098331451416,0.022874735295772552,0.9063597236066244,0.7064334596383077,0.051320583910593916,0.1334296025889804,0.2552770154876346,-4.833251961020889
0024_fake.mp4,fake,True,0.03183537187104322,15.285553727149965,10.480544738294805,2.7863457161482326,0.11273608776063578,1.2637972831726074,0.01691475883126259,0.8589751003058819,0.681232391878809,0.05614195600230331,0.08369223793849341,0.5093483827968753,-3.5180917700181027
0025_fake.mp4,fake,True,nan,10.892220320701599,7.170954514487585,1.1225501792325336,nan,0.7938922047615051,0.010147545486688614,0.9368287710921633,0.8616909210069349,0.020787247665533786,nan,nan,nan
0026_fake.mp4,fake,True,0.017164800894983297,5.421324524879456,4.153401259365729,0.46901066983139983,0.06639399632753253,0.9115431308746338,0.012651543132960796,0.9476215378736701,0.8999087310231455,0.014941074347118959,0.10893011019857722,0.22494303113002778,-7.038016797284014
0027_fake.mp4,fake,True,0.06199790086497071,12.111559128761291,7.808132927034803,1.5900305696939414,0.18100521961326177,2.15797758102417,0.018054042011499405,0.9080310813288438,0.5962113717142209,0.0732127183422917,0.23336935646432658,0.32766791162233205,-9.774618086658908
0028_fake.mp4,fake,True,nan,13.761745467185973,9.288605934884398,1.732838894776648,nan,6.527686595916748,0.01836351305246353,0.8926686121035325,0.29461760222645417,0.08242925958325148,nan,nan,nan
0029_fake.mp4,fake,True,0.03376716127000548,13.72467540740967,8.095341317134025,2.155721788015385,0.11011652198477109,0.8565184473991394,0.025035761296749115,0.8607068107479114,0.7389318562666106,0.05191695620028041,0.20175598564547087,0.2219053487731569,-6.7563469822397
0030_fake.mp4,fake,True,0.01552761098905469,10.136210408210754,8.125574262978738,0.809137521559828,0.0615383383541751,0.47407713532447815,0.04428255930542946,0.9649371258135564,0.925609329599582,0.010891043743196152,0.1348725073309494,0.18712851201783015,-7.179826063766409
0031_fake.mp4,fake,True,0.02936328197157805,11.399089221954346,7.670173266704925,1.6846291708855752,0.1259600895974974,1.0940452814102173,0.0705828070640564,0.8934617960928068,0.7498224699795482,0.054222943963202694,0.20129668634018708,0.2861731782425312,-6.002948610359013
0032_fake.mp4,fake,True,0.03837206925729036,12.444243621826173,5.9054120202089475,2.1815914013160116,0.15398900568330043,2.5549020767211914,0.031091658398509026,0.8816249742674956,0.806392570980927,0.023180183940278626,0.2963686585495195,0.22581051706506916,-4.238589320546299
0033_fake.mp4,fake,True,nan,18.155711827278136,9.476060254519636,3.3404010610437536,nan,2.0986878871917725,0.024940427392721176,0.7677806647505172,0.6422580439712418,0.06647149138194178,nan,nan,nan
0034_fake.mp4,fake,True,nan,17.992386622428896,9.193670643560248,1.9072892697030088,nan,1.4649685621261597,0.0477159321308136,0.7721014578890624,0.40205022586876177,0.11705648110197259,nan,nan,nan
0035_fake.mp4,fake,True,nan,25.475549964904786,17.15468140025637,3.166566559178072,nan,1.1814515590667725,0.04686250165104866,0.9535758489296485,0.7848228418076173,0.02232156261878805,nan,nan,nan
0036_fake.mp4,fake,True,nan,13.402061371803285,9.677521748996915,1.9301886671784232,nan,4.422762393951416,0.01333713997155428,0.8388722176486614,0.5326554638061869,0.12395190483456348,nan,nan,nan
0037_fake.mp4,fake,True,nan,23.899367485046383,18.373698950710647,2.3482827377912585,nan,1.220068097114563,0.0341319777071476,0.9433711341489194,0.9025506186713094,0.011534930237702216,nan,nan,nan
0038_fake.mp4,fake,True,nan,20.74445344924927,12.410965471209549,4.2458529343204265,nan,0.9966610074043274,0.019272444769740105,0.8594037625112754,0.7194178555196158,0.05075948315172753,nan,nan,nan
0039_fake.mp4,fake,True,nan,20.428073906898497,16.68630282039316,1.7201445331298617,nan,1.2437772750854492,0.02246863953769207,0.8875133838283791,0.7407943096463663,0.06396713285027447,nan,nan,nan
0040_fake.mp4,fake,True,0.02862882634399681,16.90700304031372,4.918675308210982,1.8327991266849453,0.11068120375826593,2.020826578140259,0.04730065539479256,0.8918152535317726,0.7032733897748976,0.04547799209666631,0.15926605502642613,0.27100978134273257,-7.718397825599307
0041_fake.mp4,fake,True,0.01817761791200198,15.09332317352295,5.157817786323734,2.8080309299336785,0.07043015147123602,1.3895663022994995,0.05829540640115738,0.902799559830421,0.7478680436309846,0.03529022341141985,0.187676817064096,0.1582832535822731,-8.625333747524229
0042_fake.mp4,fake,True,0.057498035881374365,9.878538894653321,4.300978857428512,1.408922056257828,0.2333143357811053,2.349764823913574,0.22315673530101776,0.8321431000201088,0.5022809489180712,0.060649154970729986,0.1922630170381841,0.5816503730729371,-5.371168814309431
0043_fake.mp4,fake,True,0.03085207373533404,9.821782004833223,5.781157181421916,2.2268558053021397,0.12800426516777222,1.094878077507019,0.035681720823049545,0.8462909405159086,0.8122942300366944,0.027080930116093707,0.33790740751104514,0.18711294132273595,-6.377347207616076
0044_fake.mp4,fake,True,0.027204709875862456,10.817135767936707,4.668175611462626,1.8335578495265035,0.09243872225912535,2.7322187423706055,0.06546376645565033,0.8647855992648473,0.6853263876244081,0.03341354120331472,0.12400044851386323,0.28813534476742775,-6.556897304545092
0045_fake.mp4,fake,True,0.01970797090958439,26.574162797927855,7.439971246142584,3.259961550109255,0.07187937476797843,2.175915241241455,0.11829278618097305,0.8866046902181415,0.6294737001012566,0.06802656329189744,0.18990934721871355,0.1613778876512195,-7.230622799998239
0046_fake.mp4,fake,True,0.02780650550402682,12.125853157043457,4.295852244817828,1.5519930923157932,0.09921822323833303,2.976851224899292,0.09881314635276794,0.8626528774508607,0.6293519463740387,0.05281780210918968,0.15772381024148283,0.2636281816879469,-8.367769033827395
0047_fake.mp4,fake,True,0.01791858349050148,9.353506803512573,4.397403281676694,1.5540043120027374,0.05975203768301365,1.4520478248596191,0.02400902844965458,0.938407270407968,0.8508059468536584,0.02079443462946724,0.0631785897915777,0.2533181240792463,-7.285289281318821
0048_fake.mp4,fake,True,0.02009875817743316,23.753048419952396,7.630186435321988,3.378764244296035,0.07294482827296922,1.8145979642868042,0.04596048966050148,0.9229065556370655,0.804556178034607,0.027059248257940156,0.2050196576433958,0.15273013935064425,-5.540633384799101
02_09__walk_down_hall_angry__6KUOFMZW.mp4,fake,True,nan,20.175415616035462,5.998926366497489,4.230842186097216,nan,2.290393590927124,0.03266049176454544,0.8519578672617517,0.3938459241400798,0.12810002605545234,nan,nan,nan
02_09__walking_down_street_outside_angry__6KUOFMZW.mp4,fake,True,0.013687504991804015,29.389823055267335,5.190658605733476,3.871899361500298,0.03907874015466167,2.6583595275878906,0.05063239857554436,0.7459052441042264,0.2726483420285233,0.16649854161382155,0.13124332689168955,0.10535199534236345,-4.781874576986771
02_11__meeting_serious__NZJ1YEWE.mp4,fake,True,nan,nan,nan,nan,nan,1.9274407625198364,0.03764050081372261,nan,nan,nan,nan,nan,nan
02_12__podium_speech_happy__9D2ZHEKW.mp4,fake,True,0.015714688865643055,21.24093400001526,9.000867207535991,5.8082312134407115,0.05168358732195617,2.6601755619049072,0.016331138089299202,0.7245279815676374,0.18674634453745542,0.14523017264016924,0.1903662409811966,0.12281781490013306,-6.071786273874745
02_12__walking_and_outside_surprised__9D2ZHEKW.mp4,fake,True,0.02188685653581212,20.512362487316135,6.213994659558517,4.098732265970584,0.05889229696682315,2.399580955505371,0.0801081731915474,0.6181925749760628,0.12196689249542927,0.2281196507152105,0.09415219971640615,0.21881324541733893,-6.821167133170442
02_13__exit_phone_room__CP5HFV3K.mp4,fake,True,nan,6.791851992607117,3.3557741315364837,1.8139743415236351,nan,1.893937110900879,0.03799599036574364,0.9060129553259759,0.774913105097966,0.05001882301111892,nan,nan,nan
02_13__hugging_happy__PLNVLO74.mp4,fake,True,0.036299060661859964,26.450359048843385,5.945219084849114,3.954946512606086,0.08921912291405956,4.024023532867432,0.026641111820936203,0.773091194251669,0.03500506049688479,0.1427427507402751,0.10759399183969727,0.4283006191110507,-5.498106249229395
02_13__kitchen_pan__2YSYT2N3.mp4,fake,True,0.01688316276098432,32.53353600502014,6.564615340175217,5.568829212537395,0.05175867687161867,1.535149097442627,0.06154932454228401,0.8387364275976101,0.11651208760558812,0.13011966796893132,0.10837128256163273,0.1621703734005958,-6.095009927285129
02_13__meeting_serious__CP5HFV3K.mp4,fake,True,nan,nan,nan,nan,nan,1.7643524408340454,0.03773702681064606,nan,nan,nan,nan,nan,nan
02_13__outside_talking_pan_laughing__2YSYT2N3.mp4,fake,True,0.017273124314053038,15.40908438205719,4.68630278573061,2.7430582198129168,0.05528690711946275,1.7260876893997192,0.13369867205619812,0.7014346864492932,0.24371117943981718,0.17243678465558274,0.16368524964488956,0.1901146566943142,-7.246128352625236
02_13__outside_talking_still_laughing__CP5HFV3K.mp4,fake,True,0.02074863505123774,11.553730144500733,3.949042831063271,2.022651954521387,0.06843284678866829,2.4594128131866455,0.15082325041294098,0.61396907832756,0.2636687420351573,0.1100344027922919,0.19171228810860547,0.192456060836135,-5.713570138455911
02_13__podium_speech_happy__2YSYT2N3.mp4,fake,True,0.014812509068615436,21.9975710105896,6.326056721632994,5.14787478550442,0.049148394584357685,2.8142693042755127,0.01651589944958687,0.6289411457312688,0.25329555384606034,0.14027844465346467,0.1636098114130499,0.13558048725624888,-5.977189107644145
02_13__secret_conversation__CP5HFV3K.mp4,fake,True,nan,nan,nan,nan,nan,3.391423463821411,0.04128161072731018,nan,nan,nan,nan,nan,nan
02_13__secret_conversation__PLNVLO74.mp4,fake,True,0.04025356810519153,5.885503940582275,3.2449032831192017,1.320694718844699,0.09893230438203088,2.1578595638275146,0.040844403207302094,0.8654400313499235,0.2028401864585148,0.23461147073825273,0.1055194304274892,0.40047720940362874,-5.408707390131634
02_13__walking_and_outside_surprised__CP5HFV3K.mp4,fake,True,0.032626549204488854,17.61336006641388,5.427336222509363,3.4296086673948074,0.08139083913715224,2.534759998321533,0.0780903771519661,0.5964515010689495,0.12978964562258447,0.2227961322493229,0.13320901805332983,0.21840364287156416,-5.293542948674857
02_14__outside_talking_pan_laughing__3IUBEKCT.mp4,fake,True,0.015250888436472562,15.114432067871094,4.316697235273409,2.646908852076685,0.04949528144093693,1.533636450767517,0.1337091475725174,0.6778698682297793,0.28358004969224665,0.14855831542881195,0.13999481406791203,0.18270151899270942,-7.395697741839697
02_15__exit_phone_room__I8G2LWD1.mp4,fake,True,nan,7.165884749889374,2.995005453824996,1.7973485037971921,nan,2.3017168045043945,0.03798781707882881,0.8234822723758405,0.6235478232479661,0.1013047472650554,nan,nan,nan
02_15__exit_phone_room__MZWH8ATN.mp4,fake,True,nan,4.099150493144989,2.9449680666128795,0.8022007815723317,nan,1.9778448343276978,0.03798799589276314,0.8744596633346808,0.7908909968119001,0.04645755740514366,nan,nan,nan
02_15__hugging_happy__MZWH8ATN.mp4,fake,True,0.031109340976361977,15.855915894508362,5.055657168554457,2.6926371336252783,0.08197373537650418,3.5421204566955566,0.02674662135541439,0.832156733301291,0.011437383536227117,0.110317202862896,0.1174093335036403,0.263535067411662,-5.814044898522374
02_15__hugging_happy__XNJIS4S3.mp4,fake,True,0.022694013928619097,20.093336949348448,4.6593777726404735,2.6891630833898112,0.06076634180042974,3.557685613632202,0.026522984728217125,0.8256531162288351,0.038895054366673114,0.10943007096177065,0.12824668861043592,0.29010078471109646,-4.470267327181591
02_15__kitchen_still__XNJIS4S3.mp4,fake,True,0.01306105874034348,34.47585205078125,13.759871763065883,5.911080400034086,0.03729895002129396,2.046079635620117,0.06041637808084488,0.8784908645354038,0.6238171758807767,0.05138568585732838,0.0799610428798464,0.14156282576196488,-5.8745967176324685
02_15__meeting_serious__MZWH8ATN.mp4,fake,True,nan,nan,nan,nan,nan,1.6336067914962769,0.03773735091090202,nan,nan,nan,nan,nan,nan
02_15__outside_talking_pan_laughing__I8G2LWD1.mp4,fake,True,0.015724502719722377,15.122298130989076,4.422773166684942,2.6282457373200314,0.04536150450903865,1.6747575998306274,0.13364070653915405,0.6673447665442535,0.268705064357447,0.1578228590097844,0.1498443874701566,0.17830449707008447,-4.604929714123334
02_15__outside_talking_pan_laughing__SB6PMCO0.mp4,fake,True,0.01589465711659443,14.102034406661987,4.20821852553756,2.435034623156834,0.04764096565616243,1.8892422914505005,0.13368521630764008,0.672523186762658,0.28640289958854237,0.15621192559372565,0.154282476046967,0.17319935915259937,-7.169196866427452
02_15__podium_speech_happy__MZWH8ATN.mp4,fake,True,0.013939143770997172,18.379135408401492,5.6129656209224885,4.141239195804317,0.043387413888364326,2.8244211673736572,0.016405964270234108,0.6676169667262777,0.13050288722827155,0.21639980760701039,0.15211665366443192,0.12024681112391722,-5.161661361944093
02_15__secret_conversation__MZWH8ATN.mp4,fake,True,nan,nan,nan,nan,nan,3.329395294189453,0.041089076548814774,nan,nan,nan,nan,nan,nan
02_15__talking_against_wall__HTG660F8.mp4,fake,True,0.008365088840211624,35.36771065711975,24.812863746575637,3.580202748040707,0.02253294573598799,0.8276346325874329,0.05205922573804855,0.945898344745393,0.7392264359808812,0.03694725348041668,0.03858381547728432,0.12166169360547723,-6.564304967295323
02_15__talking_angry_couch__HTG660F8.mp4,fake,True,0.01832301862398549,40.777291717529295,13.904042187147791,9.388275595277621,0.05328720548613437,2.6205949783325195,0.04568672552704811,0.8324195866068685,0.1303571717049098,0.06415249806597258,0.12894433306779948,0.17397534586693827,-7.331930769159581
02_15__talking_angry_couch__I8G2LWD1.mp4,fake,True,0.016960050368026124,41.307573337554935,12.639722409164525,8.15631304578837,0.04948866722363458,2.414083242416382,0.0455939918756485,0.838221447086264,0.40769853023120733,0.056328761721910134,0.147035352601239,0.1552657529537941,-7.884364989864967
02_15__walk_down_hall_angry__TN2CWM3K.mp4,fake,True,nan,11.055791115760803,6.09505235013209,3.0719020859723307,nan,2.2474210262298584,0.03269326314330101,0.8370549043815485,0.5119651641420596,0.10650510461786723,nan,nan,nan
02_15__walking_and_outside_surprised__HTG660F8.mp4,fake,True,0.02335146140814486,17.467690091133118,6.028470762985076,3.7185373900998653,0.05912572699628194,2.5831940174102783,0.07845673710107803,0.6054298528921835,0.14854118118037465,0.21799252960805648,0.1024356014889216,0.2196117250482857,-8.709716298895787
02_15__walking_and_outside_surprised__I8G2LWD1.mp4,fake,True,0.02340734484703952,18.822297286987304,6.094505761926926,3.7747892462941484,0.06197000137750855,2.1767919063568115,0.0778796523809433,0.5942127861187146,0.12998828551758246,0.2192463423786701,0.10206379826657985,0.21574944401196897,-8.161236030806784
02_15__walking_and_outside_surprised__MZWH8ATN.mp4,fake,True,0.02425866535411949,19.684892625808715,6.327232133049845,4.320898465743206,0.06439051522852364,2.338648796081543,0.0773070752620697,0.5688143253906215,-0.012514320741987725,0.21721275242197105,0.10732426553358433,0.21933763254577665,-5.32808934190161
02_15__walking_outside_cafe_disgusted__MZWH8ATN.mp4,fake,True,nan,30.200158348083498,6.925584363399014,5.9908776221596804,nan,2.7902162075042725,0.04270615801215172,0.8672189344623515,0.10288817490964136,0.1693175454161372,nan,nan,nan
02_18__exit_phone_room__OXMEEFUQ.mp4,fake,True,nan,5.951535258293151,3.5418964175383247,1.2099657133657067,nan,1.8689074516296387,0.03792226314544678,0.9337753628401434,0.9054155787664087,0.020936206189792705,nan,nan,nan
02_18__outside_talking_pan_laughing__OXMEEFUQ.mp4,fake,True,0.016776760195225757,13.110060214996338,4.609834931226153,2.7434150250295635,0.05216199902174279,1.8972526788711548,0.13337601721286774,0.7117663228707469,0.2549058259874944,0.16688175878516298,0.14431987582230377,0.1798914279142853,-5.087592344370431
02_18__secret_conversation__B95S4G6F.mp4,fake,True,0.023601541486739062,4.383025345802308,2.4795213261672435,0.8825203928004184,0.06962668082247453,1.6988071203231812,0.04026840999722481,0.9358324275376946,0.8851682052546149,0.026063713878577248,0.15521273626330437,0.2083650990165802,-6.043585254240425
02_18__walk_down_hall_angry__B95S4G6F.mp4,fake,True,nan,11.582182321548462,6.54755578994751,3.031855275017121,nan,2.708331346511841,0.03302247077226639,0.8777289578985363,0.28734828787578526,0.1499768803430913,nan,nan,nan
02_18__walking_down_street_outside_angry__21JTDDEL.mp4,fake,True,0.011104397625237863,34.07732285499573,5.582100808515269,5.098293553587454,0.03584619687826565,2.561152458190918,0.050667654722929,0.7299334611622101,0.2931801713210087,0.1393575298303629,0.16183294291122438,0.0843575550568466,-6.260374315528193
02_21__kitchen_pan__Z0XHPQAR.mp4,fake,True,0.014032157575132653,31.011069254875185,7.6564024882862975,5.975271839745187,0.04484057111202987,1.9621617794036865,0.06144019216299057,0.8400791132214948,0.48542494190551244,0.08915322408744598,0.10810185380619426,0.14978356618545113,-4.757854716105689
02_21__talking_angry_couch__Z0XHPQAR.mp4,fake,True,0.019954245073726815,33.86584688186645,11.537872498465251,6.096989713570736,0.055634302324248035,3.1023640632629395,0.04558855667710304,0.7819787471726709,0.43945117541192036,0.06546106435766508,0.141340503689874,0.1641933300777942,-7.502295071193044
02_25__talking_against_wall__Z7FQ69VP.mp4,fake,True,0.009694660868288995,27.240039300918582,20.128443751515764,2.6228581007181506,0.02785014892163223,1.0114893913269043,0.05221007391810417,0.9564795120174341,0.7700771200328166,0.032540842831222834,0.07107035206812648,0.11479639531487404,-5.129671271191432
02_27__hugging_happy__GVFLSZD5.mp4,fake,True,0.021924573436949563,20.63773509502411,5.154344959249828,2.823605701228185,0.05756469530402394,3.8439388275146484,0.02658139355480671,0.8242317381403879,0.006829989356934966,0.11913828141435436,0.09765907577037837,0.2873370421223367,-4.845610994318129
02_27__walk_down_hall_angry__78M8S6M6.mp4,fake,True,nan,9.54227595806122,6.070974212884903,2.394975070092833,nan,2.2779250144958496,0.03272572159767151,0.8547365249483135,0.059416748736686974,0.19567234801845354,nan,nan,nan
02_27__walking_down_indoor_hall_disgust__YQX5Z8GN.mp4,fake,True,0.020994871193213693,26.90488448858261,6.8698439355067045,6.362303287239529,0.060581588956115054,2.614544153213501,0.041875675320625305,0.6891778760097405,0.040571883278233065,0.24669472164314335,0.09979787519898414,0.24491216487890385,-5.738472882897712
02_27__walking_down_street_outside_angry__3L1MLH3D.mp4,fake,True,0.01185251847998324,30.947347722053525,6.72897194428402,6.753374599178165,0.036975109760918876,2.769257068634033,0.05022118613123894,0.7475719125404258,0.29260411282155296,0.09868356607324869,0.16221602895509996,0.08557237752735732,-7.717932647630511
03_01__meeting_serious__JZUXXFRB.mp4,fake,True,nan,nan,nan,nan,nan,1.5475213527679443,0.03848513960838318,nan,nan,nan,nan,nan,nan
03_01__outside_talking_still_laughing__JZUXXFRB.mp4,fake,True,0.018899931576882155,8.493553619384764,4.385734730408742,1.9592603047252108,0.053613823891477085,1.2489761114120483,0.15620353817939758,0.692449091142659,0.2356680296570877,0.22142611423015812,0.14673291283826942,0.150427846259095,-6.55671043688041
03_01__podium_speech_happy__JZUXXFRB.mp4,fake,True,0.015484726778763024,29.04354477405548,7.004024170818751,4.046233800988143,0.04773076342273589,2.2147858142852783,0.0197770893573761,0.5937602715488529,0.21112397393119064,0.165175271437645,0.12532663749757425,0.17403824561622044,-7.372364046085056
03_01__walking_and_outside_surprised__JZUXXFRB.mp4,fake,True,0.01744395000832503,22.636494526863096,8.93269429815358,4.519877366647237,0.05173708244923099,1.7361574172973633,0.07462006062269211,0.6006359068109138,0.1808062947242619,0.17211414987703674,0.09550375909119503,0.20336843739720475,-7.482635844316516
03_04__outside_talking_pan_laughing__T04P6ELC.mp4,fake,True,0.018507003456082805,14.275455918312073,3.5718586542776656,3.2722855463124083,0.047341509450676646,2.289180278778076,0.1517072170972824,0.7888491139435166,0.4096811560314406,0.12715237215954214,0.1418066899360105,0.12378152718391298,-3.7854229478220573
03_04__talking_angry_couch__T04P6ELC.mp4,fake,True,0.023013450641516307,32.41077789783478,15.175615892288329,6.50662296887071,0.08102512721319967,1.3346164226531982,0.04449925571680069,0.8499810118702485,0.10975314362799511,0.07295114629144026,0.24470477548806205,0.1795743960986132,-4.175107727241985
03_06__exit_phone_room__1IXGY2FK.mp4,fake,True,0.035782552196996976,13.221306238174439,3.796550543749774,2.518919541163771,0.1004755908557841,2.428881883621216,0.04187148064374924,0.6213026156024385,0.25946691678627404,0.13587026633925228,0.2023201655802919,0.23814036378311282,-6.714938533085676
03_06__hugging_happy__2XWC5JED.mp4,fake,True,0.02016655350129899,28.186981525421146,11.066656880473914,4.979947060139359,0.055317520348697934,1.8714083433151245,0.024995245039463043,0.8269154983065479,-0.07029571397205697,0.14804359568656514,0.1164761681281106,0.26032417146768966,-6.48504655024499
03_06__meeting_serious__83ABVHC3.mp4,fake,True,nan,nan,nan,nan,nan,1.640636682510376,0.0383344404399395,nan,nan,nan,nan,nan,nan
03_06__podium_speech_happy__83ABVHC3.mp4,fake,True,0.01736530071382282,24.963370537757875,7.26800932696492,3.8109332891233256,0.05102460127246776,1.8675203323364258,0.01957126148045063,0.5840121860206667,0.2825271339548119,0.09033391645667943,0.1324463598086977,0.17053312564543452,-8.538543011380519
03_07__exit_phone_room__6PHZRQ4H.mp4,fake,True,0.02822913282696501,16.01355843067169,4.1828968941254745,2.272579847303146,0.09186214247927178,2.493333578109741,0.04146960377693176,0.6310382786558516,0.330300297973484,0.11772582455095017,0.17563822272120758,0.18647344497881793,-6.088323224719109
03_07__hugging_happy__BKLOCI1M.mp4,fake,True,0.02899849684100179,24.276774415969847,9.770361054954353,4.503843409149099,0.08108691848919235,1.9429728984832764,0.025335898622870445,0.828255069745151,-0.09252413700857559,0.15670580165959597,0.1505746636757367,0.2929611761063393,-5.092541703581879
03_07__kitchen_pan__WPT3Z2KN.mp4,fake,True,0.04010372407814244,18.978586192131043,8.190766598701478,4.022270413389657,0.08792562209766008,1.4735727310180664,0.05467585474252701,0.8653317114790672,0.013106227351261983,0.0934374781823727,0.08847188955881044,0.4231037129249004,-3.091378716532034
03_07__talking_against_wall__PWXXULHR.mp4,fake,True,0.013621440546394024,24.91439371585846,14.702854195652426,3.0110632696640347,0.04087359358127019,1.7019076347351074,0.05115563049912453,0.9297176693743805,0.6438941457955077,0.030586885445371564,0.07774816126106407,0.17365244777051117,-4.801572180669581
03_07__walk_down_hall_angry__6PHZRQ4H.mp4,fake,True,nan,7.6486968159675595,4.086248514311654,2.115496475208535,nan,4.026486396789551,0.03432068973779678,0.7686047900526612,0.5622157189755762,0.08301209049771664,nan,nan,nan
03_07__walk_down_hall_angry__IFSURI9X.mp4,fake,True,nan,8.61699431180954,4.49988295179147,2.2364687754106045,nan,4.099430084228516,0.034281931817531586,0.7414406825137353,0.46979485409322574,0.08921492637295453,nan,nan,nan
03_07__walking_down_indoor_hall_disgust__PWXXULHR.mp4,fake,True,0.03355917041116842,23.956286334991454,9.451555344243024,3.5373964814405556,0.08416822370893307,1.6599020957946777,0.04079202190041542,0.6727741049123268,0.14297987849089386,0.21317221507419376,0.11909450385370188,0.2696516186529998,-7.775952873463594
03_07__walking_outside_cafe_disgusted__CDSNLDQ8.mp4,fake,True,0.01882376453885773,25.920191831588745,13.537511854780336,4.512663747994047,0.08161535479098846,3.46671199798584,0.049966875463724136,0.8781961432967744,0.038983556934916126,0.12384959416376586,0.26084837899541563,0.15340711056988374,-2.6436031147340944
03_07__walking_outside_cafe_disgusted__IFSURI9X.mp4,fake,True,0.012675005984746362,24.006021304130552,13.244705127105522,4.221286618082999,0.053623973181940614,3.62727689743042,0.05019637197256088,0.88166627222977,0.24589137691821017,0.11048780497236046,0.20276049793210127,0.12053631507052219,-5.6725158955707
03_07__walking_outside_cafe_disgusted__PWXXULHR.mp4,fake,True,0.018361421380988036,33.49537352085113,13.4839073352662,4.58955884828154,0.0741590494059057,3.789038896560669,0.04875071719288826,0.8523323856381209,0.025742757510617564,0.1367081431928205,0.24474607027972223,0.1356985800754373,-3.7633379874814104
03_09__kitchen_pan__8DTEGQ54.mp4,fake,True,0.033517295458990466,22.274133448600764,4.828293953431017,3.622860708665791,0.08270183538957203,1.7138664722442627,0.055082034319639206,0.8413318891275164,0.3281106736914849,0.08197254400337953,0.07528315558050588,0.30257205324278036,-3.363661447355863
03_09__outside_talking_still_laughing__RCETIXYL.mp4,fake,True,0.0149391562234543,8.352918210029602,3.5405515710405404,1.5001750145370139,0.043771978602432406,1.4947099685668945,0.15626852214336395,0.8093183659948336,0.276013191753936,0.15874311377897404,0.11854365773296474,0.1420698918392312,-5.256980700775439
03_09__secret_conversation__RCETIXYL.mp4,fake,True,0.04319234471497699,6.131703729629517,2.453800934316977,0.9290565261222069,0.10403849707849125,1.692046880722046,0.035716667771339417,0.7443253729954116,0.6262906334883116,0.04763644541466116,0.0697406363237728,0.41084512217009256,-3.8832045400125246
03_11__exit_phone_room__P08VGHTA.mp4,fake,True,0.025579717493623887,12.3808701133728,4.471187754308477,2.5410932974178086,0.06900921216720317,2.401154041290283,0.04191204160451889,0.6921334904438822,0.20413202742777609,0.16650316039587207,0.14529604306284014,0.18383698841740678,-5.317526161210553
03_11__talking_against_wall__P08VGHTA.mp4,fake,True,0.01428865170812482,27.14535852909088,14.807971254319934,3.2464180476727984,0.045760556047797725,2.0374772548675537,0.05111444368958473,0.9087806483440815,0.46291749658877124,0.04047390339693724,0.091960901408628,0.17342771938563883,-7.225821797387689
03_11__walk_down_hall_angry__P08VGHTA.mp4,fake,True,nan,11.84978245973587,4.8996350628137595,3.3480409006332876,nan,3.8520431518554688,0.03468986600637436,0.7403940980522181,0.4576221832598707,0.09150616005073464,nan,nan,nan
03_13__exit_phone_room__GBYWJW06.mp4,fake,True,0.04313911328356121,13.384974579811095,4.494322263206305,2.9756855099561594,0.13460699430591125,2.4579622745513916,0.04200046882033348,0.6954855431760609,0.24917417925268942,0.14946054664132485,0.21252427331006732,0.2430147889762781,-4.138796909108125
03_13__kitchen_pan__GBYWJW06.mp4,fake,True,0.046599537692976485,21.4204519367218,7.74657561575411,3.802160992383507,0.10544463917879822,1.5509036779403687,0.05466717481613159,0.8436229440609284,0.11059353288177477,0.10477583039960249,0.0893616928137646,0.3341841282716096,-6.4552941076274974
03_13__meeting_serious__GBYWJW06.mp4,fake,True,nan,nan,nan,nan,nan,1.6645467281341553,0.03846710920333862,nan,nan,nan,nan,nan,nan
03_13__meeting_serious__T3MZOI8X.mp4,fake,True,nan,nan,nan,nan,nan,1.5418336391448975,0.038460541516542435,nan,nan,nan,nan,nan,nan
03_13__outside_talking_still_laughing__GBYWJW06.mp4,fake,True,0.02025282294794025,8.144397325515747,3.9017879729800757,1.8309868817930421,0.06326360646600648,1.3929704427719116,0.15606141090393066,0.7883608448946468,0.44249793391281367,0.12372374316593562,0.1533250066336221,0.18056908572844746,-8.724483313242823
03_13__talking_against_wall__GBYWJW06.mp4,fake,True,0.020007243584343387,25.11437738895416,13.785601937626746,3.234947114894608,0.05561220969037915,1.781256079673767,0.051372021436691284,0.9393432785295599,0.6980711441191075,0.028377706903158193,0.08373587975267152,0.22532171628339756,-6.928101035951718
03_14__exit_phone_room__H0VQHGS3.mp4,fake,True,0.040338878523981846,18.60776418685913,4.7304494037542,3.387242132721726,0.11108352763270682,2.586411476135254,0.04190998524427414,0.6438195079789633,0.3173628666818271,0.15227554442913907,0.2235907094990729,0.21998705718527994,-6.406988428804244
03_14__meeting_serious__KJ221YN0.mp4,fake,True,nan,nan,nan,nan,nan,1.6469242572784424,0.03839670494198799,nan,nan,nan,nan,nan,nan
03_14__meeting_serious__PLCQJM81.mp4,fake,True,nan,nan,nan,nan,nan,1.6127614974975586,0.03838958218693733,nan,nan,nan,nan,nan,nan
03_14__podium_speech_happy__Q9NSXM88.mp4,fake,True,0.018409045994307226,30.216474804878235,6.98778768238147,3.8986950299131826,0.056388263383037915,2.3317930698394775,0.019629312679171562,0.6136919817358256,0.29452008466083685,0.11109565686397811,0.1355915149766457,0.16425239952182027,-7.625109595701847
03_14__talking_against_wall__ZC2KYASW.mp4,fake,True,0.015250389101169333,28.248885946273806,14.92168887081513,2.9367117297055545,0.046873937996406594,2.087584972381592,0.051374390721321106,0.9315938940196911,0.6698390059022893,0.02920235813147621,0.08808337486512258,0.1779873348008506,-5.356375722255886
03_14__walk_down_hall_angry__P1L5PF4I.mp4,fake,True,nan,8.46072943210602,4.800661226272583,2.61282312437132,nan,4.00999641418457,0.034143783152103424,0.7436214699386668,0.5806066723261797,0.0934556967247287,nan,nan,nan
03_14__walking_down_indoor_hall_disgust__KJ221YN0.mp4,fake,True,0.029394818044537963,22.978310494422914,8.631089907971692,4.366209296578278,0.08443047496978466,1.3300336599349976,0.04217742383480072,0.5608131518427131,0.0726605916180263,0.2285489881110094,0.13949977598355087,0.2576647405219411,-3.7425589642229284
03_14__walking_down_street_outside_angry__H0VQHGS3.mp4,fake,True,nan,3.4101629424095155,2.108238972723484,0.9098249035141573,nan,3.4606430530548096,0.052939094603061676,0.8874876891114196,0.8538577599111785,0.02209739857164089,nan,nan,nan
03_15__kitchen_pan__AIOM1U5V.mp4,fake,True,0.031021114365864782,22.90148890018463,8.864965188693638,4.24151810819413,0.07811444576228768,1.7933870553970337,0.05476638302206993,0.8197343889001821,0.2345669370763081,0.09423019505912844,0.08052185749064739,0.3028452013604829,-4.923648317233215
03_15__kitchen_pan__DNUJD8M2.mp4,fake,True,0.035526592160329974,18.691026372909548,8.228989416036153,3.8094170251957387,0.07819372868838179,1.5015537738800049,0.05478498712182045,0.8635408556469959,0.28246512723762773,0.08331663770983216,0.08008994638021824,0.2583168046888872,-6.946293121363746
03_15__meeting_serious__DNUJD8M2.mp4,fake,True,nan,nan,nan,nan,nan,1.5023094415664673,0.03842061012983322,nan,nan,nan,nan,nan,nan
03_15__meeting_serious__OY4I7ZU8.mp4,fake,True,nan,nan,nan,nan,nan,1.7341797351837158,0.03842242807149887,nan,nan,nan,nan,nan,nan
03_15__outside_talking_pan_laughing__Y11NT1YX.mp4,fake,True,0.015493918101348808,13.015105257034302,3.741843402437543,2.550022246362745,0.043247535626494096,2.2077362537384033,0.15150834619998932,0.803630546008487,0.39236845022528866,0.14801727089107172,0.11147854003958954,0.129066297566866,-6.404812121767451
03_15__outside_talking_still_laughing__DNUJD8M2.mp4,fake,True,0.01647174288991114,8.073823900222779,3.8611539713541663,1.558614700835312,0.048390156334926694,1.7566269636154175,0.15606427192687988,0.6945720844313942,0.29634625138713255,0.19698381885506908,0.1397585392023547,0.14707010527440567,-5.508795856810533
03_15__podium_speech_happy__DG8ITQO3.mp4,fake,True,0.015106630724264145,20.22652000427246,7.570342837782103,3.9334283810299033,0.045776098614197396,2.3062148094177246,0.019809376448392868,0.6138801685224886,0.19760945262743668,0.16509095480106725,0.13081374606102203,0.14423037674440475,-7.565337620630938
03_18__kitchen_pan__22UBC0BS.mp4,fake,True,0.027559530804654783,19.365280475616455,8.37163977601601,3.7234361589744527,0.07162418520362923,1.5311980247497559,0.05459512397646904,0.8279254684750939,0.20101366022068348,0.1121372492653952,0.07708877067968221,0.27957972704778583,-7.517462827865261
03_18__walking_and_outside_surprised__8HNSXOBW.mp4,fake,True,0.03542750261070501,22.70176254272461,9.661339241380997,4.664799369056878,0.07707560233528697,0.8079490661621094,0.07252198457717896,0.6757238106654191,0.2840148309243726,0.22149686882822398,0.11595372986351989,0.20201722481516537,-7.4397909225691405
Grok_0001.mp4,fake,True,0.016091048340791773,9.2065224814415,5.366626012081536,1.630435976605697,0.04725044025530733,2.202632427215576,0.07639437168836594,0.9528893108823809,0.8324990979262417,0.03436230525247823,0.08135690598861568,0.19202177682191146,-8.379991880538313
Grok_0002.mp4,fake,True,0.010515283188489597,19.901403002738952,11.825926171430764,3.033792011817857,0.03228539337650738,1.6849967241287231,0.04748756065964699,0.9281160624397421,0.8600740740887178,0.02106455947474896,0.09037116425978352,0.13397050461429946,-4.932653460993277
Grok_0003.mp4,fake,True,0.01895034901966791,9.712830460071565,6.679225147532198,1.2013253367201022,0.055910545495683195,1.862718105316162,0.030101759359240532,0.9225367439975865,0.8389144215177007,0.022566722897448592,0.06340288269531441,0.25158461316025493,-6.6173382340475095
Grok_0004.mp4,fake,True,0.014587364141299916,20.357496905326844,14.286933154884618,3.433212153265509,0.03546357252467159,2.861633777618408,0.028805365785956383,0.9162069455926147,0.8411194637240781,0.02207532438776029,0.1699493222749817,0.10043679554945315,-4.110939553902945
Grok_0005.mp4,fake,True,0.011256699836425871,36.59746809959411,22.62500806193001,6.611827201346656,0.0377910509491719,2.021690607070923,0.06150706857442856,0.9023719799343899,0.3862202850660125,0.06918935875765704,0.12605023815258004,0.1385010195645406,-2.483073254763322
Grok_0006.mp4,fake,True,0.030159795120121034,8.187721812725067,4.61177545913873,1.0435281275157828,0.10028706162975358,1.8696677684783936,0.05563891679048538,0.9369747130129532,0.852914277810247,0.020162326959555065,0.15132071311636122,0.3474661853153345,0.7842966052554332
Grok_0007.mp4,fake,True,0.018585708970797973,13.97297025680542,9.464754953307983,1.3881978596410363,0.06185532770264502,1.4112482070922852,0.08962526172399521,0.8951199325010163,0.8113173085156673,0.02419936096269903,0.12932491654110936,0.24757404978947856,-3.149978685560834
Grok_0008.mp4,fake,True,0.021027917001609605,9.9338889169693,4.8909256587470304,1.9230022906943693,0.05288407289991739,2.987215042114258,0.028797831386327744,0.920147871313559,0.27341928085307216,0.05717205327589608,0.1097919679024843,0.24987324191588428,-6.194650664062378
Grok_0009.mp4,fake,True,0.009348885755775978,9.365859060287475,4.0759491950368725,1.51131303704841,0.028189633986305668,3.3780839443206787,0.023568034172058105,0.9159798251716631,0.7759942117332492,0.03153013263336165,0.08447058982941318,0.12051638262775641,-5.066491964945711
Grok_0010.mp4,fake,True,0.013534464396605833,6.247549288272857,3.4115586461331513,1.2340826467171502,0.0398844121829627,2.0201494693756104,0.042058028280735016,0.9311884514001714,0.8650572020550114,0.023873834075229108,0.16722090057500236,0.1207564793503466,-1.4740003896945186
Grok_0011.mp4,fake,True,0.012175804634386675,10.896380186080933,6.758738303446671,2.335284132385723,0.044054868455393345,1.5512239933013916,0.023006360977888107,0.9177897872884506,0.8500625377814539,0.020807980882093464,0.12057335655675908,0.2204204650584701,0.6549373368556878
Grok_0012.mp4,fake,True,0.009151862620880193,18.86341711997986,13.248179407396753,1.9155549052630176,0.028154421203192777,1.1075304746627808,0.02338280715048313,0.9420891294783711,0.831179607338381,0.02461125858193846,0.11937738575343058,0.10455635529928053,-4.472569818904667
Grok_0013.mp4,fake,True,0.018220856224302757,6.8206238317489625,4.084519439726696,0.9808374955837761,0.04954378767370308,1.321603536605835,0.026564788073301315,0.9120979361413222,0.8209637599827124,0.03118773465985675,0.11529548509401011,0.1632508727477371,-2.173880253897542
Grok_0014.mp4,fake,True,0.01372484477353019,18.48875778198242,11.990619731186833,2.62885139685905,0.04042826832566981,0.705636203289032,0.014778581447899342,0.9378278620287369,0.8676960226332484,0.019102399714230795,0.11618940445291755,0.1506796505910118,-2.4818313585666387
Grok_0015.mp4,fake,True,0.016606761128913034,32.8684069442749,18.633335945497414,4.269217429134956,0.046410429327541455,1.111694574356079,0.02198800817131996,0.8852306691705937,0.7691534423064798,0.03467081915098225,0.12572086539119232,0.19129679835651361,-6.0398117188671705
hf_20260810_113533_674f5bdc-9a68-4252-877b-376c901beb8f.mp4,fake,True,0.0063394818862048535,26.123924994468688,15.660360850977403,2.9013958487084657,0.018985848750007438,1.6457796096801758,0.022832753136754036,0.9148714678253625,0.8407524798672564,0.021698073670421727,0.07614569090661331,0.09447656490236384,-6.780692242920772
hf_20260810_113536_5300e85c-f6de-4b39-a178-6a63c6aa19d8.mp4,fake,True,0.008190967474534721,20.09335093021393,15.196482808627188,2.3089319095291607,0.021629169476711705,1.0721145868301392,0.01761317439377308,0.9392196996628344,0.8638701730230777,0.020236868443473666,0.06566766211050294,0.10035933345044619,-6.7070491261216505
id0_id16_0001.mp4,fake,True,0.02961790461957491,13.364351797103883,8.933902167864758,2.2825209423234614,0.11979669491599915,2.877782106399536,0.046625155955553055,0.7995449101919312,0.6139464470287705,0.0654958098110361,0.2861726866734079,0.21960636807969625,-4.056740076610947
id0_id16_0002.mp4,fake,True,0.023298022389745415,14.564425926208497,9.705954922308242,1.798715930525746,0.09332005080626077,0.8937910795211792,0.039105042815208435,0.948463381401632,0.8682436017681989,0.023288860674414522,0.16521808591500337,0.25249561732844017,-3.788136844815044
id0_id16_0003.mp4,fake,True,0.025148450781387277,10.155381569862366,4.391444444827638,1.714304428442361,0.08664814927638616,2.611370801925659,0.07768918573856354,0.8887039865708681,0.754591017266906,0.03579714144266113,0.11366128324412057,0.2546525723721494,-5.161227732925031
id0_id16_0004.mp4,fake,True,0.03632670838710555,16.590668454170228,8.948200598428585,2.8754214248667105,0.11709995098790991,1.9078696966171265,0.1254546344280243,0.8612892823288131,0.5618849656758709,0.08244253726267256,0.1739376118717423,0.2773381250237434,-8.205671943151822
id0_id16_0005.mp4,fake,True,0.0331162653524078,13.891799521446229,9.297850286482726,1.9573348082333264,0.11340919989972617,2.8457186222076416,0.07416895776987076,0.8754302341195177,0.5634305745007593,0.07173786503921657,0.2199569731606074,0.30099824921062407,-2.6538465590531004
id0_id16_0006.mp4,fake,True,0.028942048741409265,12.001034350395201,7.470208003882612,2.1312559952875056,0.09991396721906008,2.2271203994750977,0.056179940700531006,0.8976422785943643,0.8126522327044173,0.023684997923841728,0.23241775135935994,0.19440631538944006,-5.305328000364505
id0_id16_0007.mp4,fake,True,0.032245236812658826,22.531741390228273,13.203582607226483,2.6668927534194005,0.13501263643182412,2.211125135421753,0.0175340436398983,0.8995490537059426,0.737691570515587,0.04546965111957919,0.21585618495849182,0.30430628840833285,-7.360385168577124
id0_id16_0008.mp4,fake,True,0.03213303867304248,31.962444171905517,13.32986678733908,5.656181820488523,0.1497851281344463,1.4680392742156982,0.05197671800851822,0.8911284124355947,0.6887890221914913,0.06683211859049401,0.19727591974675007,0.36303356976354884,-3.5592822142414313
id0_id16_0009.mp4,fake,True,0.041154055287940604,16.005224418640136,7.018834113469688,3.7218357987920774,0.1447445060113723,1.8501166105270386,0.034133847802877426,0.9150950576220431,0.676937874056741,0.029507037123989586,0.22930763145209365,0.29811344795964384,-6.533665447738235
id0_id17_0000.mp4,fake,True,0.045051444605558995,12.677640595436095,6.0866795236554765,2.8355166673811865,0.16467121144798968,2.0710573196411133,0.029029494151473045,0.848307361466362,0.3549965133757799,0.08477587277457643,0.17169987925469857,0.38504704221770936,-4.363654055192271
id0_id17_0001.mp4,fake,True,0.04171622695701419,13.406189556121825,8.979115084374305,2.151909414990376,0.16323183465719074,2.8436574935913086,0.04670160636305809,0.7726565351449225,0.6257370484080658,0.06636770150352872,0.337995220705634,0.27764335950606717,-6.512583672522085
id0_id17_0002.mp4,fake,True,0.031162482521586102,14.720951976776123,8.447145209230694,2.064197844585111,0.11121298896951444,0.9616047143936157,0.03931343927979469,0.9365536499994125,0.8014889411282852,0.03291417562851476,0.18731649713913814,0.29116483234585594,-2.965913562280373
id0_id17_0003.mp4,fake,True,0.030198503093301295,13.238298978805542,4.783351299393154,2.0125398814450253,0.11917326612156993,2.6076581478118896,0.07775696367025375,0.8763265015843662,0.7438018946466144,0.03973875204843828,0.13327191098647365,0.29636284981319916,-6.140171322761672
id0_id17_0005.mp4,fake,True,0.07537888042513875,12.739667773246765,8.052579093633915,1.978799196047634,0.23728511860701892,2.8633103370666504,0.07445048540830612,0.8672826212565757,0.469245055961446,0.08330170615031174,0.28805354735517363,0.4187310840060528,-7.17731166464934
id0_id17_0006.mp4,fake,True,0.031744159954713434,14.389347133636475,7.209063166786223,2.103263012453496,0.09835111705905676,2.302619218826294,0.05614195019006729,0.8946899816359142,0.794570701077833,0.027788994560552106,0.2005254956946829,0.20321538384435667,-5.220030632233953
id0_id17_0007.mp4,fake,True,0.038958434898991284,23.028949189186097,13.037703679548672,2.7938479461415264,0.14584559008342166,2.2043254375457764,0.01756295934319496,0.8967240119243943,0.7310881409977189,0.045537360664753744,0.13223255665173048,0.4458571233498752,-5.008725553773564
id0_id17_0009.mp4,fake,True,0.039172468199034464,15.141416687965393,7.139121993367489,3.5511043557462765,0.15841616277778575,1.8494757413864136,0.03422806039452553,0.9024597974756362,0.06980100286692849,0.06545864345902885,0.23791337769987994,0.28866183341540746,-8.556537320609895
id0_id1_0000.mp4,fake,True,0.053623403710668385,12.983318586349487,6.1815507266304115,2.615188806932204,0.21201567717525713,1.9170362949371338,0.02904072403907776,0.837738093051574,0.2808776098052312,0.1221214763134996,0.23767281974015536,0.35889496797122117,-4.29035265273159
id0_id1_0001.mp4,fake,True,0.03363088404079537,13.795017724037171,8.982458795171368,2.2093639927125763,0.12024157041455812,2.9367177486419678,0.046676672995090485,0.7814129236944147,0.6199354591966896,0.07670170720574124,0.20962590248790763,0.2817885203865414,-5.043485343155739
id0_id1_0002.mp4,fake,True,0.02451868928887818,14.767695622444153,9.146481319577354,1.888355222332362,0.10268038744236581,0.9747401475906372,0.03920134902000427,0.933951491684358,0.8078882015119754,0.03465055558542664,0.19733978586368725,0.25753380386062313,0.37117071171690696
id0_id1_0003.mp4,fake,True,0.040615003261761415,11.988941278457641,4.59399458347061,1.6303044719166808,0.14485588770378946,2.601780414581299,0.0776025801897049,0.8605917113551389,0.7074605012564368,0.05232324632867062,0.15930283840420492,0.4425092803469394,-6.076364671577039
id0_id1_0005.mp4,fake,True,0.04806221569440419,14.104774186611177,8.508120095038986,1.839142724888734,0.15691171998812947,2.9753119945526123,0.07447277009487152,0.854501076014229,0.48282031881404525,0.09255669566955461,0.19367114362293356,0.3699063305060746,-7.4726318612196
id0_id1_0007.mp4,fake,True,0.05117238677020041,20.21284784317017,12.550220622672917,3.034364077067611,0.18118623409155124,2.367832899093628,0.017687449231743813,0.8994611236205496,0.7420279735225083,0.046256034620105795,0.1971060780113011,0.41144741688339587,-5.097762781723723
id0_id1_0009.mp4,fake,True,0.04095777596304534,16.205764904022217,7.105168903629327,3.360978154739124,0.1531899554410716,1.7901732921600342,0.03412500023841858,0.9096671542784466,0.6606248461322494,0.031777876019285965,0.21432722107775173,0.2977308468998869,-6.665920693181169
id0_id20_0000.mp4,fake,True,0.033404518823397525,13.920956349372862,6.215226450994533,2.491038830473334,0.1171354674924762,1.9217497110366821,0.0285464059561491,0.8585243637832881,0.14439519051557542,0.09574173782269153,0.15098926216307024,0.2757941979512435,-8.05425281287679
id0_id20_0001.mp4,fake,True,0.029896590977569717,12.619549832344056,8.126220635014398,2.0811483871229086,0.09331556208433914,3.037412643432617,0.045718271285295486,0.8115561194428669,0.6582478142990509,0.07446823303925895,0.2379329762515319,0.2014506433726435,-4.680913843543273
id0_id20_0002.mp4,fake,True,0.02157781761560699,15.194968209266662,8.898375694710868,1.457120876135944,0.0696597744066853,0.9596653580665588,0.03874075040221214,0.9404331621337839,0.8067705709100481,0.030416594089195018,0.11209385660763516,0.23481461245809343,-5.385490835605128
id0_id20_0003.mp4,fake,True,0.02729211353585766,11.389559364318847,4.422970883936422,1.5956477101522395,0.0950866269214001,2.662043809890747,0.07726949453353882,0.8566484145409584,0.7230823595170901,0.04916007893748366,0.11314528067450311,0.3031190576013535,-3.873479197223518
id0_id20_0004.mp4,fake,True,0.025162480179872028,16.219248294830322,9.105086016984075,2.6372384231075303,0.0760749969682767,2.0648226737976074,0.12314438074827194,0.8529346110113111,0.5580528982178053,0.09086336100751562,0.08445431121653595,0.35153741552227,-6.658320984065748
id0_id20_0005.mp4,fake,True,0.02789585239225499,13.463417763710021,8.987070078969262,1.9636119522188873,0.11171259614284734,2.860135555267334,0.07298007607460022,0.8569371226852334,0.5245551315918929,0.09245590009412043,0.1239608702337961,0.3730814630148892,-6.675683071420075
id0_id20_0006.mp4,fake,True,0.02207720325490994,11.428499155044554,7.026514202034876,2.1257503805122075,0.08415057187381536,2.378140449523926,0.05533669516444206,0.9022465298634748,0.8311668955056233,0.020606549550818618,0.2126471988800765,0.18714229335368696,-4.252531955812361
id0_id20_0007.mp4,fake,True,0.02442422961681199,20.516444454193117,12.7728173498968,2.6221682942598763,0.10449718795555979,2.216221332550049,0.017269564792513847,0.8941077833175912,0.7062131549780272,0.05481111516473024,0.17738221968778276,0.27344073407439345,-1.2857723436944428
id0_id20_0009.mp4,fake,True,0.03481975526398153,16.081364035606384,7.308937058505192,3.723449419634457,0.12574204304774922,1.814073920249939,0.03321385383605957,0.9094235476389774,0.39548990414868807,0.035557027914886394,0.23460360343309447,0.24223941756848735,-4.45049275892853
id0_id21_0000.mp4,fake,True,0.03296687035208951,14.40839970588684,6.2943172561726,2.8228225158689386,0.12418298465229004,2.0788140296936035,0.02858654409646988,0.8578029187319965,0.3334007566879643,0.07751323717077492,0.18045685928549515,0.2761392527329849,-5.267661400906785
id0_id21_0001.mp4,fake,True,0.030770624873847498,14.640072059631349,9.270443040718733,2.1085589187724745,0.1032594514127458,3.0702121257781982,0.045786719769239426,0.7470319689904542,0.5735277972850814,0.08157440079632863,0.1926506339300161,0.2364251054231306,-3.9092025535045916
id0_id21_0002.mp4,fake,True,0.022692805549028854,14.91130006313324,8.82615623279299,1.4898248258730455,0.08588810867540374,0.9067631959915161,0.03868936747312546,0.9324354137427288,0.7840697355984377,0.03371441765345409,0.12117460593320187,0.2714806201702758,-2.5837337842113812
id0_id21_0003.mp4,fake,True,0.03159227181603764,10.525428977012632,4.558270336062787,1.642204119125388,0.1049941583100261,2.5507888793945312,0.0772399827837944,0.8629233140750355,0.7259736856649587,0.04921522324050139,0.09353233835892041,0.37902602160597193,-6.73519232707728
id0_id21_0004.mp4,fake,True,0.037522867288968705,16.83828751564026,8.728228597326511,2.4036742616991202,0.12259106395674793,2.029680013656616,0.12295529246330261,0.8208054596233143,0.46208918012196043,0.10633258990982136,0.10036276065155468,0.4642303291878164,-7.761582053385383
id0_id21_0005.mp4,fake,True,0.040162084828968644,14.07157531261444,8.945778160489983,1.9237951301511163,0.1227287356008725,3.0024173259735107,0.07288166135549545,0.8667674867514956,0.46649143706672225,0.07477360811592554,0.12321036050729006,0.40167897569987987,-7.328306455541264
id0_id21_0006.mp4,fake,True,0.020944822755140678,12.607492127418519,6.834081550278467,2.035689455046597,0.07733545131628035,2.4903147220611572,0.055384885519742966,0.8765175837490407,0.7759172364960175,0.038497459057154494,0.2028624218270071,0.17418963976998558,-5.450514991435092
id0_id21_0007.mp4,fake,True,0.02531497740284812,20.363066651821136,12.76165970702261,2.535043998925646,0.10500509922423032,2.2894301414489746,0.017104214057326317,0.8913588265943738,0.6446021147679587,0.06327102852999626,0.1518273585506027,0.28642269930121395,-1.885394387810655
id0_id21_0009.mp4,fake,True,0.034319216635563456,15.95710268497467,7.0622221325299686,3.680163648383072,0.12359160083272018,1.8350497484207153,0.03316430747509003,0.9004500663758898,0.31085740560396147,0.058616076186972295,0.17094430517354298,0.32777225726927567,-5.762612127530432
id0_id23_0000.mp4,fake,True,0.03794423218455441,14.20336319923401,6.144704252069741,2.8929120900857326,0.1422555163435814,2.0852150917053223,0.028503939509391785,0.8437867821675549,0.19248466495052124,0.1157645835159455,0.12395644910380643,0.3696161926140401,-4.658753655748714
id0_id23_0001.mp4,fake,True,0.028736292620943307,12.60032236099243,8.020623161737674,2.140559136819399,0.10441894362838929,3.0024943351745605,0.04568057507276535,0.786394022995284,0.6286853810790585,0.07470631112445897,0.23364518887551924,0.22194147178030357,-6.3655220679582545
id0_id23_0002.mp4,fake,True,0.019600673247659732,13.636549539566042,8.93712148593494,1.5480710934126196,0.07583360602310915,0.9386486411094666,0.03851330652832985,0.9402343926292971,0.8166621326978181,0.030519231816110104,0.14295543650102865,0.21631838225545383,-1.9278294039385275
id0_id23_0004.mp4,fake,True,0.028048600689606743,17.056580686569216,9.31260969485242,2.865392131844258,0.08855376365012446,1.9383031129837036,0.12285169959068298,0.833545535111232,0.4802456952127867,0.09352428513504367,0.1141701481511328,0.2874608713653075,-7.559379186484629
id0_id23_0005.mp4,fake,True,0.028974333721228738,15.221512432098388,9.078019135730719,2.14309621110984,0.09009369831885174,2.8284871578216553,0.07239353656768799,0.859559176256224,0.5388486441403817,0.07433240222766238,0.10967951964762247,0.33443696925679495,-6.787473017167624
id0_id23_0007.mp4,fake,True,0.02629369565337749,20.149450721740724,12.836073534891849,2.603170945264963,0.10873896226461215,2.3349428176879883,0.017082244157791138,0.8832486825051798,0.678714300118597,0.05645922957496611,0.18877672855823907,0.2646892733643032,-6.472101444845519
id0_id23_0009.mp4,fake,True,0.03476869466572076,16.124082770347595,7.404385158856368,3.9857434879888927,0.14389917117567316,1.6632635593414307,0.03294767066836357,0.9065102206017377,0.44972876458581057,0.03861177810407561,0.25065466016913046,0.25261208447470135,-2.2882456399914233
id0_id26_0000.mp4,fake,True,0.03894054416469113,12.245600509643554,5.970715412099623,2.562686816104221,0.13954053037898975,2.0448310375213623,0.02854628674685955,0.8801166486704384,0.27301100804999834,0.06270337397627478,0.12087324108972274,0.3477214257738142,-3.5057864369201095
id0_id26_0001.mp4,fake,True,0.033539852485895826,12.830414395332337,7.899406847332177,2.314423205131834,0.110730481332536,3.084691286087036,0.04581188037991524,0.7815490812730639,0.6400039779184212,0.05884899369620841,0.2395378029475888,0.21414406922415835,-5.252911405353565
id0_id26_0002.mp4,fake,True,0.01791501460781715,13.815481958389283,8.572791003894805,1.8332876892009005,0.06750182412920464,0.9098386168479919,0.038662075996398926,0.9501541833486625,0.8416740469674714,0.02557864540891923,0.12162372591520236,0.21578542257576352,-4.178192624535292
id0_id26_0003.mp4,fake,True,0.025384837979221017,10.471848101615905,4.05070040965576,1.5615253204422648,0.09449790266245894,2.7609426975250244,0.07732581347227097,0.8859048105945608,0.8053025119351991,0.03470326902913807,0.14137301043668227,0.24459309087974448,-5.46136963531838
id0_id26_0004.mp4,fake,True,0.024661275648094054,16.15739318847656,9.198987757801278,2.474718804718402,0.07610562858632575,1.9043930768966675,0.12291723489761353,0.8441994384769236,0.5455786317814545,0.07886021218753603,0.08627230828315142,0.316114085343853,-6.887364211438868
id0_id26_0005.mp4,fake,True,0.04334533748432286,13.75757468700409,8.28882622125102,2.018256106342508,0.13681130944365993,2.6690778732299805,0.07289920002222061,0.8802026197872905,0.4727945154895531,0.07892251030610656,0.18489153416662615,0.32245969224774274,-6.3019864448244345
id0_id26_0006.mp4,fake,True,0.023330696419852404,13.12073318004608,7.0225308042786985,2.218981780591688,0.08375257082987486,2.456071615219116,0.05540165305137634,0.9019800157611952,0.7977930187395337,0.027026212769575446,0.20067007886270738,0.1897088547380413,-6.776013378268871
id0_id26_0007.mp4,fake,True,0.03030012131006306,18.596990365982055,12.20384487730476,2.6131451169070434,0.12380440701357727,2.1724915504455566,0.017131147906184196,0.8995782790133707,0.7494547028584064,0.044087822255322415,0.15099525855092288,0.31820805325009127,0.11791891485985938
id0_id26_0008.mp4,fake,True,0.025280559084335054,23.569359755516054,10.939581164255225,3.728097658315899,0.10357047570108507,1.5506770610809326,0.05111612752079964,0.8979870377232096,0.7203464733806203,0.05625387784597546,0.1460217571579602,0.3174253806156505,-8.173316262679045
id0_id26_0009.mp4,fake,True,0.031362053714800026,14.965529494285583,6.797447841936542,3.078963028725615,0.1080894548613501,1.6976220607757568,0.029647130519151688,0.9222434876698332,0.5766708372373351,0.034418328714606816,0.2309882426631273,0.21691867587824784,-8.537947090663057
id0_id28_0000.mp4,fake,True,0.03918264853104892,12.135723247528077,5.949718299862704,2.4340861916712337,0.1378848011494789,1.9408516883850098,0.02862020954489708,0.8578566152293586,0.11162460367077909,0.07736889326005938,0.10809715281874838,0.35795089712805994,-5.588008174660658
id0_id28_0001.mp4,fake,True,0.028298786037961102,14.37676914215088,8.604677368854924,2.373709857987919,0.08908767982913403,2.9854133129119873,0.04577683284878731,0.7836162617727541,0.6301434669637113,0.060737209206427105,0.18552476141680088,0.22023836164094032,-5.854490681949902
id0_id2_0000.mp4,fake,True,0.04731869932191773,13.186708936691284,5.982115191980542,2.7972296257117466,0.18360776865124515,1.830336093902588,0.0290237907320261,0.8474628539095811,0.3296276591144708,0.09762892333984186,0.18216345852357008,0.3735246450706403,-5.665197651820453
id0_id2_0001.mp4,fake,True,0.03290401162014605,15.278919529914855,9.438648642360574,2.2691433177881137,0.12970892217463484,2.9652273654937744,0.046654220670461655,0.7865711181648198,0.5713540372780264,0.05952722454545316,0.2883782448060721,0.24102774152779158,-4.582015197504472
id0_id2_0002.mp4,fake,True,0.024859261954751386,15.109468183517457,10.157098990610669,1.6926204002444176,0.09822572510760394,1.0256420373916626,0.03932229056954384,0.9491824380126236,0.8343966433391798,0.025416159710733636,0.17278414807274148,0.26995700075790735,-3.0239212307080536
id0_id2_0003.mp4,fake,True,0.02732550335632412,9.396346268653868,4.519954210062333,1.5254059226587708,0.1035884873072594,2.7801547050476074,0.07769906520843506,0.8869457386382747,0.7625554216624384,0.040613601642479555,0.11625273848399471,0.2831674031271278,-7.964713143915389
id0_id2_0004.mp4,fake,True,0.027086952176121063,17.001429991722105,9.224794439011557,2.4546306377503115,0.09522750264787057,1.8250919580459595,0.12545020878314972,0.8482808726299544,0.57120344494128,0.08188064681385594,0.15595270937808578,0.28738573033355574,-4.470509339212857
id0_id2_0005.mp4,fake,True,0.03588599634001159,13.275590791702271,8.60765333181373,1.917767302606784,0.13173339422619898,2.7494595050811768,0.07437407970428467,0.8818477586006256,0.48885681988590735,0.08231577646419874,0.2055640119720105,0.3385939592370526,-5.150003970129051
id0_id2_0006.mp4,fake,True,0.027342322863765985,12.931585941314697,7.383469994478904,2.6561291981906665,0.10356902630276496,2.229867935180664,0.05612361803650856,0.8825755613163191,0.7725429976557562,0.029203529321392554,0.23588344557672603,0.2052842414752698,-7.721953988389611
id0_id2_0007.mp4,fake,True,0.030124673062167824,22.080733304023745,13.158751113175848,2.8020175278481654,0.11275207004764777,2.208847999572754,0.017681023105978966,0.9090120666078336,0.7162593302956882,0.051900227427239244,0.14843149417978038,0.3155723232103116,-4.676702671213313
id0_id2_0008.mp4,fake,True,0.028518104771990963,35.40370323181153,16.25840121844719,6.247523753602166,0.11287347409726754,1.3879958391189575,0.05208953097462654,0.8901092326696772,0.7043953535243784,0.06683296367159254,0.1385759129965333,0.36496754666359676,-7.374404723777031
id0_id2_0009.mp4,fake,True,0.03570073373025654,16.856945829391478,7.329889292850577,3.697997760586566,0.13256952144902026,1.876738429069519,0.0341852642595768,0.9171380221239346,0.6024095258335159,0.031126432137304396,0.19978970236370322,0.29329761064742743,-7.244806441753903
id0_id3_0000.mp4,fake,True,0.038906866072265664,12.961095700263977,6.05686036454509,2.8059464374370657,0.13805059586008125,2.126970052719116,0.02905670739710331,0.8480308825680248,0.16806097594452682,0.06787729186284693,0.16957245102805543,0.3167338363748673,-3.7801510303719494
id0_id3_0001.mp4,fake,True,0.026099679913743627,14.80290672302246,9.280965152164498,2.341883863659979,0.10668866433434648,3.0169389247894287,0.04662793502211571,0.7680083224498451,0.6540345310348683,0.054443991040991714,0.21517400467937778,0.22656180765838885,-3.0508492905161937
id0_id3_0002.mp4,fake,True,0.023332630585720302,14.888489956855775,9.171380054787228,1.9982179831790567,0.095368298135976,1.0270832777023315,0.03927037492394447,0.9335751518247951,0.7755914221339429,0.03143664044229482,0.17874948226462217,0.26665779573970033,-2.6797044190507084
id0_id3_0003.mp4,fake,True,0.02638524351476534,8.764002614021301,4.763906348463719,1.6887195767702525,0.09908642226153394,2.559462547302246,0.07800822705030441,0.8836977752110797,0.750967479528108,0.0332356725898485,0.15862525490916396,0.23800618644811233,-5.637336668862528
id0_id3_0004.mp4,fake,True,0.03496771678216477,16.30649796485901,8.677294663827112,2.9172021949190845,0.12146672630446521,1.7977315187454224,0.12535345554351807,0.8299569984734795,0.49142913030377544,0.09295631345902816,0.159627575798222,0.31326982182427193,-3.935708919892027
id0_id3_0005.mp4,fake,True,0.0376723358742765,14.73443202972412,9.163751125704488,2.004149913218076,0.12349276009253318,2.690671443939209,0.0743069052696228,0.8630550177334599,0.5283819595322072,0.07423783955341255,0.1820422547248131,0.34332872586116686,-7.091581718900124
id0_id3_0006.mp4,fake,True,0.031198971151816916,14.37741771697998,7.219766217655457,2.6604471868715978,0.10147798751699216,2.21045184135437,0.05618759244680405,0.8868204224716904,0.7841682049249935,0.031217835866438302,0.2700778611301893,0.18265008098363755,-3.2801689214372436
id0_id3_0007.mp4,fake,True,0.03914783858482154,22.65685730934143,12.9388717472827,2.6540555494087936,0.14473915646906252,2.2252728939056396,0.017656594514846802,0.8875619117955104,0.7092479237585814,0.04961007706101575,0.17602257683660955,0.33037802763818946,-4.171670457529727
id0_id3_0008.mp4,fake,True,0.03500711752947054,30.58218500137329,14.028390493305592,5.528846023153545,0.16030795294301012,1.814044713973999,0.05186530202627182,0.8769800836135316,0.6123457687664887,0.07236611010086069,0.1981120413017828,0.3521233791571615,-5.4787273514008845
id0_id3_0009.mp4,fake,True,0.04418723328097395,17.673248777389524,7.219347581683173,3.7265327987693575,0.15407348125445933,1.8570401668548584,0.03417915478348732,0.9031051873720772,0.6723462725016918,0.030712604319449412,0.21938226078290265,0.306961949591669,-6.629407348721959
id0_id4_0000.mp4,fake,True,0.04165811925245928,12.433315420150757,5.922024985401078,2.8669958427016677,0.15759081040948952,1.9091805219650269,0.02905947156250477,0.8413648252456996,0.41266644731087154,0.07310934577090783,0.21262654602798128,0.3244535967532956,-4.656482745964959
id0_id4_0001.mp4,fake,True,0.031240132478346453,13.564531891345977,8.868496238618793,2.398740945488336,0.12345960420170163,2.989133596420288,0.0466170497238636,0.7927622131999367,0.6324666743961486,0.06975132297841741,0.2754644345160882,0.23343923836693703,-3.0923441757432095
id0_id4_0002.mp4,fake,True,0.026678975994776394,14.454874482154846,9.031507279000962,1.9729740653589114,0.10399857645160865,1.0316020250320435,0.03915895149111748,0.9236760754542048,0.7840049954479537,0.03341249021676351,0.20943244815529297,0.2506061306275405,-4.248029079573002
id0_id4_0003.mp4,fake,True,0.027159851286524213,11.932292566299438,4.72033179072216,1.7206775329695347,0.10502970268353341,2.8097798824310303,0.07761476188898087,0.8535934775043478,0.740056174830871,0.03824978429817447,0.15078053638945005,0.2533090566854666,-6.82477635571488
id0_id4_0004.mp4,fake,True,0.025603477497578787,15.666238079071045,8.571735507322966,2.636103558296717,0.08132113326902271,1.867531180381775,0.1252107471227646,0.8321808183563882,0.4516907445499029,0.1040621400229046,0.13002977837940355,0.2514453937120005,-5.303014833956093
id0_id4_0005.mp4,fake,True,0.03131960424657523,13.52035927295685,8.680373812007488,2.0115879943715615,0.11306933979588428,2.790987968444824,0.07414752244949341,0.8404765513470556,0.5187833649357378,0.0797687441444932,0.16923281877143248,0.3158904288629291,-4.020869112502537
id0_id4_0006.mp4,fake,True,0.031920294247256724,12.810241060256958,7.585541547204225,2.3175545666088815,0.1125223163074636,2.1865062713623047,0.05608503520488739,0.8895809862162428,0.8105625802298114,0.02394946174180757,0.31091510023473123,0.19363383787625285,-4.599661138833734
id0_id4_0009.mp4,fake,True,0.041070492300942334,15.074266304969788,7.0044935499799665,3.677740239004015,0.16211118541456454,1.6870447397232056,0.03416280448436737,0.8859470509329329,0.6718776966680844,0.03603285939894544,0.2599763625394393,0.29480242317970906,-3.3937798016936545
id0_id6_0000.mp4,fake,True,0.041673605381817844,12.262042627334594,6.334986540692412,2.8268433161275106,0.1640533126475218,2.0343377590179443,0.028964828699827194,0.8667708172558982,0.2818681146535304,0.10858336346628805,0.1616293003294759,0.3560413525365865,-4.748478834794968
id0_id6_0001.mp4,fake,True,0.03196766197659384,13.960757374763489,9.18033776491782,2.479098547493966,0.11749914972342552,3.031864643096924,0.04661809280514717,0.8103354896521735,0.6855188986945201,0.05775824120876406,0.22116497060817858,0.25604037336581553,-7.30422166014828
id0_id6_0002.mp4,fake,True,0.026274102840160445,14.990260486602782,9.474517967769078,1.974237379373884,0.09762330730162494,1.0434925556182861,0.03903960436582565,0.936521418159275,0.7940345830247921,0.02990075956033475,0.17971058936574075,0.2515604239856306,-2.5084898924238304
id0_id6_0006.mp4,fake,True,0.027490909516106606,14.27203399181366,7.55588341553113,2.8181970363607856,0.10278171975588436,2.4161930084228516,0.05610422044992447,0.9125984514655542,0.8085476468114831,0.028747846635911956,0.27945854896493344,0.1848256853855702,-4.6731527187365
id0_id6_0007.mp4,fake,True,0.03102472771181191,21.935127534866332,12.20146714321009,2.9314777425179916,0.12532204991565296,2.2704710960388184,0.017467711120843887,0.8781159546455796,0.7039796908412722,0.052843001058421726,0.14498204910047469,0.33542364771978944,-5.517857079884885
id0_id6_0009.mp4,fake,True,0.037211805563834265,17.163777046203617,7.546928515148978,3.530626642893073,0.13729912438012298,1.8283239603042603,0.034127961844205856,0.8958401622035114,0.1298105458727524,0.060574831994690014,0.23415778525864006,0.26889067560202656,-4.0741646762479276
id0_id9_0000.mp4,fake,True,0.04572742736836712,12.52341356754303,5.976913749718545,2.732210043612874,0.1659899981621656,1.8311253786087036,0.02911054529249668,0.8623501254854266,0.24919429554990263,0.10544423797950545,0.1977607640450022,0.32237742521749385,-2.242869417306404
id0_id9_0001.mp4,fake,True,0.03107505009619656,13.57459635257721,9.27160713008528,2.2839622583285304,0.1149559491221939,2.8847055435180664,0.04674110189080238,0.8092709015478101,0.6745201036777513,0.06059710916409989,0.2706662540786506,0.23319812817131952,-3.5232523348924483
id0_id9_0002.mp4,fake,True,0.024716499356842322,14.170295433998108,8.3724510142122,2.2707535492233895,0.08964058318895395,1.1096324920654297,0.039484988898038864,0.9435348446296481,0.8592551712797362,0.023127478189648464,0.1305503114052362,0.25972042650325106,-2.855254581104034
id0_id9_0003.mp4,fake,True,0.024007400368507913,9.649867401123046,4.638535956029405,1.5240992648841305,0.0938627911629955,2.744419813156128,0.07796765863895416,0.8967932759210927,0.8043239942830087,0.03394920135572536,0.116488300234541,0.25620647126865825,-4.849521092964216
id0_id9_0005.mp4,fake,True,0.03811476012943457,13.310614912509918,7.938964731490691,1.8013091262196552,0.1288612113653315,2.7722010612487793,0.07474682480096817,0.8957204559475829,0.4986230523466945,0.07275463086796327,0.20067147193329887,0.3490653041484388,-2.573523752961799
id0_id9_0006.mp4,fake,True,0.0294690240929588,13.330782251358032,6.853156365698643,3.0684201357009653,0.11113639949130616,2.2856087684631348,0.05627135932445526,0.906887691203937,0.786712313212853,0.029761472154588707,0.32712426938415534,0.1736762518339395,-6.316960974506801
id0_id9_0007.mp4,fake,True,0.03648581539638131,21.649453978538514,12.834103742208262,3.0419702789701333,0.13378247295855916,2.3185174465179443,0.017725903540849686,0.8926984506397246,0.7024508995485957,0.055261463846948265,0.1098268320725572,0.44024489129494454,-2.085078865368351
id0_id9_0008.mp4,fake,True,0.029988881960736468,36.06547882080078,13.448644608546946,5.969700613717412,0.1221237469276471,1.3268944025039673,0.0522330105304718,0.9061243970876494,0.7778412553412356,0.04542650488153555,0.12928064123346145,0.34866780329106767,1.0509434017207455
id0_id9_0009.mp4,fake,True,0.03821766147423259,14.538112339973448,6.881076994070442,3.042798946240064,0.14558979879148648,1.9102694988250732,0.034364428371191025,0.9328872830772413,0.727183661516716,0.026484180324687127,0.2313997351383744,0.29075399709560523,-5.553960548447394
kling_0001.mp4,fake,True,nan,26.557614850997926,9.025759223081447,5.4766012070757855,nan,3.7169837951660156,0.05902921408414841,0.7061905616320933,0.06454236394259341,0.12113550596584698,nan,nan,nan
kling_0002.mp4,fake,True,nan,49.63394731521607,27.836743471178895,7.07312365458173,nan,1.931455373764038,0.05387544631958008,0.8839332473544042,0.6905688571022178,0.05038557176798577,nan,nan,nan
kling_0003.mp4,fake,True,0.010390061613221781,22.969678974151613,12.053846983125915,3.823794177783003,0.038676681020174825,1.9138000011444092,0.026995571330189705,0.9432985445606434,0.8577004436832133,0.020527297745041945,0.15511173214254273,0.16962244909514512,-2.547315726291623
kling_0004.mp4,fake,True,0.011436026326444321,34.23432049751281,26.958354321871557,3.224429525372406,0.029264835006719316,1.438569188117981,0.0263374000787735,0.927146875519445,0.857753045583895,0.020823050948227513,0.15995304305620045,0.09238466713475615,-6.466134548778682
kling_0005.mp4,fake,True,nan,24.56265354156494,12.8459715597173,4.479563635861508,nan,2.5635969638824463,0.06730259954929352,0.8705577773117613,0.6212456109919283,0.0704092887215623,nan,nan,nan
kling_0006.mp4,fake,True,0.02146802534084756,22.18879787445068,11.895369960222279,3.829109984641083,0.07255087024242045,3.787523031234741,0.029157845303416252,0.8884692265095598,0.7636480712746336,0.032317548526971294,0.07058403253465297,0.39328137292979665,-4.266435174139614
kling_0007.mp4,fake,True,nan,28.965593419075013,13.107987462584177,7.347257525188998,nan,3.1734955310821533,0.024699999019503593,0.8385919029952721,0.5333212572991921,0.06046075404210565,nan,nan,nan
kling_0008.mp4,fake,True,0.00737999478522369,30.16655510902405,14.943609494878975,4.4083553220553355,0.022030845818628655,2.371633291244507,0.02069113403558731,0.8971441185413914,0.7489535811766153,0.0428222008966631,0.050282891534354744,0.10892914240866289,-5.210668002005791
kling_0009.mp4,fake,True,0.018586635123798045,30.797511911392213,9.920512828878854,5.896701916691619,0.07676965905562111,4.127244472503662,0.04570665955543518,0.8364508411742946,0.5559781948377446,0.05376394836093505,0.2352687837601761,0.19419136730194816,-2.7227546201126698
kling_0010.mp4,fake,True,0.025053507415189386,14.512498650550842,5.4780175136231986,2.6385937941276603,0.0557720160186929,5.889404773712158,0.06249294430017471,0.893415460616586,0.7998899583171276,0.025523383409098675,0.12121585145847939,0.20059589454265397,-8.227847527317007
kling_0011.mp4,fake,True,0.028013370758733485,12.550486934185027,5.133023175055331,2.166055511512262,0.08475419962736494,3.4300765991210938,0.046082817018032074,0.9126488227438507,0.04936423456022746,0.11387251333014105,0.32496410479429855,0.14059193586788643,-4.983802421630123
kling_0012.mp4,fake,True,0.014414517176556623,4.630408215522766,2.8960420415213495,0.5291065475432145,0.03978694344060015,0.6424362659454346,0.02159716933965683,0.9552955887904947,0.8940150778020775,0.015334296626343424,0.13475222814867188,0.13929563571141287,-4.592644614993623
kling_0013.mp4,fake,True,0.014390115044172163,10.502586317062377,7.502959423361973,1.5347191953187391,0.04833096335973569,1.047763705253601,0.019356150180101395,0.9671555945023709,0.9161782392725429,0.011671039396468725,0.14570882601244697,0.13422407541280754,2.223468203196293
kling_0014.mp4,fake,True,0.009622454872440749,9.514608478546144,4.5694721375065726,0.9540715876526336,0.029147786108553574,0.7430624961853027,0.030555598437786102,0.968550790373501,0.9325741067855365,0.009639194439222192,0.0794201832499507,0.11326704750397579,-3.5160614147222597
kling_0015.mp4,fake,True,0.012186755054527596,18.922201619148257,15.377107513910508,1.5594161150924508,0.047721708346809166,0.5744207501411438,0.024799667298793793,0.9566128477180929,0.9166807146600241,0.012435667163363518,0.18977202637398344,0.10838153341453878,-2.3166657488840037
kling_0016.mp4,fake,True,0.012162674936988947,16.85739655017853,12.06789356144992,1.6841946708667719,0.04007711087374719,0.755016028881073,0.023871108889579773,0.9247534712091814,0.8437114014297888,0.025672686676856904,0.09167678889730185,0.16302422086951,-2.0140457524705413
kling_0017.mp4,fake,True,0.009397451922571416,21.60882380962372,14.774067091120722,2.755250979677254,0.02918098128684925,1.6004527807235718,0.01799936778843403,0.8874758416535687,0.8090148130879354,0.025431758541131024,0.062050067783965775,0.15179728463102035,-0.6038074175700383
kling_0018.mp4,fake,True,0.010130960994902303,30.15810902118683,18.40289284929695,4.51691978192074,0.039241788125866255,1.110378384590149,0.02513035014271736,0.9469103227816325,0.8807481397882466,0.018980731071524967,0.1984552523843626,0.09345133088448923,-2.02465691486771
kling_0019.mp4,fake,True,0.04030433352053817,18.543898022174833,9.700300251220732,5.23629132844696,0.10374640850552763,7.490715980529785,0.018717573955655098,0.8209510765766141,0.5733090363628259,0.08403284836298835,0.21791249674023552,0.2134570488926771,-7.660305209262209
kling_0020.mp4,fake,True,0.01580018398457533,33.13061890125275,20.38555686804107,4.766754146379994,0.049469218378084455,5.421966075897217,0.07904677838087082,0.8541015406433433,0.6809967961838581,0.03974346337251651,0.181776864693181,0.1261028811807865,-3.568541314218758
kling_0022.mp4,fake,True,0.013312987128104848,31.51783064365387,23.936431116494127,2.9959913422505773,0.04997566260465898,2.288625955581665,0.046708885580301285,0.8331369435950642,0.7464582902298005,0.03513922396597248,0.11622857653345434,0.20599914451217732,-1.2562926317968075
kling_0023.mp4,fake,True,0.009274876433854747,21.78488787174225,14.061562806065217,2.178614677229655,0.02675499500040974,1.3921221494674683,0.022548746317625046,0.9264938924195925,0.8130598626225832,0.028269219639172782,0.07950661969837358,0.14089874666383975,-7.179865988462515
kling_0024.mp4,fake,True,0.019068767297829834,27.064624176025394,6.148080996562421,4.608012691229757,0.06362465953568322,2.210075616836548,0.046362970024347305,0.8590080214201619,0.6406793835248601,0.03762298533243492,0.19996390087705998,0.1729740983563829,-6.216986675859514
kling_0025.mp4,fake,True,0.01679777786183742,16.037681293487548,8.992107827070464,1.9198670570513163,0.04837851656794031,1.0508726835250854,0.019016889855265617,0.9370931928068449,0.8161762404961939,0.03133489761630342,0.22568440401847115,0.10920088994944045,-6.084361905760728
kling_0026.mp4,fake,True,0.009083498872406429,40.92064141273498,29.53472608146245,4.926327038097737,0.027244070928057303,1.940120816230774,0.02576896920800209,0.8870974665874239,0.7308267978116638,0.04647825587757474,0.11555010743531685,0.0842862400919786,-6.343896829646441
kling_0027.mp4,fake,True,0.07175482387960565,32.47881920814514,16.402863473104055,6.610482690175172,0.1684245761353937,1.5610601902008057,0.06751355528831482,0.8556768502978914,0.60171860451442,0.08059902049761805,0.1303419619157469,0.4823854283083895,-5.659783034942927
kling_0028.mp4,fake,True,0.030509366945570413,19.534672350883486,13.338566083767002,2.381928796303221,0.08617280356307734,1.7847927808761597,0.01646575890481472,0.8493184138348943,0.05571749719910977,0.07776112056369686,0.19013176948286334,0.2592518681825534,-7.9525964774443345
kling_0029.mp4,fake,True,0.03327809747153233,28.85957953453064,15.123407955607014,5.771111399911066,0.10190046993220506,2.1290903091430664,0.023785607889294624,0.859990544908026,0.7418585799944782,0.0437993112317261,0.2840252694645049,0.3128937916178891,-5.233710569277049
kling_0030.mp4,fake,True,0.01924776903004639,30.238710832595824,17.597107154396287,5.25713977554909,0.06096757328623633,1.3850419521331787,0.08593165129423141,0.9246603276105008,0.3007385414739149,0.05369264388336909,0.08276206435233943,0.2817804609781917,-3.301792259888439
kling_0031.mp4,fake,True,0.012259655633468114,21.23438430786133,14.966628150633264,2.0447106437462783,0.03995557674166861,1.1957286596298218,0.012320383451879025,0.9134840383792132,0.7827265286811468,0.03288245213623546,0.16589936983439005,0.12091607410851357,-2.8667715205136663
kling_0032.mp4,fake,True,0.012185729701550041,7.403443074226379,2.7282613525351054,1.0020415921641446,0.03402609607763418,0.862346351146698,0.010379506275057793,0.9508882487627297,0.8599664346601785,0.021809814378143763,0.10272214990876449,0.13168738824277415,-5.987698830395599
kling_0033.mp4,fake,True,0.00984756957600757,13.9063799905777,11.160713056152785,1.3686159480376348,0.03363087035606141,0.5707612633705139,0.01759098470211029,0.9520243619494314,0.9111335957216272,0.013391697735736915,0.14458001400759324,0.10580973279923352,-4.780178832342144
kling_0034.mp4,fake,True,0.009574550942230234,19.84365894317627,14.671804977779074,2.388226391391198,0.03363324633366452,1.5803884267807007,0.016436152160167694,0.9091985243748697,0.8227978509654398,0.03139525734262253,0.10947841111706197,0.112101198228443,-3.4827387764804616
kling_0035.mp4,fake,True,0.011540360338748567,13.10929566860199,8.895832801557676,1.4300684382725477,0.037309354579025546,0.7427020072937012,0.019275197759270668,0.9564348241347392,0.873839819740168,0.02175040513702133,0.14656582664997936,0.11753207026135833,-6.701232926955686
kling_0036.mp4,fake,True,0.011822580877054331,8.71778489112854,3.9642389852674174,1.3486684795306432,0.03400646315211246,1.3651481866836548,0.03494381159543991,0.960916283529297,0.9017013246143242,0.020302400879557238,0.08910813091535583,0.14575946567614476,-6.412370999396843
kling_0037.mp4,fake,True,0.010383275314949281,30.297218923568725,19.446205896361736,3.1635180186254304,0.03527043089207587,1.9429080486297607,0.023787928745150566,0.9325330885278542,0.8251746767478048,0.025027538415663495,0.17121563195482997,0.08585913669908402,-4.7966114255722285
kling_0038.mp4,fake,True,0.013589819753305877,20.053847966194155,15.373594445766749,2.2622589411130827,0.05674911660785183,1.4125312566757202,0.019203711301088333,0.9037441222868047,0.7856823653055462,0.03581638803477481,0.29151577425950065,0.1229190516160414,0.4096821050144573
kling_0039.mp4,fake,True,0.010298107400414785,23.618678073883057,16.175879341715106,3.787541485527962,0.039842766304114104,1.7103923559188843,0.030028440058231354,0.9269731230602405,0.8530021348872371,0.024127786508572075,0.24111918995689718,0.0873787295543371,-3.518362628110454
kling_0040.mp4,fake,True,0.012975822816889304,23.20354137420654,14.626796551146446,3.5440445193874845,0.04092525852196783,1.4284011125564575,0.030685529112815857,0.9199174818368393,0.8029321794369283,0.04290422187471865,0.16166716722751323,0.11959447914526333,-4.0973103159504
kling_0041.mp4,fake,True,0.010635654524184558,31.036281161308292,19.76298497251455,3.453196840524574,0.034482289265965735,2.2210171222686768,0.028540978208184242,0.9199629279681393,0.8034989787600268,0.03495149471450781,0.160252053605442,0.0852009882003065,-3.403966909386292
kling_0042.mp4,fake,True,0.016317312552648483,6.5102044868469235,2.9359061984971353,1.2339243278938388,0.041124767451993165,0.6943281888961792,0.023835282772779465,0.9643376478193709,0.8820371028863959,0.018101323372199475,0.10037139360532862,0.14794056608080172,-7.017666630552595
kling_0043.mp4,fake,True,0.012289616261118644,28.341964139938355,22.19308118280039,2.293360697456941,0.03195363478777264,0.9240629076957703,0.022191070020198822,0.9118815416847075,0.7921233288704161,0.027406345166518457,0.10134193274391848,0.09165091983785324,-7.538159912710554
kling_0044.mp4,fake,True,0.015340607276700668,26.02105047702789,21.71791223429051,2.8937966397393837,0.05227339156126138,1.015352487564087,0.02690221555531025,0.9224441143433553,0.8205567580951304,0.035925738604639795,0.2729785281925118,0.10476950453563014,-2.990123333220641
kling_0045.mp4,fake,True,0.007120759516322855,25.17620640277863,18.90844524413224,3.4781101615777468,0.023068152555581884,2.371248960494995,0.02355578914284706,0.8922905318860443,0.7706154598298766,0.03712189791687912,0.1289841307038739,0.07155030628696973,-4.6158456386010664
kling_0046.mp4,fake,True,0.008205895806295986,18.87555917739868,12.731360820794006,2.6888990174557086,0.031487605905901654,1.0085986852645874,0.022116729989647865,0.9362842379403965,0.8592829223416124,0.021992552738012924,0.13415796009869588,0.1186221020594781,-2.642699111250137
kling_0047.mp4,fake,True,0.010365772245172019,16.901869506835936,11.225633678515422,2.408207678409517,0.03528938965671278,1.4396331310272217,0.018183793872594833,0.9196254544175604,0.8235441262430067,0.024773097025974276,0.17685389027792933,0.11889959380552954,-5.679066093269384
kling_0048.mp4,fake,True,0.01462592970383263,20.9510285282135,14.934674686099484,2.542841555101841,0.043212697362350054,1.0589609146118164,0.019731193780899048,0.9376149457843129,0.8474097640897613,0.031997691674448304,0.1492815401550405,0.10478734850121241,-5.079845322170932
kling_0049.mp4,fake,True,0.009797625015173336,26.835898604393,14.050126420689816,3.1259061629205434,0.032988242037982965,2.1169161796569824,0.03106224723160267,0.914149371397498,0.694899032216606,0.04153145067677754,0.17520197101056229,0.09267069680812526,-5.153838555286887
kling_0050.mp4,fake,True,0.013028610686849929,18.922032680511478,9.733845906054826,4.036333251943718,0.04580031885339593,1.5978471040725708,0.02014531008899212,0.9382217239340307,0.8688893825706625,0.021289725524013196,0.18696981558549516,0.13737031833174848,-2.6906020242536552
kling_0051.mp4,fake,True,0.01636673735551436,36.514407625198366,25.948851688472068,4.030585415935261,0.05641226479796116,1.993538498878479,0.025133857503533363,0.9125189641095809,0.782064845192671,0.02890336796320536,0.3204490868478129,0.08806831283758325,-6.968177700054645
kling_0052.mp4,fake,True,0.008321824963077942,23.892787542343136,18.67262752602209,2.7934134686310026,0.029513679754970473,0.8340262770652771,0.015476547181606293,0.9386448252360174,0.873495933505342,0.024112443687686724,0.11103674168968136,0.10384224693930136,-4.553259258307722
kling_0053.mp4,fake,True,0.022664614501307564,19.94301947593689,12.09352000143518,2.804458454617669,0.07320720663406748,1.6971769332885742,0.02863631397485733,0.9137939674387932,0.8181182972800812,0.02820177800353649,0.21198642252546973,0.20675141386202323,-2.7274261794693007
kling_0054.mp4,fake,True,0.01786112995966715,10.527185373306274,5.994297798896726,1.333206648511719,0.05697979345428964,1.3794193267822266,0.02476506307721138,0.9353736444365383,0.8613492779972293,0.02146286304292922,0.2682915197123292,0.1287220570649715,-0.5239610918578153
kling_0055.mp4,fake,True,0.007730021828258507,24.318590726852417,17.362720879083845,2.8992175039982775,0.028804487366506766,1.0380706787109375,0.021665578708052635,0.9083454610590964,0.7945329795357445,0.02758957599814394,0.11559344997500072,0.0987609100693144,-4.3633269148284315
kling_0056.mp4,fake,True,0.01637111128952447,13.523827958106995,9.101365767573915,2.3127194264838513,0.0543365357879375,1.1098448038101196,0.019449835643172264,0.9360373070783093,0.8822366546188022,0.020363124541631798,0.2243232378792306,0.12793702590657452,-3.184875932365776
kling_0057.mp4,fake,True,0.011059006663628919,17.1671759223938,11.915905056751615,2.3124489365309753,0.03107746960331033,1.456961989402771,0.02899814210832119,0.9381572286514278,0.8601194280274969,0.025362268553046546,0.09134516788519474,0.11709773729943104,-6.595326413246586
kling_0058.mp4,fake,True,0.009512548253292608,21.734027147293087,13.563332359207124,3.9012830698456655,0.0359681687623661,2.2559447288513184,0.020357603207230568,0.896060426886943,0.7657589687507609,0.02121976948088997,0.18408476320575515,0.09248134806181421,-6.675171697451907
kling_0059.mp4,fake,True,0.0173626860324188,23.445734901428224,15.23345166829612,2.188393953048132,0.060063604170875806,1.929896593093872,0.015839535742998123,0.8984999284808455,0.8113039625481983,0.028120044341705192,0.26565790584116816,0.1563788355065962,-0.05522317577677152
kling_0060.mp4,fake,True,0.010765894338720184,10.571284379959106,5.362804788400523,1.8712881515545636,0.033347663476847866,1.1457033157348633,0.027993014082312584,0.9620676377309951,0.8982530277704383,0.016819963785720288,0.1875129926443889,0.07611775130912035,-7.370283488616517
kling_0061.mp4,fake,True,0.015630638816015226,28.436172552108765,17.894534162545106,3.98805045167648,0.05894077980467073,1.9786992073059082,0.03679138422012329,0.9356784720010032,0.8730554026156908,0.021562723675744827,0.20697888598999237,0.12227680742705152,-6.390910560883186
kling_0062.mp4,fake,True,0.011197578705419375,20.236117568016052,14.263573025786531,2.1975046152778646,0.033735450756730755,1.317760944366455,0.018050041049718857,0.9229469168702109,0.8472252301173767,0.01991952579080087,0.15208715621845842,0.10025489713993305,-9.629984299447102
kling_0063.mp4,fake,True,0.010428978330770791,35.80448823928833,25.59691246028758,4.263768020128637,0.032671488841205104,1.6439720392227173,0.030667545273900032,0.9394420262051535,0.8454396293474663,0.021319042441137068,0.16885651996846185,0.08232553395134767,-4.6777992200770795
kling_0064.mp4,fake,True,0.009213611141678736,20.708367829322814,14.796146765467537,2.376227272615183,0.030213357131110744,0.9413983225822449,0.014347158372402191,0.9122346262915806,0.7895808985316829,0.03997836431488217,0.11622876468287854,0.10288064893935016,-2.8004228262361766
kling_0065.mp4,fake,True,0.00952420177431769,29.444115190505983,20.75007555860702,3.329423159097857,0.030978650995734228,1.5239787101745605,0.02490822970867157,0.9312906840785965,0.8469579334902282,0.018913453032183312,0.14389779139030554,0.08771204371776951,-5.189565230616897
kling_0066.mp4,fake,True,0.010568165919725515,25.299375481605527,18.725609000035835,2.3608327180944015,0.03593290497095116,0.7286193370819092,0.012765753082931042,0.9410805673287265,0.8647676714029086,0.02094154174677024,0.16621606714872358,0.09641626005621177,-3.838977414848634
kling_0067.mp4,fake,True,0.011157730844038063,22.916483302116394,17.192859383084468,1.7106545172701282,0.04148820415114886,0.8478277921676636,0.03169611096382141,0.9378228820038221,0.819720601426715,0.02841011099419761,0.23668556840435132,0.09287775589867082,-0.8046252126319599
kling_0068.mp4,fake,True,0.011874531296848057,38.81009634971618,29.030209597868545,3.825405155429469,0.043083810641034434,1.3403462171554565,0.032291121780872345,0.9112861873114627,0.7505798327048836,0.04082349133557029,0.28117859464401124,0.08022983106911245,-1.6234131702344825
kling_0069.mp4,fake,True,0.009756052336979862,23.98005778312683,15.763216122413573,1.6641899834354852,0.026337994104370526,0.8985172510147095,0.016409093514084816,0.9561487454948886,0.885691373050011,0.018256973181978508,0.13020270482118465,0.08917902662296827,-5.760445069128148
kling_0070.mp4,fake,True,0.010156175488921277,30.754540643692017,19.550452068791845,3.5787777250377433,0.03771369796361005,2.606131076812744,0.03085295483469963,0.9570782831499901,0.8978533805414057,0.014548963123238253,0.17483875152884987,0.11002104824683992,-2.5916808504296105
kling_0071.mp4,fake,True,0.011772671498854635,15.712551975250244,10.9600834755482,1.8919208671893042,0.03332741105970192,1.360168695449829,0.018155863508582115,0.9455455539722191,0.8734943997271037,0.01711699183648211,0.15074945507863183,0.09642047836084704,-8.968610556359039
kling_0072.mp4,fake,True,0.016161312892241885,22.83849177837372,13.589865309766715,2.17717350492062,0.04478235438945488,1.5319923162460327,0.019364284351468086,0.9064615892195373,0.7883797980343329,0.028011346606201762,0.1948410956987541,0.11970544463706756,-5.325142479506609
kling_0073.mp4,fake,True,0.011359146358933918,19.778703713417055,15.301550608430027,2.4980361255004184,0.03292090705574897,1.4787428379058838,0.016537092626094818,0.9222582559534408,0.8474790164119679,0.025126952618065503,0.12362703814081516,0.08854365318984997,-5.558547921096492
Seedance_0001.mp4,fake,True,0.008088602065063734,16.756066884994507,11.281871170404662,2.513751424084751,0.024178619303391442,1.1519684791564941,0.027997035533189774,0.954972131299535,0.9279462714109123,0.011600665052003498,0.07244755968680883,0.10532624719279378,-6.019829618380569
Seedance_0002.mp4,fake,True,0.012581890473930032,27.984945373535155,16.459085517003746,5.432876982003526,0.038425743647603705,1.1129828691482544,0.023427126929163933,0.9208136816592116,0.8640265055650769,0.02019468689884372,0.14582984208945082,0.11677675421837302,-3.5614401498276385
Seedance_0003.mp4,fake,True,0.007071514174537157,31.165371575355532,21.84796347309445,3.343895725760725,0.020898372159371664,0.9941885471343994,0.03986964002251625,0.982497457869602,0.9531813440548326,0.0066628041895415,0.06546839151151769,0.11964357693291175,-4.775906934643554
Seedance_0004.mp4,fake,True,0.00860555094765322,18.57769558906555,10.446737799634576,2.398305129289513,0.02300719888929249,1.0021272897720337,0.02810370922088623,0.9645004006639579,0.9320213993515132,0.010267445652091842,0.04169759024737125,0.13145982886186944,-4.727612802541778
Seedance_0005.mp4,fake,True,0.010856528209604857,18.986385726928713,9.248934233851452,4.093376858975093,0.027859045634327784,1.5021179914474487,0.04404596984386444,0.9723286633713685,0.949572713771576,0.007194713104076977,0.06619689765013034,0.1268840785421227,-7.429098233079772
Seedance_0006.mp4,fake,True,0.0075021854255929235,7.606676416397095,3.075136775020742,1.0692513292809653,0.02407695449320854,0.758707582950592,0.03586287423968315,0.9755180174595822,0.9403157985782449,0.00876785886318853,0.09719301580992482,0.11542893874688329,-5.856279781932551
Seedance_0007.mp4,fake,True,0.010867287461890786,12.133213763237,7.098221131498883,1.8610128191299398,0.0316684551869979,1.46430242061615,0.03972918912768364,0.9698739298266889,0.9315086828119531,0.009116736687165825,0.08549087486658156,0.13248701756411446,-3.8883945919019975
Seedance_0008.mp4,fake,True,0.00784314056180009,16.562944893836978,6.976998832849051,2.015223334183068,0.02201418523467437,1.7527070045471191,0.06413117051124573,0.9763173697797425,0.940841545534388,0.009922923057223951,0.049668630229021266,0.12353914933742509,-2.895559796125366
Seedance_0009.mp4,fake,True,0.015509574662328052,17.04959147453308,9.974411381983387,1.9852340279129899,0.041261593481131696,0.7472363114356995,0.0311207827180624,0.9455542564411132,0.8930656953378028,0.01699070419146065,0.14879915059435656,0.1200961959343348,-7.808827304834759
Seedance_0010.mp4,fake,True,0.016052477858226027,32.34547123908997,14.528106608707379,5.540426097665559,0.05138916640307479,3.0901854038238525,0.04568105190992355,0.8998151505686496,0.8304230762917244,0.022434934885443725,0.10648501997436674,0.1924423227495085,-4.570154804775967
Seedance_0011.mp4,fake,True,0.010266517897785484,35.64265437126159,19.481412260458185,5.085463262944367,0.030546447334393823,0.993165135383606,0.03743898496031761,0.9251144189120105,0.8637767664546172,0.018504855618748515,0.06017135007838207,0.1391873335838531,-8.80466413237802
Seedance_0012.mp4,fake,True,0.01229749600235352,20.610175037384035,9.766029732980876,3.2672724030920532,0.033134120166503585,1.2101898193359375,0.03167404234409332,0.9345688313815028,0.722878427022519,0.024035741966343532,0.09599521254991251,0.12303669323036813,-7.750024538092921
Seedance_0013.mp4,fake,True,0.013727845599535186,30.634150705337525,18.523494287352488,2.81366334393264,0.03938377380188631,0.8956867456436157,0.03223326802253723,0.9272113262369416,0.8723961990701516,0.014871815845866413,0.10820796591209679,0.13585946872019092,-6.372373473344605
Seedance_0014.mp4,fake,True,0.01807990322017714,45.540553703308106,14.775739366335493,7.81449359706424,0.05863907294611458,1.4201589822769165,0.04857591167092323,0.9062940780586423,0.8433612632210005,0.020691712921056746,0.11427469046752269,0.1805109589305236,-1.801579219004298
Seedance_0015.mp4,fake,True,nan,nan,nan,nan,nan,1.2738195657730103,0.01323020737618208,nan,nan,nan,nan,nan,nan
Seedance_0016.mp4,fake,True,0.011571769653111458,14.64516399383545,7.369247493780957,2.5491335478233705,0.03131948489439603,1.2086526155471802,0.027441199868917465,0.9460009501591937,0.8891109870935111,0.02297687315527505,0.06540790875234805,0.12991365304496275,-7.4365592556167
Seedance_0017.mp4,fake,True,0.01602603465064382,16.854686756134033,7.470582026595279,2.5555063916974037,0.0370964778366014,1.3139610290527344,0.036099158227443695,0.9410111773479224,0.9042217148437609,0.01413665615609615,0.18017493396129594,0.09332201984143972,-7.89087379725049
Seedance_0018.mp4,fake,True,0.01158468622547494,32.8900793170929,21.453542895144132,2.8027846239494703,0.030942157374002553,1.2133066654205322,0.02284751646220684,0.9566847712213261,0.9041169393188795,0.01245889686850238,0.06912803411962273,0.12979326432312702,-7.7811794504369125
Seedance_0019.mp4,fake,True,0.016375371193029654,32.850032825469974,14.905661363205969,4.61826181292506,0.04275907032191638,0.6073926091194153,0.0473172627389431,0.9115881504876113,0.8251361473596962,0.025677627501092388,0.09121244134770205,0.1430907594182782,-5.244707568395965
Seedance_0020.mp4,fake,True,0.017138003679493755,22.494771194458007,11.523159671205702,4.043168040858958,0.05265333172564142,1.2389194965362549,0.033874694257974625,0.9365418711602921,0.881804732030845,0.016556651585389732,0.24599331857922863,0.11457413762769823,-3.2334964708759935
Seedance_0021.mp4,fake,True,0.009763269370884647,24.3781715965271,19.026913664786154,2.0416611658739985,0.02813167426247789,1.0886447429656982,0.04051472246646881,0.9398462607329832,0.8711899587377553,0.017585334921957765,0.07631305284568522,0.1184508296009188,-5.622105067071947
Seedance_0022.mp4,fake,True,0.012603180670249216,36.97868498325348,18.46578242689742,3.460049444258622,0.034599902495157674,1.3320717811584473,0.03892538323998451,0.8925809967142803,0.723664843499791,0.0258732771796038,0.07003100798131041,0.1463954195690301,-4.285357134293315
Seedance_0023.mp4,fake,True,0.014767206416728056,18.450097513198852,11.739126912429619,2.347654583127568,0.03747992052254008,1.126433253288269,0.04806734248995781,0.9237066285166562,0.8137755494029905,0.02836256766059623,0.054124693778706004,0.1776579717422468,-1.7132138824190133
Seedance_0024.mp4,fake,True,0.01328859257580455,20.643514237403867,14.481562189798632,2.365718697487652,0.03289208995440501,1.8439490795135498,0.01851201057434082,0.8912390114802027,0.8179420452946929,0.02259725062357786,0.04318337182689393,0.14370153412499675,-8.724041237588992
Seedance_0025.mp4,fake,True,0.01213847252082234,51.78545024871826,27.582670722363893,6.5448218760013965,0.03413784617975505,1.8617804050445557,0.040408529341220856,0.8360326394368539,0.6918515274466182,0.03783851074024574,0.10084712209930627,0.109264866010536,-5.868583096547972
Seedance_0026.mp4,fake,True,0.018091949864763597,21.4191238117218,14.565411322482888,2.4958574505088835,0.04402114478928366,1.8927267789840698,0.031851764768362045,0.8642437516323218,0.7275864697613827,0.03549669673267898,0.0806542682882482,0.18300469912286213,-5.511509912766602
Seedance_0027.mp4,fake,True,0.009471750372418195,18.50276291847229,10.495002050498709,2.4430002844860947,0.02581352276951005,1.3900262117385864,0.021345525979995728,0.9326933717079162,0.859776206286091,0.02655369902187927,0.08716926618733878,0.10598842236904146,-5.2992568200976455
sora_0001.mp4,fake,True,0.07666983435369344,42.50645263671875,24.924310935541246,9.928595182720636,0.21634996092289482,2.7133352756500244,0.041526541113853455,0.7753100182846921,0.12909130785890358,0.13548171266419554,0.1729321712533055,0.5164066662456284,-6.772631800383538
sora_0002.mp4,fake,True,nan,21.454785022735596,8.230104297732794,4.581790064286109,nan,4.6746931076049805,0.032066915184259415,0.7856271696057806,0.02467680534965665,0.160140874984195,nan,nan,nan
sora_0003.mp4,fake,True,0.021435778695862554,25.064666981697087,12.57275893163681,4.808529618414576,0.07284306178547176,1.5320625305175781,0.026465417817234993,0.8361005265900064,0.2878025497278757,0.08983584488049866,0.14036825976249992,0.21458551013871224,-6.473917287429241
sora_0004.mp4,fake,True,0.034937353163239405,25.136530034542083,11.483559215923151,2.8762413252523835,0.11418014430205355,2.060215473175049,0.027911027893424034,0.8714970184717866,0.7232526598319455,0.04352690331159457,0.11905554598921896,0.42167374486661685,-8.649282672851301
sora_0005.mp4,fake,True,0.01819389836783536,40.07756779670715,18.04299343728333,6.108649897311471,0.07337382933870541,2.295917510986328,0.03831098973751068,0.792176274047332,0.5139531240889986,0.0834025201582942,0.08565645452192698,0.8515726524132687,-4.082494820423222
sora_0006.mp4,fake,True,0.030875089494318574,27.972595071792604,13.067640748437245,4.773554434644749,0.11209715845634478,2.359232187271118,0.041757985949516296,0.8058394037495121,0.6807701794482773,0.04301350350544394,0.08968845374226665,1.7612556372266757,-0.5910736946638238
sora_0007.mp4,fake,True,0.010165545427992983,24.729215331077576,14.817569108746715,4.040515615781849,0.03439323683370488,1.224178433418274,0.04269528016448021,0.9296634242774343,0.7202718929984288,0.06191837302160383,0.05217413208398587,0.17456955073199606,-9.35821429462575
sora_0008.mp4,fake,True,nan,29.05698287963867,9.217716328007834,3.8794359010524953,nan,1.2849340438842773,0.06223107501864433,0.8859855670950544,0.7771292397557623,0.021918658204422334,nan,nan,nan
sora_0009.mp4,fake,True,nan,25.689498119354248,8.688070816621185,4.98395516008814,nan,1.3736696243286133,0.06269597262144089,0.7641350235437881,0.3353313795418811,0.09466016696351083,nan,nan,nan
sora_0010.mp4,fake,True,nan,35.006351146698,15.101339535427092,6.090713447170033,nan,1.503586769104004,0.04673973470926285,0.9461935613043864,0.8315586461147286,0.028059443595198064,nan,nan,nan
sora_0011.mp4,fake,True,nan,37.054767284393314,17.893460598214467,6.448022279988357,nan,1.6210529804229736,0.04676448926329613,0.9139168155679975,0.6741126168038418,0.03288355246727907,nan,nan,nan
sora_0012.mp4,fake,True,nan,38.59926092147827,15.941803930923344,5.870765850663856,nan,1.7546712160110474,0.05945954844355583,0.9253564610814281,0.8103725385237618,0.023200228957374596,nan,nan,nan
sora_0013.mp4,fake,True,nan,37.70392644882202,15.966246774693332,6.173261261951574,nan,1.587420105934143,0.05638125538825989,0.8463876445850976,0.7359560589021572,0.031620772520819386,nan,nan,nan
sora_0014.mp4,fake,True,nan,43.361167087554925,22.713500772268596,7.238022968817731,nan,1.3317915201187134,0.0800289735198021,0.8102991713684096,0.6638665626894176,0.06614862332235649,nan,nan,nan
sora_0015.mp4,fake,True,nan,17.45341257095337,8.86250542195638,2.842875024948131,nan,1.518672227859497,0.0683145597577095,0.9054788194756938,0.8287290914059998,0.04057856987604218,nan,nan,nan
sora_0016.mp4,fake,True,nan,18.810654306411745,11.143484959157309,2.576662029371497,nan,2.500408411026001,0.04681898653507233,0.9248944022082848,0.7198259120678528,0.05832503989964099,nan,nan,nan
sora_0017.mp4,fake,True,nan,54.77420261383057,28.81630325603485,10.81692951347994,nan,1.7850353717803955,0.054921042174100876,0.8809274912886504,0.7168038894377013,0.060956737156947084,nan,nan,nan
sora_0018.mp4,fake,True,nan,29.147684535980225,19.312765076828008,2.9117050890024614,nan,2.554872751235962,0.0686674639582634,0.9187215635835726,0.809071435676026,0.02390769548599215,nan,nan,nan
sora_0019.mp4,fake,True,nan,39.173708267211914,21.171274715073906,7.078373570630701,nan,2.5515685081481934,0.0696682408452034,0.9139131244025637,0.859193026594524,0.027114971433896386,nan,nan,nan
sora_0020.mp4,fake,True,nan,103.32216659545898,53.57697816197872,24.251588570048185,nan,1.5027740001678467,0.05243575945496559,0.9458656360601231,0.8654840359741683,0.022960889879094257,nan,nan,nan
sora_0021.mp4,fake,True,nan,44.67657611846924,30.09558367923101,6.320157789005113,nan,1.9356813430786133,0.07016601413488388,0.9382679457099531,0.8801671622609526,0.02063366189008363,nan,nan,nan
sora_0022.mp4,fake,True,nan,17.97870611190796,7.650234811655679,2.4812309802124735,nan,1.8406614065170288,0.02616344578564167,0.9584084523298653,0.9338136279088196,0.009199138695094667,nan,nan,nan
sora_0023.mp4,fake,True,nan,14.852631111145019,6.661696451807021,2.7619890590266336,nan,2.5104305744171143,0.04280204325914383,0.9211758745829763,0.7976641016352224,0.035583064253331846,nan,nan,nan
sora_0024.mp4,fake,True,nan,26.80304796218872,10.774862136546771,5.556308485840206,nan,2.758120059967041,0.046112868934869766,0.8898529296864592,0.7405203196257568,0.04604699243976116,nan,nan,nan
sora_0025.mp4,fake,True,nan,37.80457262039184,22.0979489778861,7.854765639208331,nan,1.2758588790893555,0.06702824681997299,0.8495271636898089,-0.014140674831367562,0.14312105721067755,nan,nan,nan
sora_0026.mp4,fake,True,nan,20.68424753189087,8.140248962163927,3.665447388838815,nan,3.9644105434417725,0.07015474140644073,0.8650785390182633,0.7843132516016346,0.027826973219200125,nan,nan,nan
sora_0027.mp4,fake,True,nan,28.664353351593018,9.679181703930599,4.710040654673772,nan,2.1912894248962402,0.09618350118398666,0.916955600311436,0.7209092946163593,0.03670596249740064,nan,nan,nan
sora_0028.mp4,fake,True,0.01742394697226709,23.99156290054321,8.812693608187114,3.9420149681615753,0.058796153291861115,1.8994351625442505,0.07894498854875565,0.8956625246855013,0.6887099876892144,0.051996393605584286,0.21445768972075757,0.25866711658890473,-8.729256921214647
sora_0029.mp4,fake,True,0.02444004290812321,44.43228015899658,13.043717628628512,6.537079973225506,0.08245542361209937,3.0186944007873535,0.07274453341960907,0.8232618632571991,0.3364220998271865,0.08288776350064243,0.18432234265510714,0.3335256029385918,-5.015450758319141
sora_0030.mp4,fake,True,nan,nan,nan,nan,nan,1.330407977104187,0.06495795398950577,nan,nan,nan,nan,nan,nan
sora_0031.mp4,fake,True,nan,nan,nan,nan,nan,0.7929093837738037,0.060176484286785126,nan,nan,nan,nan,nan,nan
sora_0032.mp4,fake,True,nan,nan,nan,nan,nan,1.822158932685852,0.05979304760694504,nan,nan,nan,nan,nan,nan
sora_0033.mp4,fake,True,nan,22.620427503585816,7.765273118668762,4.412924966450699,nan,1.8028688430786133,0.03503274917602539,0.7150981240087803,0.021514113956482974,0.1752879548631305,nan,nan,nan
sora_0034.mp4,fake,True,0.025912598675720728,36.183241271972655,12.04560161009028,5.574681154181938,0.08776701524094324,2.275601863861084,0.059184473007917404,0.8285730429751696,0.43808722014240986,0.07848282746716184,0.09508348922976448,0.4451097845823546,-3.835076483277323
sora_0035.mp4,fake,True,0.028359593602701284,32.833925342559816,9.99061971326669,4.985200624807438,0.11206714669670352,1.3717330694198608,0.04555768892168999,0.872258708388786,0.7803101219664949,0.032179254581951894,0.13979104976451126,0.5604370917507027,-3.904580673818705
sora_0036.mp4,fake,True,0.020895943769361283,42.845621337890634,7.641247385207642,7.525033980336107,0.07800445680304999,1.5763084888458252,0.07834892719984055,0.6226775140417194,0.10438508523526402,0.1626873928306202,0.2712873272924491,0.1539351044874974,-7.976814551000575
sora_0037.mp4,fake,True,nan,nan,nan,nan,nan,3.4985804557800293,0.09139948338270187,nan,nan,nan,nan,nan,nan
sora_0038.mp4,fake,True,nan,nan,nan,nan,nan,2.5337462425231934,0.03688628226518631,nan,nan,nan,nan,nan,nan
sora_0039.mp4,fake,True,nan,23.705275974273682,8.925818815670516,4.396803157607794,nan,0.7209666967391968,0.058652594685554504,0.9382720342506479,0.7694430109289869,0.023903661623599495,nan,nan,nan
sora_0040.mp4,fake,True,nan,nan,nan,nan,nan,2.7358713150024414,0.06790842115879059,nan,nan,nan,nan,nan,nan
sora_0041.mp4,fake,True,0.022540245030735456,43.441688537597656,13.414816026103592,9.785426006997069,0.0982999894123516,3.0563437938690186,0.0305872093886137,0.8405776306334853,0.26921055927477705,0.07400045298416803,0.28506048143513124,0.1794804682086584,0.12734447022597417
sora_0042.mp4,fake,True,0.02120139053624665,29.351451587677,18.95238648891449,6.050668844067457,0.0648197643684152,2.231250524520874,0.08215706795454025,0.9147381777275626,0.8246896571569234,0.028735899170976496,0.24452714569928247,0.2442484904230849,-9.963333205206016
sora_0043.mp4,fake,True,nan,nan,nan,nan,nan,2.9020700454711914,0.0751911997795105,nan,nan,nan,nan,nan,nan
sora_0044.mp4,fake,True,0.015763686879846663,34.85040230751037,11.33313763141632,8.366261706865366,0.04519796173570469,5.230795860290527,0.0597713440656662,0.8740024321609507,0.13614914843179235,0.06552523587646837,0.10693499777820004,0.1429513696805093,-6.782359067584197
sora_0045.mp4,fake,True,nan,41.10830907106399,7.5083635070429,4.603222828994445,nan,2.8677194118499756,0.06228746101260185,0.8684285270496299,0.7181340472803178,0.03880758009587409,nan,nan,nan
sora_0046.mp4,fake,True,0.012662602285645712,59.5462449836731,18.759799343681333,9.789223446800655,0.05012605438983302,1.8422703742980957,0.060436662286520004,0.8420798485843887,0.6585108676265224,0.05478294830458407,0.20351230772325193,0.14430389120121143,-0.9544721560554519
sora_0047.mp4,fake,True,0.01772944677245402,41.389537181854244,12.79632026988571,8.59800312410216,0.06416608782996532,2.544985294342041,0.05854329466819763,0.8561341354439854,0.15381333077880113,0.0844984823788532,0.096312751779376,0.29084356025037844,-3.4339008029996645
sora_0048.mp4,fake,True,0.013920310489071507,54.30083040237427,14.386373459013303,7.776675256598663,0.05187783380539611,2.4836807250976562,0.06248641014099121,0.8680868158663861,0.44213670875229727,0.05590511594793567,0.193189751916299,0.18221700757874007,-5.1865661362602715
sora_0049.mp4,fake,True,0.013043719108025575,37.6322875213623,21.31560948374157,6.819640977113997,0.056025969269007415,2.269711971282959,0.06483826041221619,0.8299000793376805,0.2826503862338873,0.12109997863638039,0.19092935395093705,0.19153721405219584,-6.9025722010548884
sora_0050.mp4,fake,True,0.011508665777150944,29.98245213508606,14.729306193852423,5.1439054061365175,0.047029142251735566,2.1319663524627686,0.03846275061368942,0.8643559365974844,0.7195803638520095,0.041594540688865554,0.12281123964232515,0.36024940497179125,3.3874190684073917
sora_0051.mp4,fake,True,0.01928646674179353,39.85610263824463,17.70891379121554,8.114522585887334,0.06655212323475011,3.2319321632385254,0.05173840373754501,0.9089823817464967,0.07887943316633377,0.08578760596479514,0.150016900193161,0.2370897140739027,-2.884791888233921
sora_0052.mp4,fake,True,0.030814026579176708,14.544876160621643,9.511760977315904,2.127480805945161,0.0987665439695154,2.153151035308838,0.01511632464826107,0.904818019312299,0.7138672431480798,0.04232612706418397,0.08513536461986211,0.4030049582847887,-3.925843733217928
sora_0053.mp4,fake,True,0.040108521678536055,28.26201720714569,18.7676049053669,3.9545174231022795,0.14614421386183415,1.4860373735427856,0.022482572123408318,0.8575807703842436,0.5271567117066219,0.07459906317313658,0.21087975905330789,0.36334296189684834,-4.341675769572293
sora_0054.mp4,fake,True,0.02659483153204535,47.41464494228363,21.479945880389213,11.785393612092951,0.0840844367216462,3.3077924251556396,0.029060671105980873,0.7933405803315506,0.6133969156335223,0.05106353555894593,0.07225068049217179,0.40009691121320223,-6.694951188542449
Veo_0001.mp4,fake,True,0.0087429688615371,32.78392435550689,23.594296483844516,4.160845433204925,0.02174599296012978,1.0822560787200928,0.01993609219789505,0.9341099763067356,0.8766396730184108,0.017846492890507208,0.0480121359846795,0.15269235437220285,-7.278791917496557
Veo_0002.mp4,fake,True,0.0071674925089079905,13.026652965545654,7.706318196939925,2.4759321967449637,0.020584962469698768,1.2286607027053833,0.05483522266149521,0.935317535525637,0.8760525157041759,0.0198071519494422,0.05026397483690007,0.1284633680153199,-6.505542193798651
Veo_0003.mp4,fake,True,0.006415095295272691,45.388893699646,33.17340104478101,6.614674960617833,0.015524995169926696,0.7815093398094177,0.05014089122414589,0.9276897662755191,0.8457578363827001,0.022763442166368417,0.03947504234746683,0.07975359093914372,-9.542101481423643
Veo_0004.mp4,fake,True,0.009169808476542377,50.13947626113891,35.31320494716366,6.900951443309102,0.02631145969678291,1.8179117441177368,0.050296418368816376,0.9224654015029344,0.8590490347449604,0.019097806249152124,0.08628402046114,0.10029528921361625,-4.753392577750789
Veo_0005.mp4,fake,True,0.007151220204718342,18.9338821554184,9.659816035504141,3.7052639004653853,0.019876619932989937,1.3211849927902222,0.03239836543798447,0.9608489451511185,0.911421141544972,0.012319402200474573,0.06208240933434405,0.12389786777667257,-4.683061886093257
Veo_0006.mp4,fake,True,0.010607698313709746,14.14259181022644,7.067335789234687,2.458814594307627,0.03084129309702957,2.257554292678833,0.026394488289952278,0.9275711577172517,0.8345597234395796,0.024151106821906732,0.06064346135806205,0.16287761632349765,-6.841418449738315
Veo_0007.mp4,fake,True,0.012162491864364043,20.11377018928528,13.47368736706674,2.5910140161497304,0.03333624138232035,1.708187460899353,0.026809673756361008,0.9155028950829589,0.7883094420177913,0.03165912312687255,0.08733263925576927,0.14623853990019245,-4.842795219100401
Veo_0008.mp4,fake,True,0.008130755952880596,11.412651128768921,7.032896414237716,1.6837622633516596,0.025511014586129283,1.8832682371139526,0.04938597232103348,0.9288544121390112,0.8800903255460845,0.016176231906525392,0.07727682518999401,0.11915671157102192,-3.3435211656898534
Veo_0009.mp4,fake,True,0.012670727549826363,16.471180238723754,7.837779397616782,2.921790450250429,0.03107464221726893,3.152663230895996,0.04468092694878578,0.9155012786378217,0.8506896943540869,0.024292695386652127,0.08008488298855113,0.1425099089233899,-7.366344702544
Veo_0010.mp4,fake,True,0.009419999515893944,17.685161943435666,9.594019216410816,2.3861498025405306,0.02880268136756852,2.10223388671875,0.029941128566861153,0.9287842381749841,0.8382707977209517,0.022607060202151717,0.09126261870490386,0.13663586656195462,-3.5064612261810018
Veo_0011.mp4,fake,True,0.020404279628239017,28.030037660598754,13.556700409141678,5.835695100656927,0.057759092321730335,1.662139654159546,0.060722094029188156,0.9105866502870109,0.8264314257439235,0.024523835094907333,0.07215345995792932,0.5933905818558051,-5.633061126417193
Veo_0012.mp4,fake,True,0.00835048687604985,31.333985867500303,21.065476312624913,4.40335482429843,0.02496605981660018,1.9559662342071533,0.03545151650905609,0.9113069741409401,0.8373335865672651,0.024801382023436732,0.05958575040729136,0.18072486707945642,-3.973366513746406
Veo_0013.mp4,fake,True,0.01141713864311647,28.354574971199035,16.145370505253474,5.004400190955475,0.032834983797270914,1.6896928548812866,0.06712303310632706,0.8694677685259808,0.7706672434697077,0.03146844977848651,0.0586597591466201,0.17099764878295917,-7.94859488387446
Veo_0014.mp4,fake,True,0.01169953378286804,32.434343099594116,14.73125850453352,6.389379578196767,0.04136660038516485,2.4582014083862305,0.04387001693248749,0.8539559661108008,0.3484015376963483,0.06690110197329716,0.10690297846607852,0.14239860861083142,-5.064442410595276
Veo_0015.mp4,fake,True,0.009650890553690913,6.610303606987,3.410394985657185,1.0830568114789871,0.02794457063695496,1.5216948986053467,0.03354686498641968,0.935832780618413,0.8768062326949208,0.019040783536621076,0.042723095120874535,0.15010364843321786,-8.150085725078872
Veo_0016.mp4,fake,True,0.010384066352209887,11.752620849609373,6.201831951141358,2.4675370738871245,0.03063953075775843,1.793439269065857,0.04166359454393387,0.9295159267038337,0.8080230980074058,0.025437127931160857,0.09769556024949591,0.156296522482411,-4.938638894321138
Veo_0017.mp4,fake,True,0.015276874400977664,30.587113842964172,21.333732634373007,3.5426206893401906,0.056093738995500686,2.8480865955352783,0.03872896358370781,0.8657123975278559,0.36643407925722143,0.06289292249570959,0.16362066981005063,0.18465649153945476,-5.569646847149046
Veo_0018.mp4,fake,True,0.01064003108483754,26.17563983440399,14.832294838192562,4.584132344461465,0.02640096113248347,2.6368374824523926,0.04117313027381897,0.9069677215197434,0.8223434734830358,0.02274713115544256,0.04283236280893328,0.1629413443319027,-7.031731881812922
Veo_0019.mp4,fake,True,0.015480686598553615,26.11653275489807,10.343857522796219,4.550807432893578,0.03905949139403717,1.4075762033462524,0.05186648666858673,0.9244481765673194,0.8150060194585055,0.031473024093766226,0.07678928372904674,0.18742360189048954,-8.629829135399472
Veo_0020.mp4,fake,True,0.008426446075303053,31.526594066619875,16.295154689575238,6.322618229425606,0.02549945064415272,2.126519203186035,0.04984305799007416,0.8856021991844871,0.8002410675575684,0.028939552941916566,0.07213165264042046,0.1145574229618447,-6.784829522806131
Veo_0021.mp4,fake,True,0.016241981314876818,20.81153503894806,9.290087728922567,3.954798559951322,0.036052022756558395,2.0423638820648193,0.05276428535580635,0.9126135139057795,0.8460207018506467,0.026695435955411413,0.05284405673492296,0.24331950126769009,-5.952287762192695
Veo_0022.mp4,fake,True,0.008485264736228404,13.390814967155457,9.125773691708842,2.013631062621225,0.023506023824119635,3.7573204040527344,0.0374256893992424,0.9267490725466532,0.8276992916882383,0.021405276781308456,0.03995974111349867,0.26370263989232745,-6.596066285197336
Veo_0023.mp4,fake,True,0.014094876646341068,37.420186686515805,27.03323726393283,4.15839632367654,0.03987166931392197,2.165804624557495,0.05637092515826225,0.9045440846601656,0.8362968136704592,0.021693808274356085,0.08507362306549923,0.1500950127068523,-6.6839652169987405
Veo_0024.mp4,fake,True,0.009766263460472005,29.16717555046081,21.65987372902532,3.330521141952722,0.02758770568528392,1.2292400598526,0.030334029346704483,0.9109588124033167,0.8622379347250974,0.022326082144783127,0.06106546336515334,0.16217037857813632,-5.342381949738937
Veo_0025.mp4,fake,True,0.011542891444272493,19.574877758026123,9.277012830444923,3.4720632497433948,0.025880854813549424,2.311204671859741,0.0617460198700428,0.9031939413724611,0.34361127159408733,0.051113889127438354,0.08314522154688109,0.12137564679916461,-8.288720451516848
Veo_0026.mp4,fake,True,0.014937908800606746,46.30815846443176,12.875318879919748,8.011075611276738,0.03701772247793435,2.2061550617218018,0.038620855659246445,0.9151912371761468,0.8502851488947988,0.01975878056692166,0.0661092570484459,0.15637529328509783,-7.514876755532032
Veo_0027.mp4,fake,True,0.016990473768454445,22.173710718154908,8.575762336316208,3.151011128800889,0.04307362083790644,2.3044650554656982,0.03562355041503906,0.9219420855399632,0.8676082927015611,0.019733745567576358,0.11609814141340292,0.15952499739556122,-8.875378592708895
Veo_0028.mp4,fake,True,0.010632727944846735,22.971194429397585,10.227860888081292,4.730078881598782,0.030643353989806218,1.6970163583755493,0.06168542429804802,0.9319678989247016,0.8572911423018793,0.017866183632441357,0.06926798463297201,0.13153198784880984,-7.454394839534844
Veo_0029.mp4,fake,True,0.014323374856086592,39.621080808639526,27.359851802761355,4.912366199710167,0.04150758082729301,2.6464831829071045,0.034017279744148254,0.9023257678353378,0.6962236442338368,0.05559160455556773,0.09512183222628513,0.21249848852234524,-7.014718424059866
Veo_0030.mp4,fake,True,0.010784888921257329,20.169571390151976,11.260650750088196,4.256044356236953,0.03178326752061519,1.7251235246658325,0.05085480958223343,0.9106661901821508,0.8105389991323882,0.024372180929960314,0.12319646372819328,0.106985281023444,-9.036815996450816
Veo_0031.mp4,fake,True,0.012997304956301655,18.027133932113646,8.6749855464076,3.419260164492553,0.032832973631453516,2.1585166454315186,0.027739427983760834,0.9210148937492457,0.8555565463797641,0.023529303357474867,0.08961517364985326,0.16933658169773017,-7.231246579850506
Veo_0032.mp4,fake,True,0.006957136097402831,20.284616479873655,12.455064700047174,2.8126695009264355,0.017660658368473487,2.4406025409698486,0.04410969465970993,0.9316565341907562,0.874566688948544,0.01578464114891968,0.04699965333873104,0.1104326496149665,-7.838341449323023
Veo_0033.mp4,fake,True,0.011861224034244925,32.63456941604614,22.346631262550755,4.215700277781002,0.03316743799836215,2.1120760440826416,0.041378095746040344,0.8734523134946767,0.44507051651439494,0.04740931395219598,0.08893915010041223,0.1368917482788865,-8.969372830548107
Veo_0034.mp4,fake,True,0.010320208468289892,20.034940795898436,8.214220027637978,2.7061372497499216,0.027202376860140213,1.2041575908660889,0.039697207510471344,0.9391118759522538,0.8880537222091945,0.01980085910294777,0.050886229145681625,0.13877315357243483,-7.664111686341176
Veo_0035.mp4,fake,True,0.00778249730141031,18.200932016372683,8.797643868923187,3.62063203137023,0.021418260579124597,2.3115029335021973,0.024870138615369797,0.9050903039457868,0.8229664930690588,0.019534872565105728,0.04109977677709329,0.1555415550677338,-4.079489126574825
Veo_0036.mp4,fake,True,0.01401940473107351,21.95034281730652,9.779880628449222,3.7553775696287808,0.03415357626425245,2.3047902584075928,0.1522296816110611,0.914418545687466,0.7806730444117664,0.023408921316321295,0.05401129984518708,0.2765531739446278,-8.293807290804398
Veo_0037.mp4,fake,True,0.01234511061581213,37.502857208251946,23.628261916339397,5.0601800815828595,0.03502322236263342,1.7112187147140503,0.044798120856285095,0.9135928118513208,0.8562172562887279,0.02132621637503783,0.101460155116278,0.16571121453282242,-5.804655418991567
Veo_0038.mp4,fake,True,0.013564341037846596,43.51759166240692,29.515547511987382,5.518548364219798,0.04394021983157211,3.6357738971710205,0.053887806832790375,0.8838389792015443,0.5587281625892009,0.045969663060963194,0.07808327972484093,0.2681313337983358,-5.352425975754453
Veo_0039.mp4,fake,True,0.01920024050241109,34.1733868598938,23.105214996834594,6.434412292842371,0.04898327653071251,2.60823392868042,0.053574781864881516,0.9187951737321177,0.8510629537312224,0.020569999478964245,0.11225419165886069,0.2186927401759795,-9.63615751118255
Veo_0040.mp4,fake,True,0.010274563365634187,41.465814328193666,27.177926364392047,4.733784574558356,0.02792251340606775,3.970841646194458,0.029743822291493416,0.9126347382683062,0.7744280601368903,0.0338490207794437,0.04609318195749726,0.14331223129937506,-6.0517692100436085
Veo_0041.mp4,fake,True,0.009597249431517298,36.93974972724914,26.875766096115115,4.740826442529049,0.02529882607781577,2.164475202560425,0.050808925181627274,0.9185923790995837,0.8647499160262595,0.017106780807242282,0.08259084633823212,0.1443444792460081,-4.882165190216047
Veo_0042.mp4,fake,True,0.016861149068397894,38.898634366989135,17.037551383879034,6.539719812958151,0.056493773232920555,4.659674167633057,0.04617209732532501,0.8439502314996735,0.5616804424003471,0.04588386343260729,0.16614257746785158,0.16157311444270325,-4.899247236295768
Veo_0043.mp4,fake,True,0.015510304311983934,22.42833307266235,9.384455432431617,3.8162678522202516,0.04444802771267984,1.6333580017089844,0.04811892658472061,0.9211818917670938,0.7765298798531978,0.028750235900536197,0.0884629013324701,0.17171286521741394,-8.005730915423223
Veo_0044.mp4,fake,True,0.009514888529572062,27.666391925811766,12.164325533844531,4.596456745585654,0.023522011440391663,2.4033114910125732,0.05849194526672363,0.9075165110034803,0.8486490459061997,0.018297637095583567,0.07166025251509361,0.13482955276637676,-9.882793889113163
Veo_0045.mp4,fake,True,0.011169886991758539,37.88280703544616,15.026678316878778,6.748718373706705,0.02918740705815779,3.0708625316619873,0.09235438704490662,0.9103614859095287,0.8417970234540376,0.028328857454202033,0.07167444460141933,0.191923213457351,-7.825622147516159
Veo_0046.mp4,fake,True,0.00971570322350682,24.339293026924132,13.818539308796327,2.6041534997506224,0.024486579421812597,2.3505825996398926,0.023052476346492767,0.9221300132960624,0.8489938688779933,0.02266057822852348,0.0574913400619173,0.12149030515061683,-7.084945470371355
Veo_0047.mp4,fake,True,0.008524518253452408,18.48068432331085,13.777522610108058,2.4693260834989363,0.02056191490943828,1.277683138847351,0.021808044984936714,0.9346406330054509,0.8544594415234685,0.02200221571376234,0.05501687185843476,0.10572504690322537,-4.764587558727165
0000.mp4,real,True,0.016626819350302312,9.276805958747863,4.53106914846048,1.6365041014179436,0.06124950821003064,1.0738073587417603,0.031596578657627106,0.9528206394788571,0.900078312786488,0.015763337339484238,0.21319204149340404,0.15414570711485867,-6.729325109915257
00000.mp4,real,True,0.016471032942972825,24.27841450691223,15.479142192490896,6.418513565098091,0.056700442817106365,6.55942964553833,0.042062755674123764,0.9394312788000818,0.8789913130445794,0.017980549073118534,0.0924907710601148,0.2458382095797751,-4.414835574379302
00001.mp4,real,True,0.04408230838634573,14.119949908256531,7.6130331539763025,3.104616788259696,0.18342627494843822,1.3701560497283936,0.036865945905447006,0.8266573125366947,0.6873379370591398,0.04800957297053337,0.1672381069156189,0.453055221132281,-2.2130399630908024
00002.mp4,real,True,0.035000363935727204,13.263031520843505,6.09577995384112,2.5655554318810623,0.1079650049167039,1.439234972000122,0.023282663896679878,0.8749678819180489,0.7381429258789177,0.042840296954476074,0.07273916568558902,0.49361784996651265,-6.167654743767729
00003.mp4,real,True,0.09552608143184647,9.320094079971312,6.356140860185785,1.6683957099737134,0.22441803998648482,1.7549357414245605,0.03676486015319824,0.9028142966943937,0.6473929271987743,0.054716970041743584,0.05539906311206865,14.972724235760662,-8.992393808233953
00004.mp4,real,True,0.04655406512740946,21.263456959724422,17.176317245308557,1.7784930388052724,0.15765294315525258,3.4186508655548096,0.04744267091155052,0.8932231839342062,0.8178743384313525,0.023329714538459077,0.11270010841323179,0.51803592826571,-6.375186557462125
00005.mp4,real,True,0.023363995304811733,16.190066237449646,14.207002125146836,0.8098865059258379,0.081822465028239,1.9492214918136597,0.0212847962975502,0.9515460614308534,0.8805638851720803,0.016937490045308548,0.08208289182158462,0.36528460439626564,-6.331524611096086
00006.mp4,real,True,0.01680741470189545,22.894755356311798,17.543782154140157,2.4238495230424637,0.06198101886677922,1.0429946184158325,0.019480718299746513,0.9441794895403802,0.8413369900707752,0.028622964805109438,0.06907817441983931,0.2662858884395073,-4.274933076081091
00007.mp4,real,True,0.04082266965463551,16.42886023521423,7.64639536227858,2.565929651994643,0.1482516367947815,2.281202554702759,0.05237657576799393,0.9066307155259766,0.8162466374406647,0.034739715153004544,0.1292108980208499,0.46727544202510884,-6.175953317530331
00008.mp4,real,True,0.03004944664712246,32.69947287559509,8.768241996238464,6.444382717222244,0.10439247115843259,7.186878681182861,0.06698175519704819,0.9093186057535912,0.8094616322446524,0.03128119503937399,0.12941078739788697,0.27375421668292355,-7.458863371359801
00009.mp4,real,True,0.04003526526600399,14.222799949645996,5.421924671824082,1.8538176172002596,0.16440811241109213,3.8584227561950684,0.07036423683166504,0.8827908596120153,0.8010196181021969,0.021063514449225575,0.22245970654057837,0.36213935366309685,-5.00708329676111
0001.mp4,real,True,0.02604486614498575,12.274029483795166,9.557501302647095,1.1633733818570646,0.09364882764173658,1.3599234819412231,0.01175090204924345,0.9474486816474132,0.8986323479004295,0.017662674272078273,0.0960959228300128,0.3246595621060853,-6.331066566756588
00010.mp4,real,True,0.0329737036674429,15.225322465896607,6.940969348706543,3.6814228538431224,0.13651975025540342,6.465930461883545,0.043496716767549515,0.7494259258803477,0.13302151984678875,0.15479748357692458,0.228305681285688,0.27667225205471674,-3.091649362449923
00011.mp4,real,True,0.04952513111194082,12.634519231319429,6.748575236787188,2.1834288546510354,0.18365653443126548,1.7582391500473022,0.03189942613244057,0.843298108832456,0.7345571774480001,0.030214179536601524,0.21590618038771917,0.41982470935977556,-3.2921757593243868
00012.mp4,real,True,0.04547730631297949,10.453883960247039,5.521453430976916,1.6277579507110804,0.1689401186261769,1.387884497642517,0.05279961973428726,0.8661992410482102,0.6575839543903665,0.04516572746891927,0.06810024060845075,2.2454681283050117,-3.1443806836930173
00013.mp4,real,True,0.021075026064865623,8.220775847434997,5.516557637694516,1.1109363725688437,0.09324740903313423,2.0035009384155273,0.032356176525354385,0.9183616288315355,0.7930542566237504,0.02512372291814596,0.14470234042301217,0.29421878176022687,-3.1641344487092455
00014.mp4,real,True,0.07724942662075811,20.318918590545657,5.729522192669536,3.5114055785144203,0.3211090158245994,3.331806182861328,0.05590612068772316,0.8942914973297764,0.7382713707541834,0.03208388638084203,0.25060464488744,0.7010143959917039,-1.4633332487735349
00015.mp4,real,True,0.04580902389253155,28.807335643768308,16.740754413658678,4.125879398045423,0.17220585869081326,2.3722522258758545,0.04200657457113266,0.8885258185970325,0.8032222439730574,0.028131012097920998,0.1278232624947328,0.5643635415533862,-1.8637808045951885
00016.mp4,real,True,nan,28.017710247039798,12.24456530016044,7.017570176660214,nan,4.601877212524414,0.03274839371442795,0.8336239760059538,0.7440764756678565,0.033429016665495775,nan,nan,nan
00017.mp4,real,True,0.03273416502724017,6.903810317516327,3.9722996622788997,0.7534931245689173,0.1117812221195091,1.235910415649414,0.07994309067726135,0.9347410090405236,0.8795225602000282,0.021817130546951974,0.12172058221441383,0.34243215465722104,-7.391810812585483
00018.mp4,real,True,0.02958065294274285,16.63658421039581,7.5544282575804615,2.6769539074262827,0.10162471341399504,1.5503768920898438,0.04430822283029556,0.9069558162881016,0.6933174162138376,0.05569382987603185,0.16332967584269995,0.30595105276529927,-5.719945327325538
00019.mp4,real,True,0.020045687135779987,42.26972210884094,28.56418757040786,4.184018032165722,0.0739388461724492,2.1203713417053223,0.07971446216106415,0.8898116124563132,0.6728761093774531,0.04698442488192433,0.09709751312348644,0.27184589120656544,-7.131730472704473
0002.mp4,real,True,0.022529828404326928,15.295113139152527,10.175944311482006,2.0397933676274826,0.07835805970330108,1.0177826881408691,0.01483927946537733,0.9392464283968747,0.8864855535507319,0.019924313512185186,0.18135339858429306,0.18394602527210635,-9.931132890350899
00020.mp4,real,True,0.020852668031472153,22.282038521766662,14.78463381021692,3.021202768240421,0.07367590224702876,3.0731518268585205,0.031117193400859833,0.8612692862756899,0.7230473289552298,0.03721852897432419,0.14554280430331687,0.2454923334995868,-4.793915050247127
00021.mp4,real,True,0.045797439267032204,10.411610622406005,6.559354642304506,1.586357991417015,0.16709691304996888,2.357433557510376,0.08208709955215454,0.9023502989330295,0.7956264016309043,0.041066783528597696,0.11595934203899044,0.5011651854118889,-4.571956382983165
00022.mp4,real,True,0.013770932727056179,43.88034045219422,34.388905433332845,3.64915934284202,0.05173142156209231,1.576324701309204,0.01633155532181263,0.8956223124000204,0.7965769351837568,0.029891200878314907,0.06945029209073485,0.23356383856610563,-4.651931613404169
00023.mp4,real,True,0.025435166823606196,24.431334586143496,12.621535873243154,5.540098778281372,0.09018314868880153,4.157255172729492,0.06419070065021515,0.844540131893737,0.7103136515730695,0.04083741196861255,0.12473955557582075,0.27655767663072345,-5.649517847896214
00024.mp4,real,True,0.027754825112587245,23.46664587020874,14.639565190248994,2.6204321076156076,0.10423685687357061,2.6488637924194336,0.043122194707393646,0.919993752245975,0.8284125344810831,0.02227566520468873,0.1424443592800808,0.31250749156064295,-2.4820423485213374
00025.mp4,real,True,0.030561184528022815,9.770647163391112,4.69830863960753,1.4723042447437134,0.11519734896276237,1.2896045446395874,0.0682852491736412,0.922427446950333,0.8619980103818057,0.023711131477116038,0.2693270272650783,0.22882811908332204,-4.424513357577633
00026.mp4,real,True,0.15057312328842748,21.42889587879181,7.82357363969864,3.5310878205374343,0.5958886196759179,2.808522939682007,0.0359627939760685,0.8967647153899799,0.7846680001673738,0.025745060694261034,0.0395087455701426,5.616742440283615,-4.64004364780488
00027.mp4,real,True,0.02250075556218306,16.532232303619384,8.846020625797477,2.683906646620158,0.08562556794035618,3.3443806171417236,0.05472809076309204,0.9171375054272194,0.8102895047726882,0.036270401023362125,0.10381528221591232,0.34712442288661705,-4.981067123187072
00028.mp4,real,True,nan,20.608810691833497,8.571303543104037,4.349650018944573,nan,6.948750972747803,0.028478318825364113,0.8275346968150197,0.09517731844705715,0.13671799413405117,nan,nan,nan
00029.mp4,real,True,0.03544791355779819,16.86575277805328,8.311904841040947,3.5485045121559593,0.1229092766347961,1.3859829902648926,0.04870013892650604,0.919742874940524,0.8506220591279968,0.020791918808885968,0.15216242993401102,0.3565790817307236,-7.2175996587078775
0003.mp4,real,True,nan,11.539308903217316,7.7883383209318735,1.7762716586779785,nan,1.0755488872528076,0.017007976770401,0.9337386256049227,0.832434247761273,0.02812510829958923,nan,nan,nan
00030.mp4,real,True,0.019365802975952993,8.426185965538025,5.092643152634471,1.2814977892932287,0.06527736146518824,1.3091415166854858,0.029255643486976624,0.9184679695672162,0.4628647975056495,0.04302609532834881,0.22181128169626393,0.1382119396349284,-8.30616495458856
00031.mp4,real,True,0.023109439536182844,17.502175006866455,10.054600467971728,2.609837324637664,0.08783058574434129,1.3679853677749634,0.01801098883152008,0.9330951150325597,0.8585849436289298,0.01845158284504222,0.07339480496378915,0.40044063296674665,-2.2718600857372455
00032.mp4,real,True,0.02463142956638591,19.037444403171538,13.253931547215382,2.721828520554873,0.1075605896158163,1.4602611064910889,0.015794578939676285,0.9134099261703255,0.8315738649293214,0.01959850775277942,0.1369120207647774,0.36085907629878156,-1.6360697566550049
00033.mp4,real,True,nan,nan,nan,nan,nan,1.9744019508361816,0.029042929410934448,nan,nan,nan,nan,nan,nan
00034.mp4,real,True,0.03871398475117755,12.40643592119217,5.6414695129666,3.2741207593505153,0.14799890783836317,1.8946021795272827,0.03394549712538719,0.8804271504800152,0.7377523973982522,0.04187646730147324,0.10024871194932379,0.5195520003249402,-6.54652809128955
00035.mp4,real,True,0.01878818169479842,19.59935670375824,12.607483779907747,3.8059044713266887,0.06728023165719266,1.0975292921066284,0.01823275350034237,0.8615971710265097,0.706020566582039,0.03883320077237937,0.03474353335033984,0.3895949914143181,-5.412072639589265
00036.mp4,real,True,0.02833764547475934,15.298990263938903,9.822627416697415,2.4049233635522382,0.1140431010298449,1.8934814929962158,0.02535146102309227,0.9397558811572733,0.8332334435164032,0.033918554765452955,0.10428329424958056,0.47976337362613525,-5.215395494801564
00037.mp4,real,True,0.031230163270985167,16.50237271308899,8.602713709013804,2.7488027555947463,0.11426509683803145,4.963501930236816,0.03283296898007393,0.9458045186347662,0.9024306746671111,0.013243123188588639,0.11588417269662425,0.39994346153401106,-3.1023102962987057
00038.mp4,real,True,0.029895232707610412,10.260846047401428,4.163052086789297,1.820668928983714,0.13269846785641562,1.8642719984054565,0.028660733252763748,0.9132838543167641,0.7992909590830338,0.03393332889849754,0.12222170590754686,0.4277689015998802,-2.346333246047246
00039.mp4,real,True,0.03162550245409993,8.022159352302552,4.644984601738665,1.410950007822823,0.11260565160472347,3.229240655899048,0.030684510245919228,0.8070678815594277,0.0851276235647561,0.13894761851339382,0.1176703062423909,0.35074077610421583,-3.332784727226561
0004.mp4,real,True,nan,9.473769817352295,4.335881656819376,2.10004585066644,nan,2.913544178009033,0.015436881221830845,0.9170662670749898,0.8349023409647822,0.0342661215627607,nan,nan,nan
00040.mp4,real,True,0.021927824550170626,17.37133124828339,13.20356577674235,2.182484135419262,0.08377938664083326,1.8911792039871216,0.048456981778144836,0.9166899396264943,0.8436614480065457,0.02211348449178972,0.14223487436606067,0.2183144212441562,-2.6903081570065557
00041.mp4,real,True,0.03795982114720174,12.533741798400879,8.649016475546778,1.8962150508222717,0.15563879858669197,2.302257776260376,0.06846854090690613,0.9181449068853683,0.7500481190465251,0.04819811356486217,0.16525514392606194,0.7709087863023526,-5.3499820610468705
00042.mp4,real,True,0.023022822128936703,22.671398372650145,12.350243492499967,3.7909574457260176,0.08427726748726118,2.395157814025879,0.04708552733063698,0.8918440268485812,0.6901602529931471,0.05730907683108639,0.1118545729110631,0.26865710005215393,-3.020083467504543
00043.mp4,real,True,0.024253439687059605,19.602169432640075,13.047324494628583,1.6881446257694595,0.08944149034180691,3.148667573928833,0.026157887652516365,0.8909438355652297,0.7698186131139062,0.03280045190788996,0.14849031479333702,0.22582292742138974,-6.558471832736247
00044.mp4,real,True,0.021100485352024422,22.53680404663086,15.102620628265472,1.9976545503930376,0.07817904904655625,0.6327024102210999,0.02036277949810028,0.9359446924025968,0.8357369615604159,0.026854305016210063,0.14457358432695427,0.23408453134951154,-8.833118779791304
00045.mp4,real,True,0.03131103256180562,23.931331310272217,12.034538825456876,4.049104485754209,0.10495775439786037,5.083232879638672,0.03723027929663658,0.8697528701603001,0.5938387492071651,0.07866118915615058,0.1910469098010916,0.27540357272900795,-5.971666107045609
00046.mp4,real,True,0.0764122303911871,8.412048487663268,5.224014896901044,1.3278396333609754,0.3775469780866163,2.103029727935791,0.04228819161653519,0.917368091280307,0.8493911424888311,0.026011682600261515,0.31061369291361307,1.2603064338838834,-5.673891978625507
00047.mp4,real,True,0.01768846150754065,46.58282736778259,23.838871015712527,7.985595179051968,0.05970329920318209,2.7613987922668457,0.031115612015128136,0.8330015666365342,0.6801322899292878,0.04254414725736249,0.08465243765068736,0.2187349901629179,-6.257624553122322
00048.mp4,real,True,0.02398186117325301,9.20568634748459,4.406269097224739,1.6536280325289625,0.07822142692245153,0.7928000092506409,0.025447750464081764,0.935073166359969,0.8740837728379701,0.01567687380208933,0.07126666534093483,0.3396562455398742,-8.027792131314934
00049.mp4,real,True,0.03387474065375731,10.84331632375717,7.5138202756893735,1.4208637911577155,0.11534988851697496,2.5700416564941406,0.024186039343476295,0.9384094255613108,0.837040607072663,0.021733464760322986,0.11828557767335211,0.5892517255825073,-5.764170056252493
0005.mp4,real,True,nan,59.51690886497498,5.796816292624723,5.388509943403789,nan,4.9245476722717285,0.036093227565288544,0.8429665100529697,0.1386845231313114,0.11768562511426407,nan,nan,nan
00050.mp4,real,True,0.03806211006075044,7.7793752956390385,3.701779478864467,1.0366950688494403,0.18498325496763404,1.1527409553527832,0.025322601199150085,0.9005278577957023,0.8326580472221432,0.026428368899970342,0.22678645993729923,0.34535994889746846,-2.7489642224777446
00051.mp4,real,True,0.04336224117986985,13.025897321701049,10.162628900202483,1.1169014968458455,0.1639221119784278,2.2827248573303223,0.02525968849658966,0.9353324417797357,0.8345820764252209,0.020685581065986794,0.15524678876005304,0.5830213221887164,-4.60841347068002
00052.mp4,real,True,0.030913276110309185,17.63761257648468,7.912279382620394,2.805555600149867,0.11123281303466322,1.8141087293624878,0.02662825398147106,0.9137862282453577,0.7857885683599584,0.039267022396158625,0.08056726002747329,0.4271028271721242,-3.4907515163309295
00053.mp4,real,True,0.03943162793284471,10.14702563762665,5.101030184249591,1.642804500397542,0.13846729441886063,1.3269058465957642,0.03267217054963112,0.8687687267470497,0.7914625158609815,0.02710630246194924,0.09261083321258827,0.5320519030403815,-3.495797756471355
00054.mp4,real,True,0.03226625186956862,19.95965064048767,13.702489175630703,2.75817016202019,0.12144926703532628,1.7254010438919067,0.016073141247034073,0.9005213209838961,0.730159987395969,0.054192213893374114,0.1659230740221494,0.30567120368134204,-2.157802284695846
00055.mp4,real,True,0.021879472194037942,13.887550528049468,6.550286407093716,2.676657297304985,0.08894979741229739,1.6179633140563965,0.06680095195770264,0.9132214423194617,0.8213322411924682,0.021130231720488793,0.08606775408471587,0.33093101285487425,-5.126651449601582
00056.mp4,real,True,0.026391588918888372,6.169942512512207,4.160181752255793,0.7163985740580622,0.13421569021569565,0.859879195690155,0.018793074414134026,0.9555083438965672,0.8718671843435556,0.022083365234996516,0.2100832823461168,0.34484823103332896,2.8755601985519292
00057.mp4,real,True,0.06328381454389295,17.322619333267212,7.009002832133371,2.9756435133811676,0.21826388839977817,1.2712279558181763,0.03229730948805809,0.8661700229918406,0.730579058590742,0.037021992672447546,0.17712477065720553,0.49809997870608325,-5.193338365997619
00058.mp4,real,True,0.03641526780213139,10.496128492355346,5.719804446506881,2.567532761591243,0.13461825067141917,2.269680976867676,0.017584942281246185,0.898115598295738,0.8088929672393931,0.02501364915465352,0.09538474218002158,0.42856325663898004,-6.816433937524533
00059.mp4,real,True,0.02275122652252074,6.181336832046509,3.8778694499293462,0.8742623135424837,0.09655487869146315,6.584834575653076,0.019999895244836807,0.9637732358037833,0.9180477422214616,0.012180185145248004,0.10475425963560248,0.33637871142267717,-4.8097128240345555
0006.mp4,real,True,nan,5.724273655414581,3.3013321810489082,1.1187644009820905,nan,1.3321305513381958,0.015542333014309406,0.9362428920693194,0.8436907971365385,0.020175974270120512,nan,nan,nan
00060.mp4,real,True,0.01918583049880258,31.171570363044736,21.357443929212366,4.863377360018617,0.07598947116168316,2.146085023880005,0.02740367315709591,0.8671583797762625,0.5722738367624115,0.061522933536703815,0.1645949020434031,0.24741154302639004,-5.343559695502066
00061.mp4,real,True,0.04783985172119842,13.251097354888916,5.593307158874126,2.408524095059049,0.18128510862121996,2.6534183025360107,0.04126399755477905,0.8783098454310647,0.13747467625750978,0.07469503938668005,0.24288504090735086,0.3725218444572138,-1.3548952352879455
00062.mp4,real,True,0.026423479317161356,16.386585459709167,9.883430836016165,2.439583324058086,0.10312378969739151,2.845639228820801,0.029237620532512665,0.9135321810222274,0.8335211577510427,0.023267771462024932,0.09337949257647656,0.3812245039870524,-5.045850742813535
00063.mp4,real,True,0.03181711955638369,16.207734632492066,8.35124058198929,2.7350926231521893,0.11149785012345119,1.804365873336792,0.029850013554096222,0.9197754584750149,0.723525560898162,0.03083827178402778,0.2850592790502821,0.22851476386452624,-1.5275343648958866
00064.mp4,real,True,0.011754684276722853,30.798141317367552,20.744256713357007,4.863833677158566,0.05421166306579688,0.9197773933410645,0.02036627195775509,0.9258295068910151,0.7410017035168819,0.034542176590158596,0.09819254251397637,0.1975812308726407,-5.779845615367093
00065.mp4,real,True,0.01748317042820883,17.359918925762177,11.547489686191204,2.465723512121048,0.07287082115804167,2.111316204071045,0.06309358775615692,0.9355926348145227,0.8759506483844971,0.018536374657050065,0.08188893636287745,0.293084228101315,-7.666471251203333
00066.mp4,real,True,0.019496395949398934,16.740255222320556,13.605417749052235,1.2700033539677367,0.07543100370342029,1.0331592559814453,0.07746150344610214,0.9459939006079813,0.8864780591063465,0.014821113107234211,0.12888735255197128,0.19958244149726617,-0.8628664712086985
00067.mp4,real,True,0.034904601485273405,11.029550018310546,3.2705394234652223,1.7980932160196883,0.1234393110388821,2.3325886726379395,0.03512843698263168,0.8730709303952178,0.11496554897578941,0.07599197940321795,0.1404090707928599,0.3211335427799879,-6.264669848411295
00068.mp4,real,True,0.02433260350227084,12.923788042068482,7.278218724161637,1.129880480515157,0.09698148229087271,1.0560063123703003,0.11101534217596054,0.9528196128294663,0.7283952125925593,0.017667354686416028,0.08934995147941692,0.3673504424112902,-5.056808209526617
00069.mp4,real,True,0.05108406814424406,14.02460551738739,6.252356365510313,2.399623489620777,0.19294120771642234,3.2974016666412354,0.021833842620253563,0.8316762048174091,0.06687650884394213,0.10862672700728802,0.1327887389030198,0.6057888996244534,-2.464005629252075
0007.mp4,real,True,0.021431961926726924,13.692423641681671,7.017556464545429,3.0575501208868374,0.06360029757050538,3.73378324508667,0.016835298389196396,0.8898482383393802,0.04631320280817509,0.15252857162257857,0.06923880610112733,0.21655625808257364,-6.058451466471421
00070.mp4,real,True,0.02694357251586983,20.877460026741026,16.900518004593728,2.261641693922226,0.1149625584585426,2.043527364730835,0.04624947905540466,0.9294285104070319,0.8393888499335336,0.02325311075024056,0.22540801631257956,0.27672605384826515,-0.7511317696474675
00071.mp4,real,True,0.041413323460468304,14.231070759296419,9.490035459428778,2.3227182454911373,0.16544551935902854,2.5656847953796387,0.04666692018508911,0.8441249120248865,0.6441466663542786,0.049480766613551636,0.13320366577177065,0.4478162118766979,-5.6891614805506325
00072.mp4,real,True,0.03039506758440872,24.52628790616989,18.142024345298193,2.918305034935761,0.1329746605811729,2.1247525215148926,0.022959934547543526,0.8757739120864455,0.6572425669021091,0.04317576478148023,0.18805408814292457,0.32388051156458664,-5.533217328479616
00073.mp4,real,True,0.03268073206315189,20.596641697883605,10.262281717385742,2.813904227538982,0.11369142337901746,1.594033122062683,0.036738574504852295,0.9064453591333118,0.7682832131994539,0.02722842025720825,0.17798486378672748,0.285115472274032,-4.357193202975565
00074.mp4,real,True,0.07904084015144332,4.041860585212707,4.041860585212707,0.0,0.29087251499592875,2.3040246963500977,0.022091619670391083,nan,nan,nan,0.3056308821124867,0.526695902488221,-4.9997794491252385
00075.mp4,real,True,0.01665375579788122,36.52480380058289,25.3925008726623,3.1562150731603005,0.05864294459666448,2.018281936645508,0.035059791058301926,0.9532058707566687,0.8482970139023677,0.01833628275723278,0.1486497190272053,0.18140822102850168,-4.144874009850392
00076.mp4,real,True,0.01881415235353152,25.94989710330963,19.456581509566256,3.6701635352678643,0.07776845471450747,2.4161269664764404,0.05329648777842522,0.893798353522094,0.8243199752718972,0.02426433468267067,0.16159347762757006,0.203117970243202,-4.035211513505875
00077.mp4,real,True,0.04491340624565559,9.87518672466278,4.088058138721868,1.6610737642737643,0.174139736545733,1.3569399118423462,0.03417133912444115,0.89783833050329,0.8144184312183066,0.02508067676017702,0.09339789722627821,0.6225411317607336,-4.244520799392864
00078.mp4,real,True,0.026946521050647897,23.952455930709835,13.836423432638004,5.075255798905659,0.07873236106305513,1.8495069742202759,0.042612358927726746,0.8883748199799221,0.7978659438133469,0.029154575035980488,0.11891537930495598,0.24620649445687154,-6.7567834267914195
00079.mp4,real,True,0.037294975226660164,32.13445946216583,19.82984748351142,6.1184244720740475,0.1535996398813603,2.579158067703247,0.09436657279729843,0.8780116848259178,0.7210449745680971,0.04586243679948117,0.16520247229482626,0.33998118479077644,-2.5220956705503115
0008.mp4,real,True,0.019398375556715215,14.764542226791383,8.888060002630741,2.2010462340442403,0.0697889731171991,1.7532522678375244,0.020153410732746124,0.9564610178846547,0.8871810006310823,0.014888037964425598,0.15035514643223613,0.24242787632284465,-6.045445336037196
00080.mp4,real,True,0.02906034741456438,20.072972640991214,13.089864936393674,3.811356208504109,0.12555035328032396,2.2655224800109863,0.017516285181045532,0.9032056790806247,0.8038688606194282,0.02888674671843068,0.20390898751660932,0.33701670083344426,-2.98402237432207
00081.mp4,real,True,0.01780565557281759,23.825772879123686,16.009535978119985,2.8122343652533153,0.06852204723645948,3.033174991607666,0.02074774168431759,0.898935727726829,0.7988107597401471,0.034900874016756844,0.052055127695277724,0.343012662529564,-6.923861075407185
00082.mp4,real,True,0.018334369575601087,20.44900093078613,17.033112804585205,1.3350123398163902,0.06473447925484788,2.2334706783294678,0.027357442304491997,0.8905200462661872,0.7846370464653013,0.03162825071219925,0.10279791548562334,0.21659961973391412,-5.700284948175105
00083.mp4,real,True,0.03669532221343952,19.69768289089203,14.521976896507827,3.288258371063943,0.14438622280753516,2.252744197845459,0.02491270937025547,0.9213878718044308,0.8021770682122227,0.03388203882000617,0.09064520516181913,0.550613415144334,-3.037378469330714
00084.mp4,real,True,0.022158535431010894,10.327715854644776,5.324759693934805,1.6427498557080256,0.08305290221041137,1.3057365417480469,0.10943610966205597,0.8920381192877772,0.11796233724787296,0.0633057976351967,0.21998035001017777,0.16959679344272233,-0.8694705229108526
00085.mp4,real,True,0.047036526058172365,7.514926571846008,2.870027481993611,1.3721934189922005,0.17763221815279834,1.8892995119094849,0.04293467476963997,0.7943766327997559,-0.02409071387936239,0.14731779242186963,0.1774277427301028,0.4208676772174036,-5.691948766422329
00086.mp4,real,True,0.01934202837738425,28.6433145403862,17.862585440532794,3.4800256379599306,0.07899473268310102,1.650862693786621,0.0682285726070404,0.8886606852714072,0.7443072028829794,0.04234268072934171,0.08664699841562792,0.31306639571055106,-4.748534777227196
00087.mp4,real,True,0.03275091524194166,21.522956895828248,14.148442500941776,3.1890056597860483,0.12660308495195718,1.9236210584640503,0.09553173929452896,0.8898049330285583,0.7594197139701869,0.03200705159023658,0.17217062110471035,0.3086631835673418,-2.2505829447385453
00088.mp4,real,True,0.03930909897744512,19.335428738594057,12.281194971347677,2.94430209691454,0.16541156449389963,1.5856952667236328,0.026864660903811455,0.8798682562505292,0.017968512625670643,0.06194323336395446,0.21926713768124603,0.4320784443019516,-6.169548387273393
00089.mp4,real,True,0.024156107471069353,12.052297191619873,5.9621430719267465,2.7983311042851,0.0858418614129734,1.5828758478164673,0.06506005674600601,0.9449945826623355,0.90939158894226,0.011392174395859756,0.10386830131683675,0.6910834991782407,-3.29480546237379
0009.mp4,real,True,0.022284168938375856,14.3546968460083,10.096316215337334,1.4001035150143537,0.07661911107933113,1.9352408647537231,0.02032897248864174,0.9650536305683888,0.924012990012634,0.013956717975699489,0.24769114126525152,0.1469534997217831,-9.209155780251152
00090.mp4,real,True,0.031556126523855844,10.712334351539612,4.1425893890284575,1.0604671155709549,0.11653563602073963,1.368772029876709,0.022237470373511314,0.9227884797843539,0.8106437611569067,0.023141965136903597,0.0942317329155812,0.3940926166436193,-3.9263087331041606
00091.mp4,real,True,0.022414520724117794,10.395207662582397,4.692657775501629,1.8479995035895525,0.08954005360328085,0.489343523979187,0.04461556673049927,0.9303032362247803,0.5516074935899692,0.04224970404520352,0.2186864124222205,0.17593061213190278,-3.471842691095583
00092.mp4,real,True,0.04356464698630816,10.260397624969482,3.7743464684301826,1.3165819289743241,0.1661006258626111,2.368220329284668,0.05146613344550133,0.8940708223597091,0.7584723132365842,0.03485925122096172,0.18446673943075786,0.49362659954311155,-7.064829058557773
00093.mp4,real,True,0.028728020193889266,11.093907809257509,3.526710351227145,1.8936601417540617,0.11971171808070574,3.2887468338012695,0.0490603893995285,0.6925948224715396,0.05288927673935987,0.1858709980164255,0.18722399825207425,0.27216537172011784,-0.5880481269286959
00094.mp4,real,True,0.03067036079040402,17.089034667015074,11.659970570520501,2.190011411123134,0.11748751070785313,1.8865091800689697,0.08516324311494827,0.9438167954625848,0.881273072450049,0.01654993148737611,0.13141004600348757,0.334005131238152,-6.194896946241403
00095.mp4,real,True,0.048438911620107224,21.10079614162445,6.307160611098797,4.16842664981354,0.20138800225288392,2.4452133178710938,0.04220733791589737,0.9093077941933775,0.7913233473346397,0.03002765661809448,0.1834586114205724,0.6006719340807757,0.12601693316540438
00096.mp4,real,True,0.017767428368111248,44.317055711746214,29.43305477608227,6.302903326593096,0.06278199181899474,1.5464322566986084,0.06975167989730835,0.850072472021867,0.7016426936001133,0.039811506051904415,0.12630480855667878,0.23225198521321114,-8.275643558814723
00097.mp4,real,True,0.016824922245280177,24.397660455703736,8.331122622438873,3.6161108695180526,0.06410689972534261,1.7729101181030273,0.04534945636987686,0.9472915777991439,0.8831258155030483,0.012572230702880697,0.08183822571280779,0.31926425237632344,-4.968711663157318
00098.mp4,real,True,0.028508080783330718,15.565948061943054,9.061623129349934,1.7730108065913306,0.09430479269805886,1.5791985988616943,0.03137022256851196,0.9627332473141006,0.918253661691797,0.01129994122603568,0.10581759839029778,0.4419304946770185,-5.377548188632835
00099.mp4,real,True,0.013913867285837468,29.470394339561462,20.005529308763112,3.208437415984179,0.05340321561867918,4.571174621582031,0.025890611112117767,0.9208370145964794,0.8419844028171152,0.02202952008268842,0.08834036143713483,0.21377773657283275,-5.692559184024429
0010.mp4,real,True,0.021623848632005702,17.588617041110993,13.544387268236704,2.8427164366842486,0.08094184999172602,1.560603141784668,0.017425065860152245,0.9589049810259459,0.7602596398156405,0.05027976584370434,0.11921126127669952,0.2468174481425069,-4.190171471165282
00100.mp4,real,True,0.02374347895313321,30.246124563217165,18.40305031121447,2.8481874512072514,0.10504138375425619,2.0453062057495117,0.029391715303063393,0.895588697713037,0.7928626306785018,0.026196110570188096,0.1895715301938601,0.3252268242610434,-2.952721694625644
00101.mp4,real,True,0.020096709856845304,29.45174883842468,18.358808883184736,4.222658615005156,0.07853450950731154,1.3355857133865356,0.048841442912817,0.907754865108723,0.8305428998832235,0.01804631436357755,0.14993252964763082,0.24054635356036677,-3.437185838659155
0011.mp4,real,True,0.018029967966835606,12.929149703979492,7.933640442725557,1.8954147694459826,0.06772280972541887,0.9086310863494873,0.04038051515817642,0.9532801535302665,0.8700398470764125,0.019192664041291104,0.07932746953349741,0.2789782604102605,-2.1018616208599923
0012.mp4,real,True,0.037469974714753836,20.282058620452883,9.954600852012636,3.2068897361442312,0.130391609452038,1.2609825134277344,0.017351996153593063,0.8987391304330641,0.5916269472660604,0.04779277760086739,0.12721712085544604,0.3434850182532549,-5.4811496977024685
0013.mp4,real,True,0.021316187780801975,26.587344279289248,18.800208593434828,3.534001497278769,0.08873431169922737,1.3841661214828491,0.019267108291387558,0.9343231949174883,0.8846493364180558,0.013922214057121005,0.19475004013841343,0.37907978077006904,0.4909504176363667
0014.mp4,real,True,0.028404509994252723,14.916857776641844,11.211353129802966,2.043351918496354,0.09275252202184263,1.2978901863098145,0.007905672304332256,0.9412992821707766,0.8773740792770027,0.019488284422527858,0.2462084127360828,0.1677421382336713,-8.424005439710857
0015.mp4,real,True,0.018135705941509487,16.792197380065918,10.508844510717875,2.1666429025121894,0.062179184708174885,1.8659669160842896,0.007446014788001776,0.9457768226886185,0.907116506910849,0.01295414718261135,0.177601475974582,0.15576545036866152,-8.774307513935447
0016.mp4,real,True,nan,19.922739090919492,15.50776171558587,2.261387685938561,nan,1.1294746398925781,0.01713487133383751,0.9559593792903999,0.9137822304825791,0.01625558837940582,nan,nan,nan
0017.mp4,real,True,nan,18.996944217681882,10.601124422571301,2.562038697059573,nan,1.388525366783142,0.029528118669986725,0.9431000307220424,0.8786717736954769,0.026940373156549596,nan,nan,nan
0018.mp4,real,True,0.02557752226736083,6.601627991199494,2.6994521341089746,0.8505323542710378,0.09202730933435818,1.4584496021270752,0.00837249867618084,0.9296779869979023,0.8045963918935766,0.0326325831069252,0.05840706555876516,0.41465922935321603,-4.456376919233732
0019.mp4,real,True,0.032074576936902875,19.30650608062744,14.387439375351304,3.276568508398856,0.1471182952076947,1.14325749874115,0.018892839550971985,0.9488255947629926,0.8918396379356059,0.022025066521969807,0.1957954744759248,0.31172327148429924,-3.2387616697140786
0020.mp4,real,True,nan,27.6557409286499,23.14826074256553,2.0360231552558954,nan,0.469336599111557,0.027950424700975418,0.9834806549944217,0.9475199029662633,0.008421344351921163,nan,nan,nan
0021.mp4,real,True,nan,24.237066745758057,10.08045947850567,4.901122611927448,nan,1.0731064081192017,0.02839917130768299,0.9366182838226769,0.8566131743271004,0.024772750625509068,nan,nan,nan
0022.mp4,real,True,0.016604833206743944,23.501318254470824,10.940427364812383,3.734614432599467,0.05675532022207493,0.8942611217498779,0.029438288882374763,0.9367629266648886,0.8362762558409078,0.025239556692657008,0.127337468463903,0.15623859948810342,-2.2273138509599195
0023.mp4,real,True,0.022192473332118774,20.510067982673647,10.575615305692349,2.1298117406785817,0.07269933910666151,2.1586484909057617,0.025042643770575523,0.9277486592207064,0.8634211262802473,0.024143183908816635,0.09047125051653732,0.2523761210074325,-6.107366469436567
0024.mp4,real,True,0.03202081837468198,15.754622182846068,9.890349401583714,2.3567156749719236,0.13536225982635441,1.2289109230041504,0.01843464933335781,0.9334877237187003,0.877663985931463,0.021175338152472984,0.21417790697857325,0.8380393673882363,-2.8823136543057353
0025.mp4,real,True,nan,10.961387205123902,7.420755653985341,1.484481701145313,nan,0.8911794424057007,0.01074184663593769,0.9360643785251451,0.8669077192200612,0.02096109144622977,nan,nan,nan
0026.mp4,real,True,0.013303462233405552,5.300952742099762,3.7852088062237885,0.6020631742699026,0.04768139203123952,1.2436681985855103,0.013356789015233517,0.9715897609870832,0.9344306836883645,0.00904896089905483,0.12461937660019244,0.17521547424972672,-8.183317351437168
0027.mp4,real,True,0.054132458845230415,12.987075214385987,9.060369117469985,1.6927297248516386,0.13283510402204665,1.84001886844635,0.018643995746970177,0.9311657594738151,0.7228475154807199,0.05618096210075876,0.21833918619929632,0.24470805698142722,-8.370156486010512
0028.mp4,real,True,nan,13.237582006454467,8.252707892265171,1.901216205389684,nan,7.014299392700195,0.01901225559413433,0.9131973013338675,0.824340983865219,0.0321912829112879,nan,nan,nan
0029.mp4,real,True,0.031052534326735017,16.686149530410766,9.152680956537907,2.6215476666378694,0.09514735909907773,0.7024039626121521,0.025927744805812836,0.8930940228026699,0.8302403326731181,0.030327478761859802,0.2606827086973569,0.1802962341430528,-4.643339828480583
0030.mp4,real,True,0.00776074465618571,11.803656697273253,8.93412630929445,0.8638263113355693,0.03315543909079273,0.6415053606033325,0.045605454593896866,0.9740582950133039,0.9434995645416943,0.010067116503017401,0.14156226346791143,0.12555177145983526,-6.685010547036877
0031.mp4,real,True,0.032463383197847084,12.303576526641846,5.901441596939178,2.5544174965214816,0.10410377774048811,1.1033642292022705,0.07244785875082016,0.9443933718899922,0.8938085085861707,0.021169992927863483,0.19985317545843764,0.24108385350838274,-4.389887693451286
0032.mp4,real,True,0.03275112985995754,12.070856037139892,5.083755959103869,2.3360321959323325,0.13153601060608286,2.618695020675659,0.03151734173297882,0.8959415832694463,0.8269491098423647,0.02159159412043232,0.25125208699820306,0.20601692054000753,-6.322157176413922
0033.mp4,real,True,nan,18.938821892738343,9.136160557405516,3.8263915613598236,nan,1.9430489540100098,0.025332890450954437,0.9190495854352377,0.8490062079111452,0.025301709126768473,nan,nan,nan
0034.mp4,real,True,nan,15.449207620620728,8.945020352453968,1.656630625546631,nan,1.1621487140655518,0.04807331785559654,0.9271573387534455,0.6851193684011768,0.03747082424841039,nan,nan,nan
0035.mp4,real,True,nan,25.95446807861328,16.228302326487075,3.328897891871706,nan,1.4342771768569946,0.04784633219242096,0.9829447920924651,0.8724147390397019,0.014986460640583272,nan,nan,nan
0036.mp4,real,True,nan,13.288449454307557,10.702371086695837,1.224631015468949,nan,4.287351608276367,0.013467971235513687,0.8927545246341899,0.6908503960560077,0.06967282818731435,nan,nan,nan
0037.mp4,real,True,nan,22.602405848503114,19.662493568210426,1.7210404353600492,nan,1.257728099822998,0.034748151898384094,0.9497861014101986,0.9119256446767686,0.01471408246016757,nan,nan,nan
0038.mp4,real,True,nan,19.79248795509338,10.669712344456494,3.6275513284757506,nan,1.1949493885040283,0.019262883812189102,0.9191799538962035,0.8670497898492044,0.021997553816725114,nan,nan,nan
0039.mp4,real,True,nan,22.116295342445373,17.102246481659066,1.8813233782386813,nan,1.8317068815231323,0.02376263216137886,0.9008385088340944,0.8167450743592459,0.03656448142655177,nan,nan,nan
0040.mp4,real,True,0.02349501286531296,13.637377114295958,5.830915484965808,2.0926271394141374,0.09179916394308026,2.04420804977417,0.04768252372741699,0.905436715485816,0.7074612005706927,0.039025031866353,0.15740217749413796,0.24992796470118592,-7.1110975402258205
0041.mp4,real,True,0.0204262003446351,13.99088716506958,4.938691378602749,2.8335342756214734,0.08381594631672731,1.511236548423767,0.059604983776807785,0.9013859657856528,0.7945387940278954,0.027899658711371685,0.25497835711072947,0.15296989815961692,-5.275175068064409
0042.mp4,real,True,0.05906299364817107,11.34758387565613,4.917238093078452,1.38331467286673,0.23283280650109603,2.246110677719116,0.22375327348709106,0.8904840574280923,0.7357033398114308,0.0362192935909365,0.16804012885531033,0.6487093842003568,-7.4728548374483905
0043.mp4,real,True,0.028277624701608883,7.8429500865936275,4.244545173556716,1.2237898156087301,0.11488122328377137,1.4874343872070312,0.030994979664683342,0.8700711727910385,0.700815165171248,0.05003028544802876,0.3286481036714333,0.17005017710385334,-6.908931449383179
0044.mp4,real,True,0.030071160401899256,11.685422630310057,4.299950528540811,1.9510093910546145,0.10748609941743392,2.9232165813446045,0.06621033698320389,0.8844415288239155,0.77146372001245,0.030444727833889993,0.13581743447550373,0.3232540926816466,-6.390473009915519
0045.mp4,real,True,0.016972958396872337,20.609153451919557,6.946998742676633,2.966665742534536,0.06631859076506488,2.1335628032684326,0.11918467283248901,0.9003357182296075,0.7459695243062819,0.0475709967770969,0.19049010578068268,0.14674368994633016,-6.735007533238115
0046.mp4,real,True,0.03473347723701328,11.428337273597716,4.396511705943516,1.690704600155445,0.11893119063684923,3.92204213142395,0.09471561759710312,0.8926799778149289,0.7695808673931637,0.040556194723534944,0.2016150306751888,0.2797384007230553,-7.0192405052774784
0047.mp4,real,True,0.022249195284941674,6.695418367385864,2.8326109858968724,1.0198204367222212,0.07802602184469982,1.443760871887207,0.0245768204331398,0.9533999796458523,0.881802541789978,0.014614540336901906,0.10991616295879066,0.26727338683639973,-6.700846121411694
0048.mp4,real,True,0.019551074368809616,21.49242643356323,7.49489228515667,4.223637712209195,0.07422676234054798,1.7303045988082886,0.047646697610616684,0.9230799968295006,0.8335569581406232,0.028757508150722845,0.2243538802207538,0.14179988715008954,-7.019773792994766
920.mp4,real,True,0.009499849147775746,15.858156852722168,10.91310699428831,1.7632272798152115,0.028932841256162956,1.7366365194320679,0.061356499791145325,0.9432060753153024,0.8785159312079466,0.014539900424231254,0.043092346375299004,0.1629525383427641,-6.090819574912772
921.mp4,real,True,0.03573514266877107,17.698497006893156,8.732709434266026,3.0641161485073964,0.1418076290720863,1.6045382022857666,0.045511987060308456,0.9095068821256307,0.8574857478670184,0.020903425516832573,0.08247277117487689,0.7013574088548321,-2.7487712446176444
922.mp4,real,True,0.0161588159921062,12.42335132598877,8.566470562351215,1.2691574547510431,0.055601939653285935,1.7229878902435303,0.052377860993146896,0.8913910009556676,0.8021113684766946,0.02249935652480362,0.26284837630348723,0.11035334599432471,-5.901757531901358
923.mp4,real,True,0.012492971127472902,19.096942443847652,7.211874685985702,3.826118737721937,0.04346725087454974,1.2556705474853516,0.07988946884870529,0.6662930151424689,0.18386669078022982,0.16890566259471926,0.183898691527695,0.09614646797204944,-5.907304294235236
924.mp4,real,True,0.014309684794529607,40.23544072151184,22.484525729861016,5.042977879611848,0.04826566648748991,1.0415775775909424,0.07077284157276154,0.9073278739599439,0.739602370993036,0.026467485221002916,0.13409844034556842,0.14241686298990358,-7.5970712074727675
925.mp4,real,True,0.016755891395557956,15.190763549804688,7.921264791836899,2.2254739036860043,0.05572313119304819,0.7603962421417236,0.09428862482309341,0.9497315190542995,0.896560250225446,0.01585706516093368,0.07609544234912088,0.40458612410603506,-4.770698149134995
926.mp4,real,True,0.009825098073018365,43.880316295623786,31.554013371954447,3.2691216484129475,0.03743769928851688,1.1084660291671753,0.04529009014368057,0.9361311458973128,0.8771088909370078,0.016089910167888955,0.14304009273896537,0.11353571030593304,-7.19157920973884
927.mp4,real,True,0.015412781865608162,20.388762049674988,15.482874152116489,1.7384240745619643,0.04766739332764205,1.795121669769287,0.058918680995702744,0.9484186305821134,0.899698276030916,0.01357264523215795,0.14787569431047273,0.13592165304517329,-5.400217696405586
928.mp4,real,True,0.01717268660891624,12.522289433479308,7.454637672406561,1.8145282653885042,0.05591811799144325,1.557589054107666,0.14031705260276794,0.9261695032287083,0.8440868783159002,0.020220054195863542,0.028379261626653475,0.30848009187250636,-5.96946578232472
929.mp4,real,True,0.015537712099953511,28.117867441177367,16.747283469454036,2.721564351194317,0.060844397088764594,2.65079927444458,0.036766063421964645,0.9040959489703253,0.7873917772292266,0.028820550335132315,0.21690937987368844,0.17642534800618667,-2.967896967861274
930.mp4,real,True,0.01810153435551611,44.00442811965943,26.56468039985214,6.135036280903054,0.06984320320143392,1.9969451427459717,0.18484103679656982,0.8761337642226802,0.6092730898464609,0.0363836243771225,0.1882355009149198,0.19118128339264395,-4.524816922248156
931.mp4,real,True,0.01639290350247334,28.628592081069947,19.900474952201485,2.782604984614351,0.05137872193920626,1.0406904220581055,0.049160752445459366,0.9213291857817372,0.8218330516349428,0.021885017742661717,0.2878301027598389,0.0974322173029816,-1.6688764985775428
932.mp4,real,True,0.011806615753877902,24.80957696914673,10.781594176617535,5.049217849192047,0.03628941501216522,1.4407204389572144,0.11218119412660599,0.960160510903975,0.8567079777105537,0.01834255581826318,0.04823175845221759,0.2465167886191817,-5.483664508520615
933.mp4,real,True,0.009035302384777986,11.138762187957763,9.183437556679914,0.9134587797387426,0.03327141601236102,1.0590150356292725,0.06120830029249191,0.9454384219758715,0.8829068042664624,0.018114360253424215,0.06129749843596562,0.1444908972023288,-5.506004700653353
934.mp4,real,True,0.010012724368124396,29.99228965759277,23.147240696105147,2.2560469964448244,0.030138484321029512,2.277056932449341,0.06239394098520279,0.9373096600119782,0.7923752425066163,0.024219245314007362,0.08138349914935097,0.14460611851482624,-7.571393419290242
935.mp4,real,True,0.013639222422979812,12.3437463927269,7.422888219974658,2.1930749252157886,0.038643430578290915,2.2324421405792236,0.02580312266945839,0.9292096168706238,0.8421556319170399,0.02310609881815626,0.048997510695514446,0.20841712019911846,-4.348418856886193
936.mp4,real,True,0.010657522789434876,19.047532787323,9.351126515279313,4.117223366965111,0.03958757127414177,2.3287737369537354,0.03975692391395569,0.8810033554726292,0.8103829520372361,0.02320968895281793,0.1245854652583576,0.12000737698254972,-2.207018758980432
937.mp4,real,True,0.023911388937915123,15.381217813491823,6.039848534662645,2.358138510214214,0.06807745776443773,2.063547372817993,0.09633684903383255,0.9368639239833093,0.8684029550981015,0.0197793922038981,0.11914153329352624,0.2367968670277168,-8.725647687196853
938.mp4,real,True,0.014418508173334465,13.289448075294496,8.76605368203264,1.716583828423778,0.0405983596436834,2.7637808322906494,0.11534248292446136,0.9620085505835825,0.9115517557858672,0.013761815701622437,0.10119819670840877,0.16002591457100948,-4.92896253393779
939.mp4,real,True,0.010295728436106674,18.213010978698733,12.113670592550664,1.9954194965103105,0.04127221595997286,2.256833553314209,0.06309293210506439,0.9455837925366439,0.8747592143355394,0.01696380661842265,0.14067964190187573,0.12885182200207274,-5.4956433244510485
940.mp4,real,True,0.01597933505631414,17.071971311569214,10.599513597148908,2.2568415877455683,0.05322735210428453,2.543250799179077,0.043940603733062744,0.9034800392555301,0.814014316739872,0.024799510093021088,0.2608416611162353,0.13807000562142932,-4.429207790786398
941.mp4,real,True,0.017405831103740117,25.83919888496399,12.710837655453547,4.73311012668143,0.0499395351061765,2.216003656387329,0.035897959023714066,0.9101554238530137,0.7944144201944513,0.030737156334331786,0.21059455242255526,0.12585242893124624,-7.559147908234964
942.mp4,real,True,0.008619018172841596,10.78211703300476,3.1057504542716825,1.075943193233023,0.029377297266911663,3.2260756492614746,0.04445578530430794,0.9646684777844556,0.8951231223658578,0.013123653133407168,0.09361010337077443,0.11406671329083139,-6.233945184428862
943.mp4,real,True,0.012644368996203983,13.94897924900055,5.12598293728524,2.2754308326089463,0.04186897416830243,1.495375156402588,0.031268566846847534,0.9214746269804068,0.856927145030201,0.01834872572479725,0.0980485953821934,0.15583434511833752,-2.385124531859776
944.mp4,real,True,0.02145535799063342,11.902185399532318,6.747831646573474,2.07800640234391,0.08476150298781748,1.216955542564392,0.035179752856492996,0.8981421310329474,0.8191463842785971,0.033485228162695745,0.10990562231280487,0.2956479275379895,-2.0761423956835117
945.mp4,real,True,0.018903085970668854,22.666755175590517,13.069894733516678,3.1861109492680155,0.09023554985493408,2.3636865615844727,0.04912573844194412,0.9223558570745969,0.8139883227846234,0.023563835411702306,0.13088922614001214,0.358734268783759,0.41107718602768467
946.mp4,real,True,0.02117724727239334,35.515383911132815,24.636408348589235,4.839458923028993,0.09864750528967685,2.1362226009368896,0.02930135652422905,0.856280897960902,0.7362001478617197,0.045450014865867805,0.18993676294674622,0.2757951215333543,-0.8860347517810397
947.mp4,real,True,0.015409467810934134,25.144317121505736,16.188634041389697,2.93905201785011,0.06534205056798018,1.5898592472076416,0.04587860405445099,0.9043077429198995,0.7638044769035527,0.03294009723374972,0.10460334687970171,0.2663037670141073,-4.935405686283564
948.mp4,real,True,0.04188725848615625,27.511818289756775,11.988110868375971,5.295862320390501,0.16561122918802645,2.0611255168914795,0.06585084646940231,0.9223136407762434,0.7946765030022,0.027179216832887376,0.10572554981972812,0.3127972241660628,-4.728531197190856
949.mp4,real,True,0.019858043769098055,21.915804500579835,12.777313085394768,2.882197063970241,0.08158900549407916,1.102525234222412,0.15461577475070953,0.8894634278449606,0.7543621666461298,0.027887743624116848,0.16522085342955023,0.24026089118158356,-6.621023847601717
950.mp4,real,True,0.008665060340618577,29.277182297706606,19.149134974848657,3.2738411915003973,0.030244187721070497,2.2075741291046143,0.02475639432668686,0.896850138497584,0.27133439648465213,0.05042700408709728,0.04871539843946858,0.17873265180297446,-5.970225240736687
951.mp4,real,True,0.01699458409899526,16.457676424980164,8.12532616097708,3.104347449379289,0.06055414766904918,6.41224479675293,0.07692316919565201,0.8891134225324429,0.7292597582455148,0.041728394471654454,0.15215800523797984,0.18040682212779094,-6.20174436448517
952.mp4,real,True,0.007930507309276816,43.7431306219101,31.20647467152391,5.3662225655785205,0.030940917325556754,2.1994073390960693,0.01962321810424328,0.9279534830804925,0.8465761900159321,0.019503671118251374,0.07968330537238803,0.13443553481854836,-5.0025600392752265
953.mp4,real,True,0.013896138149525826,19.278653259277345,10.366716396317763,2.8350805610578536,0.04238060979490332,6.6456708908081055,0.14762166142463684,0.8834723194422756,0.6268832516869128,0.03342606486977473,0.08033521526907472,0.15448941393768634,-5.618715898947283
954.mp4,real,True,0.020432619261230283,19.48743688583374,11.720341220713676,2.5012912873981614,0.059888544555203926,1.0666499137878418,0.03357988968491554,0.9205132314658006,0.8441842592727973,0.021017469893961204,0.20216398699455748,0.14428841196769182,-7.866504546132357
955.mp4,real,True,0.012967518434486935,13.86977126121521,7.862667781278463,1.99314667569357,0.03973016269593589,1.6212804317474365,0.0489700622856617,0.9354158746352161,0.8746810457954635,0.01425701656746364,0.09155047323644855,0.16161088583197525,-7.103657155407349
956.mp4,real,True,0.017466043127824068,23.0938579082489,8.23900558696022,2.508466494931931,0.05926798996603003,1.0327720642089844,0.07629631459712982,0.885085315020047,0.704255969801024,0.033595608061282284,0.21113025839837232,0.14741920579189494,-3.5213690401877717
957.mp4,real,True,0.013106999390583157,23.17660532236099,17.309868735391557,3.5871159125018717,0.04754190016975163,3.205777883529663,0.05737684294581413,0.9385546580283924,0.8815550791485847,0.020543390825480665,0.052786299757304145,0.360400161743317,-5.4770238276329355
958.mp4,real,True,0.021454183382199232,15.579911403656006,10.596297382396095,1.4065129227845075,0.06809209989216959,1.21592378616333,0.1895846724510193,0.8612018284375458,0.6487554503724536,0.045206565451008325,0.22358789408303775,0.14638681368925063,-7.0712209415587015
959.mp4,real,True,0.011186089622173058,30.43665140151978,20.256488243019927,3.866559338515995,0.03653298666280673,1.9360237121582031,0.06643293797969818,0.9015702266235793,0.8117665237907885,0.027469606635920737,0.11549631910601336,0.16368922691075355,-4.5659140657353445
960.mp4,real,True,0.015627580536924274,13.915264081954955,5.415068298657735,2.3529765714664146,0.06056389390343439,2.512758255004883,0.08018620312213898,0.8740287611990794,0.28560913906741925,0.057339772042801836,0.08442492819471092,0.3716861098472754,-2.6428244643042795
961.mp4,real,True,0.009636676861211115,14.777324090003967,11.106517193693863,1.7254201760123205,0.03381999719472366,2.1678779125213623,0.016630016267299652,0.9024680121557547,0.7508728264930773,0.04117962343733493,0.07727946218493753,0.22124708728064518,-0.38488219408252783
962.mp4,real,True,0.016470119344431405,53.18854844093323,34.570595510980354,7.27187808609018,0.06515204866063964,1.5149415731430054,0.06185517832636833,0.9261434725693528,0.8072607548477432,0.020464879393709848,0.18484383025309267,0.19402895023139666,-3.8137015178686924
963.mp4,real,True,0.014237258548787143,15.804308118820188,7.278547726428577,2.564095529339657,0.04951689281010524,1.1365599632263184,0.09674694389104843,0.9078943050257959,0.8038872268222742,0.028012571832570277,0.13706003423531868,0.15919247535148917,-4.113984917351087
964.mp4,real,True,0.011631750648124484,26.730119161605835,15.288146498293147,3.470325914987086,0.044581991642625884,2.3762354850769043,0.0623246505856514,0.8977004550143207,0.7590861222532275,0.03254417968327743,0.2582916391552501,0.09604135226104199,-3.759893081715433
965.mp4,real,True,0.008474502846409545,16.48378955364227,12.322150855557672,2.133556754451351,0.026512271763290022,2.1580209732055664,0.045886021107435226,0.9426939482076603,0.8668235784962675,0.018900389043795176,0.03254038041558864,0.18058194259523977,-2.8042028724397965
966.mp4,real,True,0.023864526447323085,9.008878126144408,4.13636374254803,1.2820947983050786,0.07638929229322942,1.2906687259674072,0.11060646921396255,0.9306187948887154,0.7845115000283305,0.0277953582919429,0.2101071929852216,0.18098543574429415,-5.022043148708761
967.mp4,real,True,0.0098771468143337,23.431035580635072,13.738883322789828,3.0675475761918385,0.02845268422630785,3.0655298233032227,0.0834118202328682,0.9058909651340076,0.7316842179412003,0.031142800273627227,0.06272478542499918,0.1403410132293733,-6.307488814104883
968.mp4,real,True,0.0131882395936353,28.690974893569948,16.40550028094451,5.745220014719516,0.039589497028588376,1.107861876487732,0.11418721824884415,0.8899229371748205,0.6520526003454741,0.029122065909087863,0.13775137552018524,0.12227333906922848,-1.1828663905581014
969.mp4,real,True,0.015989987077233845,20.154465789794923,10.50003922841522,3.383381785241495,0.05815852644999483,1.2388454675674438,0.10168235003948212,0.9075398077221345,0.7355927596396281,0.030399685225860337,0.24372784920402885,0.1173262224591187,-3.292199149518182
970.mp4,real,True,0.015261288414191818,21.6037739276886,14.895034432571475,3.425594068934527,0.05259367782762085,1.5342406034469604,0.08575458824634552,0.8818566935677326,0.7633751285706672,0.02677267593263315,0.20475196697101244,0.14195703715546065,-2.786158433485623
971.mp4,real,True,0.019956133114652715,18.52757388353348,13.65981550365518,2.497080454497979,0.06865386296500978,1.4993233680725098,0.025329945608973503,0.9062091697525149,0.7172112004009182,0.04490308034052895,0.09434234174447574,0.2816933592272075,-2.1899498518904763
972.mp4,real,True,0.009294883298569426,34.09301508426666,27.078034094552898,2.718491005346383,0.028865512268594268,1.0185967683792114,0.02994968369603157,0.9516823378038851,0.872257894187146,0.02571137161989106,0.05237949814304978,0.15500814933088805,0.9534369810304104
973.mp4,real,True,0.01523107605013595,30.46490821838379,22.796426022763995,3.075764770765102,0.052460238413844736,1.581681728363037,0.06581044942140579,0.9273119324415342,0.8533325634973951,0.02056323721524036,0.16984290265042346,0.13889885360357399,-8.378278725871086
974.mp4,real,True,0.02184831323646015,26.377576417922974,14.351205813179975,3.9396405483857655,0.060969902966824134,2.042412281036377,0.051314231008291245,0.9033939341181413,0.8217447832951313,0.023428313616406977,0.1075578629088099,0.18665231808101254,-5.882514289294534
975.mp4,real,True,0.010046625548174207,20.640231976509096,13.009148631127257,2.622356340529266,0.03651934507295645,1.6068307161331177,0.06458288431167603,0.9084442808153039,0.7762473641549414,0.03226369341385098,0.06861869436849548,0.15305510543828024,-4.17348075253426
976.mp4,real,True,0.014428797085474213,17.543489074707033,7.145910583028087,3.4046229933100425,0.04973415136707944,1.9534088373184204,0.04418448358774185,0.8738359784238531,0.7944552515885952,0.031232614492653174,0.21422020881652976,0.11596471987100018,-2.928341791966341
977.mp4,real,True,0.021550672244489907,28.365102272033692,16.286008199909315,4.491371750689033,0.08183931524153594,1.01150643825531,0.015326051972806454,0.888736894217164,0.4213747733025853,0.03694345610623781,0.07109643496169857,0.32938148656963906,-5.379876872674009
978.mp4,real,True,0.010117603419841708,16.240936069488527,11.615098918161433,1.7278301480519096,0.041896865349022254,1.882839560508728,0.10395064949989319,0.9025157960561059,0.8001944038670763,0.024905690266738206,0.0824345821504529,0.18931307255632632,-6.158083586813413
979.mp4,real,True,0.015639943877211984,22.77341106891632,16.782213051824428,2.620815958107309,0.06011574623262388,1.1722739934921265,0.10311324894428253,0.9392251523329413,0.8380743909720368,0.017020541661736863,0.07155575860274838,0.2465490343896832,-2.961609023381755
980.mp4,real,True,0.017557518434844224,22.96076789855957,12.8359057508872,3.163324939496629,0.06739134942380187,2.5829150676727295,0.08461698144674301,0.8965324034506665,0.7456166711408142,0.03293455112387001,0.26693243937641126,0.13172861283474807,-1.2086928280096212
981.mp4,real,True,0.02368216020458426,35.094174728393554,19.67268191255549,4.227909781860179,0.07304303465618432,1.5616943836212158,0.08382145315408707,0.9102697111275099,0.7916491842577074,0.039159486039775475,0.3307393531969237,0.11722093395281037,-4.4041232370061225
982.mp4,real,True,0.013718816667207858,6.116481342315675,4.06593698158772,0.7774689662033238,0.04283174916444397,1.3975069522857666,0.11126486957073212,0.948571153565034,0.8903378838027138,0.014961596949063353,0.08283759496725608,0.17282875310750884,-7.328776892097056
983.mp4,real,True,0.0141819281726151,11.455034832954407,4.419967422485352,2.1771119203605824,0.044798926552494976,1.80324387550354,0.09649062901735306,0.9318789896232519,0.8567627726423259,0.01902257228822924,0.14235370658957558,0.14941390600238844,-6.870371630245751
984.mp4,real,True,0.011878824372594745,26.53954409599304,20.40793960551597,2.3731931121108643,0.033844418322478274,2.0322153568267822,0.12069734930992126,0.9389466477492194,0.8832203520079247,0.017201256564322163,0.07213927985464699,0.14051642381600257,-7.854164019566566
985.mp4,real,True,0.022512445504047886,13.726417732238769,10.962682823968002,1.1959174944053867,0.061943172044279696,1.738328456878662,0.07302727550268173,0.9303979274001208,0.8595139628327773,0.0200693314384075,0.12771532075063302,0.18881706631023398,-7.613720428519576
986.mp4,real,True,0.01277259188180116,19.743890914916992,6.092728408144004,3.8818865533372358,0.04247289863195866,1.1008187532424927,0.0957094207406044,0.8218757594417518,0.08389086062286524,0.10965799724173489,0.12131897143201935,0.13331754004535865,-3.828923207751396
987.mp4,real,True,0.016647097487499814,30.81851863861084,17.939750424302144,3.385326999476263,0.04571309115809038,1.075583815574646,0.04330362752079964,0.9372320504559597,0.8457053206522691,0.021379336489309682,0.1904565812867364,0.10337055321755079,-5.9172017557825685
988.mp4,real,True,0.01045195015334834,10.048462133407591,6.8598634430078365,0.8753937692022583,0.033274146440731046,0.572698712348938,0.07010345906019211,0.9262798814870258,0.7981034852555181,0.0324864489551415,0.15707876912756638,0.08962646953663346,-4.111840040015513
989.mp4,real,True,0.024649680520481488,24.808499431610105,9.013416570723056,3.92089006199338,0.07678694945864446,2.0811758041381836,0.07786373049020767,0.8698596407094407,0.08063172917375089,0.07583785524798752,0.25009355494474717,0.1642929075935415,-5.618241739783606
990.mp4,real,True,0.016368877078791134,25.52592453956604,6.424995205414622,3.4735426741665107,0.0500833687188781,1.6879674196243286,0.08988049626350403,0.8718004372375586,0.5480876890212779,0.07591676571910287,0.1981011793860508,0.12520847257257492,-6.313579914766446
991.mp4,real,True,0.017832690850441646,22.768530039787294,16.59422366288171,2.3249439490082593,0.05642429118520122,0.850507378578186,0.029705947265028954,0.9353681886971716,0.8803646603146766,0.017323696724613303,0.21547895035554107,0.13955360537708358,-6.508930818973199
992.mp4,real,True,0.018878381446300815,34.90512392044068,20.3691349701297,4.41135894897493,0.06373059518610574,2.9528260231018066,0.08596938848495483,0.9157201265083179,0.7987689136850521,0.029734458776724874,0.30643045923478657,0.12622392187246545,-7.365683069128376
993.mp4,real,True,0.021547258448818767,49.776936798095704,24.52969766006493,8.666442538745464,0.06531371334156354,1.1053277254104614,0.048691555857658386,0.8938547550803092,0.17163495991763386,0.059367360002137146,0.24128752666553563,0.12119230742748986,-6.981260498350714
994.mp4,real,True,0.018399367483080246,12.042587103843688,6.272653728964962,1.4669789126529122,0.05681917825857569,1.2602401971817017,0.09163275361061096,0.8848666023356209,0.7920242766405331,0.024411532489840588,0.12984548680536834,0.17940955979779577,-6.078579744704725
995.mp4,real,True,0.01821498337140107,33.15729187011719,20.66698857491904,6.083475451423062,0.06491490174724576,1.9808273315429688,0.09906645864248276,0.8730952941013451,0.6167002111004404,0.06558994407988028,0.17970952695851433,0.1795984913401332,-4.936331333169138
996.mp4,real,True,0.017128948979528595,11.853842322826386,5.369970482320357,2.051648253034072,0.055943305562974256,1.5474450588226318,0.10812174528837204,0.9192344547458132,0.8371991666901935,0.02160664390304788,0.08773489600750524,0.21747545411514085,-7.054426419297215
997.mp4,real,True,0.02361241203923527,12.06298511505127,7.587639972183801,1.5249821436219435,0.07217598063154738,1.6915671825408936,0.08196442574262619,0.8673538163748403,0.6368455557629884,0.05367838292465595,0.18750358788437066,0.19910832903836248,-5.842314861512356
998.mp4,real,True,0.01443718297446279,14.978693842887878,8.023668322701788,2.5307024406660346,0.062295282437037434,0.7099341750144958,0.09171316772699356,0.9331501942131208,0.8384041565584317,0.027529865321134463,0.11516904694508451,0.19968839605283586,-1.8469960830834833
999.mp4,real,True,0.02262483059167654,22.302981138229374,16.17042555127215,2.3740147094053796,0.0946404069336248,0.9316495060920715,0.018089551478624344,0.8973149074317174,0.7464110962267483,0.03314248308922992,0.15273262302397606,0.31588513038333615,-1.0225236111478755
id16_0000.mp4,real,True,0.031232187122576974,17.271264266967773,10.250679191414864,2.787812245897423,0.11612900308429296,1.3282572031021118,0.024901574477553368,0.9156155464734903,0.8031637120048236,0.029842997368872845,0.1360754488550701,0.3299361233416514,-1.7915710861113108
id16_0001.mp4,real,True,0.034501860694159295,16.573399138450625,9.28525502181506,2.7691344877123334,0.11455580764002975,1.9605658054351807,0.015282198786735535,0.8806671786303395,0.7467473705797083,0.04211978359634204,0.14368106732131727,0.316294765350784,-6.962823488596963
id16_0002.mp4,real,True,0.03723031273030701,15.378995056152343,8.328601392517406,2.4538802480119632,0.1244043793737236,1.5842657089233398,0.014954425394535065,0.8844945445897173,0.6987931267118641,0.03472074301642582,0.12384593349299816,0.3702409518941498,-5.783007220109692
id16_0003.mp4,real,True,0.0334694760164721,10.109541759490966,6.34697582824002,1.5699304341251397,0.12346000011635196,2.110551118850708,0.02809084951877594,0.9482161553360504,0.8405637192257164,0.02109528770916042,0.10744436108575524,0.4246439189113511,-5.827793549659555
id16_0004.mp4,real,True,0.029929506184534688,14.944546599388124,9.790698124972785,2.0258534202000065,0.10861941263403753,3.044055700302124,0.023492131382226944,0.8809007000817161,0.7745479652783918,0.030539569214188995,0.14930891930095458,0.3210736446460625,-5.7485959096946075
id16_0005.mp4,real,True,0.02113356459587084,15.375715188980104,8.619780998091768,2.3864578734640047,0.07139581342106012,3.052952289581299,0.024599401280283928,0.9169345622329426,0.8394880922892959,0.034026691389101346,0.07974600050558174,0.3438098007494432,-1.7979484052207955
id16_0006.mp4,real,True,0.027092924710237432,12.674620070457458,9.057438435277769,2.370394247691396,0.08729298279925865,2.5282411575317383,0.018998296931385994,0.915918498021694,0.7365934940838132,0.04725060745773342,0.12261586211439274,0.25384992957579877,-6.653064013878057
id16_0007.mp4,real,True,0.03392154552609986,14.894395956993103,8.500858757848471,2.2967501772782786,0.1246566690172101,1.547829031944275,0.04005075618624687,0.9490117180244046,0.8772018257565735,0.02087216362064603,0.14857542574483537,0.3652420509358567,-7.3020072228226285
id16_0008.mp4,real,True,0.025714643545659176,8.446586985588073,3.885409080479902,1.2280074004722914,0.07982552319264864,1.0575904846191406,0.04882795363664627,0.94015817202688,0.8719403761719421,0.026160518480014733,0.12585848330740884,0.2526216298022423,-4.603947666766692
id16_0009.mp4,real,True,0.02776586447927488,14.525472378730775,10.49603494205172,1.8893035491693004,0.09269072026175203,1.5886609554290771,0.026066118851304054,0.9486650941078327,0.7827467049884719,0.029913089789836127,0.18733884623739785,0.2863410545915221,-8.218513239430541
id16_0010.mp4,real,True,0.0398469076914385,13.47227949619293,5.85020303835502,3.442792027451767,0.15967203522633064,0.8431775569915771,0.017074471339583397,0.9187514267790471,0.8000938038629045,0.030882974888372317,0.22147708670451943,0.4092439951035372,-6.647172750845648
id16_0011.mp4,real,True,0.035305527661537696,10.214851546287537,4.412588400498909,2.2002276566649837,0.12978260248047566,1.2427141666412354,0.049319759011268616,0.929854879271308,0.8758802592298748,0.021765303324967525,0.17791018691978994,0.3054992882999035,-7.909936591444734
id16_0012.mp4,real,True,0.03006480564793251,12.723986616134644,9.643427401548857,1.4885968008708284,0.10358708784949563,1.3698805570602417,0.03377295285463333,0.9543675512097177,0.8975682040011588,0.0198722238383067,0.17658374344792166,0.36838561149428245,-2.6678492077194855
id16_0013.mp4,real,True,0.022721166614348528,7.520637822151184,4.34514536098652,1.2306924746310215,0.08579383503307893,0.8595131635665894,0.01822219043970108,0.9443244122261277,0.9001486943670928,0.01706186038473404,0.13222238153069957,0.291368368454633,-4.406302026735459
id17_0000.mp4,real,True,0.022442998550794045,13.09056119441986,9.295650016002968,1.550908707257694,0.09094321849200927,1.2671502828598022,0.04265318438410759,0.9522842750196795,0.9190527794336764,0.011612757399757468,0.1871177567189416,0.220257931468343,-1.933365808999086
id17_0001.mp4,real,True,0.021922026939545435,18.62100269317627,12.631397153899783,3.056122565631646,0.07458171501781612,1.7840988636016846,0.03062327578663826,0.9048258833781351,0.7861282340314987,0.04552390327196176,0.19880599144728392,0.17339415665669472,-6.688497991022788
id17_0002.mp4,real,True,0.03221417039200072,6.6312996292114255,3.472263729108308,0.8926765061853016,0.11928900994763635,2.8029088973999023,0.025461381301283836,0.8928801594540576,0.7717982206208378,0.03732356194510992,0.1766358757554086,0.28578089543517166,-3.4026433672681415
id17_0003.mp4,real,True,0.03690281416276965,9.33695261478424,5.786244017720705,1.0876485346923124,0.11361188813127379,1.3764580488204956,0.041688092052936554,0.9471182093343561,0.8707131465361796,0.01730742709725155,0.2468173421935133,0.23529021755225776,-9.202095281828523
id17_0004.mp4,real,True,0.03930394531250867,11.934701910018921,6.226345804072674,1.7669670190137332,0.13992380256523834,2.2351245880126953,0.01924951560795307,0.8905214323710519,0.7475094775601833,0.03282976477036736,0.22788681497176316,0.3325681315800283,-6.276338545075011
id17_0005.mp4,real,True,0.024665214333845584,12.031601991653442,6.977901672705626,1.8845677250235233,0.09498581063346305,1.9014623165130615,0.050084732472896576,0.9312084734797968,0.8646943914809978,0.022635408033430587,0.1251987495104325,0.31009673610843513,-3.5495875709107456
id17_0006.mp4,real,True,0.04200388615257551,9.630939440727234,4.903283722080402,1.4058786331921291,0.15275234987958608,1.1932141780853271,0.021250730380415916,0.9357133483810198,0.8818072448988384,0.018675298325276122,0.12776025366693017,0.38400465871496664,-7.18743789740167
id17_0007.mp4,real,True,0.04141654397514345,19.38177722454071,12.068526171419743,2.6078931587193224,0.1640354219810428,1.7860212326049805,0.025529010221362114,0.9161708457792892,0.7824193153260454,0.03038547224596372,0.2561578592974062,0.30322994181468604,-8.741060955152752
id17_0008.mp4,real,True,0.04908941452055829,11.284510354995728,4.315871774597312,2.1230668090304943,0.1947307697838131,2.777369499206543,0.037595294415950775,0.7725682029206099,0.20805350725759786,0.12596930368590314,0.22630560403159813,0.4240106525812679,-5.9806132254020605
id17_0009.mp4,real,True,0.031675253733243876,11.592754602432251,6.777014080446039,1.987392138865305,0.13321678422565794,1.6940574645996094,0.030849415808916092,0.9125543301522838,0.8009065298169398,0.02568460354597151,0.16534575282664213,0.3439024487979424,-7.086328702751244
id19_0000.mp4,real,True,0.03885817928408842,13.621770954132081,11.436260398994527,1.666188910561706,0.15028188881648752,3.096433401107788,0.020641153678297997,0.9383603333933952,0.8046999511502809,0.030755422940466574,0.23529137756268087,0.32022439369605704,-5.323450456979782
id19_0001.mp4,real,True,0.03090998156776318,12.379918606281281,6.945311963878462,2.3268103424411115,0.11126455734502656,1.381049633026123,0.02701994776725769,0.9293870939738887,0.5737929632464668,0.03485041417698232,0.2003717714657791,0.2441286454825737,-5.140735963647222
id19_0002.mp4,real,True,0.04248356138844063,5.537196359634399,3.4635217491090295,0.6977123003656776,0.16362461619154198,1.8276472091674805,0.020238738507032394,0.8982822989109396,0.8203995674146543,0.02588492273932838,0.27569642576213554,0.3121210897412232,-2.697613695568724
id19_0003.mp4,real,True,0.03711013401044055,21.358752093315122,11.687759054817855,3.4566187741140393,0.13705089903231657,3.7713611125946045,0.03603498637676239,0.826477836012681,0.7369419684042573,0.03643042690633505,0.32551042333040653,0.21123555587274656,-3.0223158123902527
id19_0004.mp4,real,True,0.026017722868215094,15.075142114162446,11.973848642564779,1.4784396664561685,0.12175928894630225,0.885730504989624,0.0238801296800375,0.9701159006198032,0.9322503155326071,0.013134640077768206,0.26176520174615536,0.25092118984315576,-0.21707215914070152
id19_0005.mp4,real,True,0.027182131982968642,14.842344427108763,13.176147750875225,0.8179836613670745,0.1061773265891846,0.5155310034751892,0.05638202279806137,0.9705968124639095,0.926750597093882,0.011253181347177182,0.14369279000466129,0.3005161651373766,-9.09438454314309
id19_0006.mp4,real,True,0.019246030357722724,9.798389925956727,8.718620432876271,0.5317882864549053,0.07959188422872711,0.8788864612579346,0.01403075736016035,0.9613142703283322,0.8677711352280372,0.018604586766097202,0.14373555162447668,0.19803642130616853,-2.597107463739325
id19_0007.mp4,real,True,0.0379875102778817,16.636333894729617,11.493127246528138,1.8326092873276045,0.1574789418342235,1.8580909967422485,0.03898745775222778,0.9493553807648978,0.9008154996613942,0.01694327205298208,0.3132934912783284,0.28394442523660496,-6.487459587350546
id19_0008.mp4,real,True,0.02697152665900537,26.00366687297821,15.124537967355163,5.893975447993306,0.10745851824975985,1.6225082874298096,0.05597887560725212,0.9451677339423936,0.8464370424869553,0.02703646037151276,0.3056364708333626,0.18741886299747987,-3.224545433352166
id19_0009.mp4,real,True,0.03260011753904095,16.742330322265627,13.083052243305442,1.9206337541077203,0.13470193962774354,1.390379548072815,0.02940257452428341,0.9657858881318342,0.9222214415079317,0.01370196305791731,0.3397230796258377,0.23667476459054435,-4.142361288579928
id20_0000.mp4,real,True,0.035107294628032096,11.960928094387056,7.812676084147561,2.138293236408266,0.14670668572274584,2.4909913539886475,0.012511556036770344,0.8553174352650407,0.7503248345146822,0.03391696594070979,0.21489481233280694,0.3319329869753168,-2.863858972800306
id20_0001.mp4,real,True,0.030321904136360246,3.9762181591987615,1.932012306490755,0.4152776001454062,0.09948880650180054,1.8677209615707397,0.026807965710759163,0.9271541181760816,0.8305154098679655,0.029191973195304238,0.1732444641121756,0.24185643322427758,-7.291142859047498
id20_0002.mp4,real,True,0.031134273392943224,8.023790545463562,4.0651852258033685,1.6539082343453462,0.11268593297801643,2.8772549629211426,0.024119313806295395,0.8434098983775835,0.7045005739925623,0.044059888732685334,0.32181348252244796,0.21083973007074452,-6.966627999241726
id20_0003.mp4,real,True,0.037870802411620594,12.110627760887146,5.400442068852728,1.6374930959070033,0.13374400633167297,1.0440878868103027,0.024991203099489212,0.9330444571247732,0.7984014954988065,0.034943811642933295,0.18545369646237098,0.5207992617250256,-4.089923884926146
id20_0004.mp4,real,True,nan,11.882914490699768,6.91232745729593,2.564783385990848,nan,2.207594156265259,0.040375836193561554,0.9253652232858564,0.828512378369443,0.02809538553381591,nan,nan,nan
id20_0005.mp4,real,True,0.03933219689901965,20.314380779266358,7.301445207293188,3.29652355678807,0.1452814085796839,3.5433003902435303,0.016839148476719856,0.9062799726492282,0.7914187614992539,0.043143135212373195,0.17501825090159814,0.35054691007736977,-5.791667297503118
id20_0006.mp4,real,True,0.04226616281116472,19.095954508781432,8.434314908966785,3.1866664905550772,0.16879743379839915,0.8750503063201904,0.03271139785647392,0.8842163495423881,0.7626173142114315,0.0368068125285767,0.3758638673030208,0.27060893943803677,-5.168979531717658
id20_0007.mp4,real,True,0.022408112447813263,25.353960552215575,11.842753944012205,3.455654603756316,0.08051395024599316,1.6022241115570068,0.07143128663301468,0.9109548128862056,0.7976877722660222,0.033757000945703504,0.13951220941260814,0.2574522740607824,-4.492216875855972
id20_0008.mp4,real,True,0.01946687998737316,6.463554642200469,4.4527321325956715,0.8241183080254811,0.08861734255648053,1.5224201679229736,0.031748514622449875,0.9357488797692248,0.8714760818619016,0.017393405301994777,0.1914558108534142,0.22186041152418734,0.6038301751526098
id20_0009.mp4,real,True,0.03149085446293135,17.581293716430665,11.999025132998735,2.2797996582508704,0.13691527587068697,1.206501841545105,0.033141013234853745,0.9327050716261339,0.8588892435605122,0.0208505088465105,0.17377034340462372,0.34332858201550986,-0.3844192439558374
id21_0000.mp4,real,True,0.023712263258110645,12.179332742691042,6.411362455604423,1.7274333302435547,0.09060031826774276,3.555487871170044,0.022666772827506065,0.9477109079679643,0.8934459679542884,0.012883992278956462,0.1601909282488992,0.28358064945725603,-8.096871698145895
id21_0001.mp4,real,True,0.030305861093821378,16.55334665298462,12.277219571341638,2.0015243399130545,0.11089402674414352,3.3060734272003174,0.02272970601916313,0.9278450127804776,0.889844100533617,0.016885349603377675,0.18924134695435366,0.2857865955666823,-7.654710301603175
id21_0002.mp4,real,True,0.03243026424660136,15.32694001197815,5.27474337794564,1.9167987719935646,0.11724861971619839,3.6412174701690674,0.013521630316972733,0.8780378574394055,-0.0641850506056402,0.17606004639268608,0.2087758448842909,0.2628823769163943,-4.941316408425757
id21_0003.mp4,real,True,nan,11.418473360538483,7.582238440848467,2.152489287270955,nan,4.074094295501709,0.01321546919643879,0.8704580343891939,0.05418655376759646,0.14628045886950927,nan,nan,nan
id21_0004.mp4,real,True,0.0290411531454623,18.404225099086762,9.757076132626002,2.6827392674268316,0.11902969696198387,1.7721284627914429,0.010579310357570648,0.9244920579825998,0.6773106727411426,0.0398171226451113,0.23479455593702,0.25298095832840517,-5.855671731640788
id21_0005.mp4,real,True,0.050802415807632346,13.378075189590454,10.5452517749035,2.131154643847107,0.16200274168539444,1.047650694847107,0.014742688275873661,0.9252430609009349,0.6786847888079532,0.04981050508303221,0.22440473313560894,0.31196436296457253,-5.819791920804885
id21_0006.mp4,real,True,0.03547388777963397,22.772665627002716,15.16975092280874,1.7698355824106071,0.139251001478363,1.2664228677749634,0.024807054549455643,0.9233780067716693,0.8306032293285973,0.025868998206694516,0.1220543300727587,0.4188304422128133,-3.43412321587387
id21_0007.mp4,real,True,0.02582446441478701,19.792203340530396,14.075415796692063,3.2334621486245427,0.09699778189785617,1.5209294557571411,0.040743935853242874,0.9394522519068575,0.8602061050318844,0.021037574177240493,0.18422196305988592,0.25156377175391487,-6.685939519534907
id21_0008.mp4,real,True,0.03535250061021529,14.7184641957283,10.61300369031681,1.479235387387592,0.14369885384831121,0.9924080967903137,0.013348274864256382,0.9169533406610554,0.8108041032279999,0.026499616909868146,0.27097675555656203,0.28892754186721936,-5.357945963271618
id21_0009.mp4,real,True,0.028402241297397945,8.822342069149018,5.556184048832024,1.3496471451778405,0.11735792593479571,1.7620519399642944,0.024121761322021484,0.9516638407101947,0.8147649616059593,0.039862884397336755,0.2048018340321403,0.28962304765682045,-7.356817985241579
id22_0000.mp4,real,True,nan,26.399346103668215,15.629342457565231,3.3326425812191918,nan,3.7445406913757324,0.01764041744172573,0.9279950375814445,0.8640440934690455,0.024591755918551124,nan,nan,nan
id22_0001.mp4,real,True,nan,12.912196178436277,5.593007661654103,3.093817305561383,nan,7.305294513702393,0.016116561368107796,0.9553366848008075,0.9098751103027519,0.00959614151277247,nan,nan,nan
id22_0002.mp4,real,True,0.04792691053921226,24.2817310667038,14.550177683248956,4.873046762823344,0.17698346020851344,6.062921047210693,0.06596074998378754,0.8921257564305325,0.014387297958802144,0.09355793408110907,0.22408848451047042,0.3521310243418259,-5.176691968916912
id22_0003.mp4,real,True,0.027498676974667124,6.9861171388626095,4.544145655361287,0.9914930927206124,0.09504952316602276,1.6869126558303833,0.04004102945327759,0.9175216187840147,0.8443407976076255,0.01979318727516809,0.1638491413496883,0.32736253113616764,-8.109593396365469
id22_0004.mp4,real,True,0.019314851466587787,18.157417221069334,14.423692636016089,1.0856745150620297,0.08434149208956175,1.21830153465271,0.023289917036890984,0.957490540815746,0.9171560958310564,0.011205586075709201,0.16438694670882312,0.22939127985552726,1.057825691293104
id22_0005.mp4,real,True,0.037576529018929494,30.862729268074037,24.386361457452384,5.049756161943164,0.13124741504779103,1.9780312776565552,0.08719047904014587,0.9465026612943624,0.9092188651563108,0.011675530038867149,0.3056421687637614,0.2285744521450653,-7.758537797964278
id22_0006.mp4,real,True,0.02479385236372981,12.345553243160248,8.983705643712579,1.6171380263534192,0.10990688435530657,3.433655023574829,0.01109850499778986,0.955269941098591,0.9061874236861073,0.011656944794951649,0.33284709273789514,0.17790446196106394,-2.2167392283927962
id22_0007.mp4,real,True,0.045187825642626085,12.777116425037386,9.902366647605781,1.1983167565442696,0.15843293061757616,0.9684190154075623,0.015462778508663177,0.933877702962467,0.8410867379896174,0.02190541223440258,0.16219029081796482,0.5051562126833881,-0.35669596728979486
id22_0008.mp4,real,True,0.021154723705095236,7.696035313606262,4.128044279391949,0.9894268961767569,0.07057417852667812,0.9688141345977783,0.025844989344477654,0.9257216444409064,0.8234904304473734,0.04293249289791376,0.10484486872301733,0.23729723489832635,-5.73452125750345
id22_0009.mp4,real,True,0.025731389684987074,15.372499651908875,9.632178113151745,2.01429721023166,0.08911586976351642,2.8704609870910645,0.04173672944307327,0.8899163777818588,0.8162265577600506,0.025121753884156356,0.14591661998317798,0.2466643531168465,-5.594647965619811
id23_0000.mp4,real,True,0.03255440987312014,9.142697606086731,6.107974227467546,1.3490048753688149,0.12723241786159165,1.6672452688217163,0.037647660821676254,0.858747131362258,0.19586357869701834,0.09359714808866704,0.2964300863807303,0.22251124602706301,-6.552736479389022
id23_0001.mp4,real,True,0.030466742941863863,10.466741387844086,7.900558370070165,1.2232196930209394,0.1203253393806883,1.5730892419815063,0.039054375141859055,0.9405903970656548,0.8547560925197495,0.014725376869373048,0.24709447847657462,0.26314066609470005,-7.046223240329193
id23_0002.mp4,real,True,0.033131335712083786,15.297432494163514,8.241697596240567,3.236920610760871,0.13311053880779644,2.512232542037964,0.02675090730190277,0.8732282754393969,0.7524745220696716,0.03236071358296486,0.15113924569479964,0.4186232740264918,-5.9488818336277465
id23_0003.mp4,real,True,0.03498905202659662,6.8155265092849735,5.06697966743541,0.6406004312524157,0.13035360477938218,3.6935718059539795,0.02217346988618374,0.9439080676599485,0.885322304712129,0.02753103831704996,0.20996383304353528,0.2883503771883519,-6.326284672431498
id23_0004.mp4,real,True,0.03490808775360573,22.26612385749817,10.328141951848318,2.6716645226339475,0.12553965348106833,2.237565755844116,0.03135033696889877,0.8414900318214813,0.5940550328933539,0.047965708479650704,0.08086225646490197,0.49283357613552115,-5.597405716619697
id23_0005.mp4,real,True,0.034395542828063806,13.741901178359985,9.936888132459158,2.250845645807819,0.1397933175653947,1.1586761474609375,0.014087832532823086,0.9196818003717253,0.8506940640962899,0.027349420601436872,0.30835198717308354,0.3259380312637145,-1.6276794443758864
id23_0006.mp4,real,True,0.03638554810189405,17.266043653488158,9.105299886852313,2.713961044150243,0.12508595963106942,2.2203829288482666,0.035193461924791336,0.7708642137822689,0.6006871675393131,0.062135717360358216,0.12183171749903239,0.43098015616782737,-5.500543918441859
id23_0007.mp4,real,True,0.0360050639476215,10.566931648254396,6.364361053424723,1.5139503334246194,0.12834335477947753,1.9301832914352417,0.023322969675064087,0.899447428783063,0.7416351103196693,0.02272766204280585,0.216542731970221,0.29873033831300766,-8.600956861066756
id23_0008.mp4,real,True,0.022445349767337756,26.503699288368225,16.807277799256436,4.476961088194381,0.08934073055404256,0.9719552397727966,0.05284670367836952,0.9232131585522327,0.852200151012906,0.026281473430354606,0.17864791239249989,0.22784167874445957,-0.9036591439498813
id23_0009.mp4,real,True,0.027132792915885003,15.402531702518463,10.931458133911784,1.779556257663157,0.10370034214677226,2.8601436614990234,0.018595177680253983,0.9142936362117753,0.7769317273501576,0.042464083623982025,0.16200439269849023,0.2758155969561448,-4.763645490770518
id24_0000.mp4,real,True,0.04888912837974504,7.987955670356751,2.9313059490811577,1.5823270352044718,0.18730702532900423,3.0983049869537354,0.025047514587640762,0.8973761172283279,0.5130716286952671,0.048989508581780236,0.36054348156735405,0.43958793334404156,-8.502634366607605
id24_0001.mp4,real,True,0.03098219548459806,11.199525866508482,6.330561389801994,1.4964627483403898,0.11715538774324488,1.5100570917129517,0.011944231577217579,0.9288287277876317,0.8874364233678061,0.017650518768232065,0.24980252444659246,0.23254271791436784,-8.349191482499874
id24_0002.mp4,real,True,0.046133997182541145,8.044471163749694,3.810366651131904,1.7488921689598325,0.1948239137188723,1.6382567882537842,0.02896789088845253,0.8848049812380967,0.8093761444550674,0.01935654665336358,0.23958111449610134,0.5842864414102633,2.044926920032394
id24_0003.mp4,real,True,0.06413435118388015,13.377285132408142,4.6618730725053705,2.925979534400125,0.21791535038172333,2.3985297679901123,0.0394260436296463,0.863992021206568,0.7360042096978211,0.036339061711927564,0.24333597909378313,0.5383862247625295,-7.04213873529098
id24_0004.mp4,real,True,0.04251356584066637,12.481269974708558,5.422508772295954,2.219933111956401,0.14430440131099556,2.180982828140259,0.024670332670211792,0.925314271063541,0.8531862940155236,0.02255210984075634,0.2974870524010341,0.2474552194327254,-6.096419450958287
id24_0005.mp4,real,True,0.035670921787942185,10.890827054977418,5.802842282399933,1.830019322009661,0.13822812695215708,1.6751431226730347,0.01552171353250742,0.9229901440910174,0.8346021450741599,0.03468067280955244,0.24668577413745715,0.2901703024300178,-5.830534309020901
id24_0006.mp4,real,True,0.03490686384987251,11.646298692226411,5.920352587545164,2.983364189741978,0.12201250469087567,1.5399976968765259,0.018632609397172928,0.906462219746752,0.7595359909929434,0.04916799896025447,0.2679905060842635,0.2853639330796593,-1.4228125500935163
id24_0007.mp4,real,True,0.0315251347769654,10.698992218971252,6.951152069390593,1.6145734934598452,0.12495539633732983,3.2459018230438232,0.03841998800635338,0.9097512069913458,0.7841075273739329,0.033040625075064466,0.2387801680939919,0.24353468685743546,-5.297457773687727
id24_0008.mp4,real,True,0.030620275589203935,11.280493235588073,7.2377633740141665,1.339044131063513,0.10329731865029596,0.974259614944458,0.05451123043894768,0.9376168457845258,0.700065557232085,0.02308513216315542,0.20716011687166744,0.23261065007468257,-8.443976580620685
id24_0009.mp4,real,True,0.04076052585923506,10.249871664047241,5.28882593987189,2.2683799355790533,0.15798105413036373,1.0582456588745117,0.04119941219687462,0.8618693818174622,0.16929984723214803,0.11257541458814543,0.3186764884609591,0.2859941223576761,-6.436763012563711
id25_0000.mp4,real,True,0.025584054711326663,19.857336139678956,10.768426284966646,3.2344288716562133,0.09681267568047953,3.6608755588531494,0.03494597598910332,0.9098876070709639,0.6915098545873658,0.04097328937859427,0.12890344625842917,0.38138605311128765,-6.58598607638277
id25_0001.mp4,real,True,0.0381306007478894,18.700729455947876,10.125614161832988,3.150305722375777,0.1284815629596319,1.959248661994934,0.043810877948999405,0.9329336521776096,0.8319794487847686,0.02569904447206878,0.27307664661399644,0.2735008211054114,-5.197660344324219
id25_0002.mp4,real,True,0.027317482566717437,21.605345652103424,12.675755648899639,2.5245335210111635,0.11244850632459051,1.7782150506973267,0.015597942285239697,0.8538660942875947,0.6518583299849635,0.04374990631906479,0.24374459597772535,0.2592806838983967,-3.2229056476854296
id25_0003.mp4,real,True,0.03136863233002149,12.88674418926239,9.588965362615586,1.8482077147685818,0.09765826334186778,1.5840506553649902,0.060724515467882156,0.9088909835208403,0.7697744099295691,0.0280243067275773,0.1546867005073821,0.3162260047316327,-7.024757454945224
id25_0004.mp4,real,True,0.03103232478222868,13.158029823303222,7.657920401373406,3.1695940961142663,0.10306311763420227,3.272050380706787,0.022457120940089226,0.9273146303928268,0.8162221307304575,0.020253006901254464,0.17796577068265512,0.300460217567261,-7.409426205520423
id25_0005.mp4,real,True,0.04056173678424455,13.767788248062132,9.05805806154572,1.7093771399838193,0.14981769595467861,1.791180968284607,0.023114671930670738,0.8080704635896941,0.670169768287728,0.04948960495770868,0.20133396168164389,0.40713921803141984,-8.201764163708493
id25_0006.mp4,real,True,0.01724537678909512,18.172154836654663,11.172644682687427,2.8900927769865294,0.06908733483663736,1.1319292783737183,0.04064125567674637,0.9547592028114866,0.7707216945045309,0.04394573781722208,0.30468925394153024,0.12806063531773249,-5.92807928683828
id25_0007.mp4,real,True,0.04045200131736456,24.410716905593873,14.98954452900129,5.326297291702718,0.15081724720080578,4.715535640716553,0.11448478698730469,0.8726663951820671,0.6416496333301157,0.04460529722858931,0.15799724441515106,0.44906782306647824,-7.785600265673727
id25_0008.mp4,real,True,0.054570425399865174,16.190690505504605,10.51059374134238,4.0712239467589,0.18906108753834114,1.2351099252700806,0.06287416815757751,0.8617881616394911,0.7477431580950589,0.03797696165159696,0.1952505193293628,0.46346686648097507,-6.056774549338825
id25_0009.mp4,real,True,0.03064904783172647,10.496555867195129,5.725770839244601,1.8736536420247358,0.13474102629457552,1.732873558998108,0.02231069654226303,0.9301887130381161,0.7806753302296979,0.03490425390296076,0.2479333786882593,0.3029536314232578,-3.8794718019944465
id25_0010.mp4,real,True,0.02869084610057748,11.022957847118377,6.773377462064716,1.822860374792526,0.10508307956667681,2.0757713317871094,0.07054495066404343,0.9022095951480107,0.7328644629091196,0.037586351111234075,0.17605891780830005,0.2723003857341862,-5.071034736838761
id26_0000.mp4,real,True,0.020080952201977566,15.128270144462585,8.916232242226966,1.9557333568967026,0.07030632559029681,2.433394193649292,0.04142656922340393,0.9609563171717852,0.9187029618770504,0.012688610052229122,0.11987539412497314,0.2200355810916462,-8.309880564656543
id26_0001.mp4,real,True,0.03629336973393337,11.094661688804626,6.151427255977284,1.9599751008569772,0.14101928193761049,1.7906237840652466,0.07230640947818756,0.8614483541420961,0.7065103933675331,0.04794317684312992,0.20342679671192077,0.3352944688865245,-8.819610228612285
id26_0002.mp4,real,True,0.033057098941028464,21.596669950485232,11.346904930113265,4.018217311808625,0.15915816827454027,3.2228078842163086,0.02010713703930378,0.9165285301869256,0.7807968214066809,0.03172381566363451,0.27996870893221826,0.29862100099991534,-4.999039472532078
id26_0003.mp4,real,True,0.023077004774289436,13.457599420547483,8.347917901492979,3.376788705628533,0.09032007932038849,1.327417254447937,0.04089207947254181,0.9118575808110501,0.7760107689216175,0.04103975757488451,0.2903709305429538,0.16599887757344509,-5.530060889818774
id26_0004.mp4,real,True,0.026502441598371538,15.843632626533507,11.14700607220786,1.827210529466478,0.10354118993248417,4.574598789215088,0.013984747231006622,0.9406357818416162,0.8084268879591109,0.03093570064061976,0.24475891994404753,0.22430538888551751,-6.467404318232227
id26_0005.mp4,real,True,0.015675365492668167,8.451085689067842,6.145599465249551,0.876997704156472,0.06062364626758713,2.9513463973999023,0.021114667877554893,0.9614978582861509,0.9137985285166089,0.013170330479184339,0.21326970781868498,0.13199284440569514,-5.543059085573953
id26_0006.mp4,real,True,0.02087745894848669,27.08443220615387,17.674862015581283,5.7547003837652415,0.07481248950196265,1.0998586416244507,0.02615981176495552,0.9131244168660156,0.7228261519581216,0.03380714205128675,0.16344301006656284,0.2442850466179988,-4.326506365516962
id26_0007.mp4,real,True,0.049397921953867586,16.12479149341583,10.613066016492054,1.8875017781759198,0.17092065210588825,1.906541347503662,0.0128434207290411,0.8925734730674694,0.8032497886109039,0.02991605809148362,0.13941701785433988,0.5152918973696151,-3.127165535977956
id26_0008.mp4,real,True,0.022835988480953102,19.81711841583252,14.584916267799882,1.910593422285698,0.08746871434907656,1.100787878036499,0.02594243548810482,0.9358257138958133,0.848298243288767,0.02081808503974478,0.21642999677745037,0.17360703846813896,-5.476272986280782
